municipio,ano_mes,passageiros
ALEGRETE,2021-08,43.0
ALEGRETE,2021-09,51.0
ALEGRETE,2021-10,62.0
ALEGRETE,2021-11,84.0
ALEGRETE,2021-12,73.0
ALEGRETE,2022-01,51.0
ALEGRETE,2022-02,70.0
ALEGRETE,2022-03,64.0
ALEGRETE,2022-04,41.0
ALEGRETE,2022-05,15.0
ALEGRETE,2022-06,16.0
ALEGRETE,2022-07,44.0
ALEGRETE,2022-08,25.0
ALEGRETE,2022-09,26.0
ALEGRETE,2022-10,15.0
ALEGRETE,2022-11,3.0
ALEGRETE,2022-12,10.0
ALEGRETE,2023-01,11.0
ALEGRETE,2023-02,6.0
ALEGRETE,2023-03,6.0
ALEGRETE,2023-04,24.0
ALEGRETE,2023-05,29.0
ALEGRETE,2023-06,38.0
ALEGRETE,2023-07,44.0
ALEGRETE,2023-08,76.0
ALEGRETE,2023-09,16.0
ALEGRETE,2023-10,51.0
ALEGRETE,2023-11,36.0
ALEGRETE,2023-12,49.0
ALEGRETE,2024-01,33.0
ALEGRETE,2024-02,47.0
ALEGRETE,2024-03,30.0
ALEGRETE,2024-04,12.0
ALENQUER,2021-02,17.0
ALENQUER,2021-03,2.0
ALMEIRIM,2021-01,195.0
ALMEIRIM,2021-02,171.0
ALMEIRIM,2021-03,157.0
ALMEIRIM,2021-04,199.0
ALMEIRIM,2021-05,230.0
ALMEIRIM,2021-06,183.0
ALMEIRIM,2021-07,251.0
ALMEIRIM,2021-08,205.0
ALMEIRIM,2021-09,204.0
ALMEIRIM,2021-10,227.0
ALMEIRIM,2021-11,211.0
ALMEIRIM,2021-12,200.0
ALMEIRIM,2022-01,161.0
ALMEIRIM,2022-02,135.0
ALMEIRIM,2022-03,146.0
ALMEIRIM,2022-04,151.0
ALMEIRIM,2022-05,121.0
ALMEIRIM,2022-06,153.0
ALMEIRIM,2022-07,142.0
ALMEIRIM,2022-08,142.0
ALMEIRIM,2022-09,104.0
ALMEIRIM,2022-10,78.0
ALMEIRIM,2022-11,58.0
ALMEIRIM,2022-12,45.0
ALMEIRIM,2023-01,55.0
ALMEIRIM,2023-02,36.0
ALMEIRIM,2023-03,42.0
ALMEIRIM,2023-04,53.0
ALMEIRIM,2023-05,50.0
ALMEIRIM,2023-06,54.0
ALMEIRIM,2023-07,71.0
ALMEIRIM,2023-08,57.0
ALMEIRIM,2023-09,51.0
ALMEIRIM,2023-10,61.0
ALMEIRIM,2023-11,63.0
ALMEIRIM,2023-12,43.0
ALMEIRIM,2024-01,47.0
ALMEIRIM,2024-02,45.0
ALMEIRIM,2024-03,33.0
ALMEIRIM,2024-04,28.0
ALMEIRIM,2024-05,51.0
ALMEIRIM,2024-06,46.0
ALMEIRIM,2024-07,60.0
ALMEIRIM,2024-08,47.0
ALMEIRIM,2024-09,53.0
ALMEIRIM,2024-10,40.0
ALMEIRIM,2024-11,57.0
ALMEIRIM,2024-12,65.0
ALMEIRIM,2025-01,62.0
ALMEIRIM,2025-02,49.0
ALMEIRIM,2025-03,37.0
ALMEIRIM,2025-04,24.0
ALMEIRIM,2025-05,36.0
ALMEIRIM,2025-06,33.0
ALMEIRIM,2025-07,62.0
ALMEIRIM,2025-08,50.0
ALMEIRIM,2025-09,40.0
ALMEIRIM,2025-10,45.0
ALMEIRIM,2025-11,24.0
ALMEIRIM,2025-12,20.0
ALTA FLORESTA,2021-01,2537.0
ALTA FLORESTA,2021-02,1385.0
ALTA FLORESTA,2021-03,1131.0
ALTA FLORESTA,2021-04,938.0
ALTA FLORESTA,2021-05,1434.0
ALTA FLORESTA,2021-06,1838.0
ALTA FLORESTA,2021-07,2217.0
ALTA FLORESTA,2021-08,2986.0
ALTA FLORESTA,2021-09,2662.0
ALTA FLORESTA,2021-10,2837.0
ALTA FLORESTA,2021-11,2852.0
ALTA FLORESTA,2021-12,2701.0
ALTA FLORESTA,2022-01,1975.0
ALTA FLORESTA,2022-02,1552.0
ALTA FLORESTA,2022-03,2344.0
ALTA FLORESTA,2022-04,2095.0
ALTA FLORESTA,2022-05,2853.0
ALTA FLORESTA,2022-06,2389.0
ALTA FLORESTA,2022-07,2994.0
ALTA FLORESTA,2022-08,2637.0
ALTA FLORESTA,2022-09,2182.0
ALTA FLORESTA,2022-10,2091.0
ALTA FLORESTA,2022-11,1911.0
ALTA FLORESTA,2022-12,2403.0
ALTA FLORESTA,2023-01,2227.0
ALTA FLORESTA,2023-02,1706.0
ALTA FLORESTA,2023-03,1894.0
ALTA FLORESTA,2023-04,2171.0
ALTA FLORESTA,2023-05,2544.0
ALTA FLORESTA,2023-06,2298.0
ALTA FLORESTA,2023-07,2256.0
ALTA FLORESTA,2023-08,2511.0
ALTA FLORESTA,2023-09,2233.0
ALTA FLORESTA,2023-10,2105.0
ALTA FLORESTA,2023-11,1809.0
ALTA FLORESTA,2023-12,1777.0
ALTA FLORESTA,2024-01,1563.0
ALTA FLORESTA,2024-02,1374.0
ALTA FLORESTA,2024-03,1596.0
ALTA FLORESTA,2024-04,1636.0
ALTA FLORESTA,2024-05,2035.0
ALTA FLORESTA,2024-06,2074.0
ALTA FLORESTA,2024-07,2300.0
ALTA FLORESTA,2024-08,2015.0
ALTA FLORESTA,2024-09,1565.0
ALTA FLORESTA,2024-10,1762.0
ALTA FLORESTA,2024-11,1857.0
ALTA FLORESTA,2024-12,1621.0
ALTA FLORESTA,2025-01,1623.0
ALTA FLORESTA,2025-02,1701.0
ALTA FLORESTA,2025-03,2323.0
ALTA FLORESTA,2025-04,2479.0
ALTA FLORESTA,2025-05,2529.0
ALTA FLORESTA,2025-06,2388.0
ALTA FLORESTA,2025-07,1573.0
ALTA FLORESTA,2025-08,1552.0
ALTA FLORESTA,2025-09,1402.0
ALTA FLORESTA,2025-10,1408.0
ALTA FLORESTA,2025-11,1257.0
ALTA FLORESTA,2025-12,1492.0
ALTAMIRA,2021-01,3314.0
ALTAMIRA,2021-02,2518.0
ALTAMIRA,2021-03,2111.0
ALTAMIRA,2021-04,1805.0
ALTAMIRA,2021-05,2533.0
ALTAMIRA,2021-06,2754.0
ALTAMIRA,2021-07,3694.0
ALTAMIRA,2021-08,3241.0
ALTAMIRA,2021-09,3562.0
ALTAMIRA,2021-10,3654.0
ALTAMIRA,2021-11,3763.0
ALTAMIRA,2021-12,4014.0
ALTAMIRA,2022-01,3586.0
ALTAMIRA,2022-02,2611.0
ALTAMIRA,2022-03,3020.0
ALTAMIRA,2022-04,3197.0
ALTAMIRA,2022-05,3273.0
ALTAMIRA,2022-06,3535.0
ALTAMIRA,2022-07,4286.0
ALTAMIRA,2022-08,3858.0
ALTAMIRA,2022-09,3486.0
ALTAMIRA,2022-10,3141.0
ALTAMIRA,2022-11,3524.0
ALTAMIRA,2022-12,3927.0
ALTAMIRA,2023-01,3852.0
ALTAMIRA,2023-02,3164.0
ALTAMIRA,2023-03,3006.0
ALTAMIRA,2023-04,3439.0
ALTAMIRA,2023-05,3539.0
ALTAMIRA,2023-06,3960.0
ALTAMIRA,2023-07,4214.0
ALTAMIRA,2023-08,4014.0
ALTAMIRA,2023-09,3655.0
ALTAMIRA,2023-10,3732.0
ALTAMIRA,2023-11,4081.0
ALTAMIRA,2023-12,4787.0
ALTAMIRA,2024-01,5201.0
ALTAMIRA,2024-02,3971.0
ALTAMIRA,2024-03,4336.0
ALTAMIRA,2024-04,4230.0
ALTAMIRA,2024-05,4862.0
ALTAMIRA,2024-06,4950.0
ALTAMIRA,2024-07,4884.0
ALTAMIRA,2024-08,4143.0
ALTAMIRA,2024-09,3723.0
ALTAMIRA,2024-10,3824.0
ALTAMIRA,2024-11,3616.0
ALTAMIRA,2024-12,3655.0
ALTAMIRA,2025-01,3230.0
ALTAMIRA,2025-02,3224.0
ALTAMIRA,2025-03,3342.0
ALTAMIRA,2025-04,3652.0
ALTAMIRA,2025-05,3593.0
ALTAMIRA,2025-06,3937.0
ALTAMIRA,2025-07,3906.0
ALTAMIRA,2025-08,3876.0
ALTAMIRA,2025-09,3910.0
ALTAMIRA,2025-10,4025.0
ALTAMIRA,2025-11,3490.0
ALTAMIRA,2025-12,4097.0
ANGRA DOS REIS,2021-01,325.0
ANGRA DOS REIS,2021-02,47.0
ANGRA DOS REIS,2023-04,0.0
ANGRA DOS REIS,2023-12,0.0
ANGRA DOS REIS,2024-01,0.0
ANGRA DOS REIS,2024-12,0.0
ANGRA DOS REIS,2025-01,9.0
ANGRA DOS REIS,2025-03,0.0
ANGRA DOS REIS,2025-04,0.0
ANÁPOLIS,2021-08,0.0
APUCARANA,2021-09,12.0
APUCARANA,2021-10,25.0
APUCARANA,2021-11,18.0
APUCARANA,2021-12,2.0
APUCARANA,2022-01,3.0
APUCARANA,2022-02,71.0
APUCARANA,2022-03,65.0
APUCARANA,2022-04,69.0
APUCARANA,2022-05,29.0
APUCARANA,2022-06,10.0
APUCARANA,2022-07,16.0
APUCARANA,2022-08,36.0
APUCARANA,2022-09,28.0
APUCARANA,2022-10,17.0
APUCARANA,2022-11,10.0
APUCARANA,2022-12,1.0
APUÍ,2022-12,59.0
APUÍ,2023-01,66.0
APUÍ,2023-02,35.0
APUÍ,2023-03,46.0
APUÍ,2023-04,36.0
APUÍ,2023-05,42.0
APUÍ,2023-06,21.0
APUÍ,2023-07,38.0
APUÍ,2023-08,29.0
APUÍ,2023-09,24.0
APUÍ,2023-11,8.0
APUÍ,2024-03,55.0
APUÍ,2024-04,66.0
APUÍ,2024-05,61.0
APUÍ,2024-06,50.0
APUÍ,2024-07,62.0
APUÍ,2024-08,50.0
APUÍ,2024-09,38.0
APUÍ,2024-10,74.0
APUÍ,2024-11,66.0
APUÍ,2024-12,58.0
APUÍ,2025-01,40.0
APUÍ,2025-02,53.0
APUÍ,2025-03,24.0
APUÍ,2025-04,76.0
APUÍ,2025-05,64.0
APUÍ,2025-06,40.0
APUÍ,2025-07,64.0
APUÍ,2025-08,48.0
APUÍ,2025-09,66.0
APUÍ,2025-10,53.0
APUÍ,2025-11,51.0
APUÍ,2025-12,61.0
ARACAJU,2021-01,48144.0
ARACAJU,2021-02,34610.0
ARACAJU,2021-03,24360.0
ARACAJU,2021-04,15819.0
ARACAJU,2021-05,21791.0
ARACAJU,2021-06,27423.0
ARACAJU,2021-07,34899.0
ARACAJU,2021-08,33546.0
ARACAJU,2021-09,34379.0
ARACAJU,2021-10,37315.0
ARACAJU,2021-11,37686.0
ARACAJU,2021-12,43255.0
ARACAJU,2022-01,48974.0
ARACAJU,2022-02,35563.0
ARACAJU,2022-03,40663.0
ARACAJU,2022-04,34492.0
ARACAJU,2022-05,32525.0
ARACAJU,2022-06,31159.0
ARACAJU,2022-07,41792.0
ARACAJU,2022-08,41063.0
ARACAJU,2022-09,38983.0
ARACAJU,2022-10,39936.0
ARACAJU,2022-11,43781.0
ARACAJU,2022-12,40959.0
ARACAJU,2023-01,57107.0
ARACAJU,2023-02,42677.0
ARACAJU,2023-03,50873.0
ARACAJU,2023-04,44258.0
ARACAJU,2023-05,43203.0
ARACAJU,2023-06,40822.0
ARACAJU,2023-07,54786.0
ARACAJU,2023-08,50266.0
ARACAJU,2023-09,47976.0
ARACAJU,2023-10,48921.0
ARACAJU,2023-11,45900.0
ARACAJU,2023-12,50442.0
ARACAJU,2024-01,63207.0
ARACAJU,2024-02,50607.0
ARACAJU,2024-03,47349.0
ARACAJU,2024-04,44344.0
ARACAJU,2024-05,44272.0
ARACAJU,2024-06,43947.0
ARACAJU,2024-07,58506.0
ARACAJU,2024-08,52037.0
ARACAJU,2024-09,51015.0
ARACAJU,2024-10,58115.0
ARACAJU,2024-11,57341.0
ARACAJU,2024-12,56597.0
ARACAJU,2025-01,68613.0
ARACAJU,2025-02,50352.0
ARACAJU,2025-03,50073.0
ARACAJU,2025-04,50648.0
ARACAJU,2025-05,51935.0
ARACAJU,2025-06,50729.0
ARACAJU,2025-07,58248.0
ARACAJU,2025-08,57875.0
ARACAJU,2025-09,54657.0
ARACAJU,2025-10,61941.0
ARACAJU,2025-11,58576.0
ARACAJU,2025-12,58847.0
ARACATI,2021-01,757.0
ARACATI,2021-02,125.0
ARACATI,2021-07,123.0
ARACATI,2021-08,95.0
ARACATI,2021-09,111.0
ARACATI,2021-10,146.0
ARACATI,2021-11,135.0
ARACATI,2021-12,158.0
ARACATI,2022-01,218.0
ARACATI,2022-02,122.0
ARACATI,2022-03,129.0
ARACATI,2022-04,78.0
ARACATI,2022-05,212.0
ARACATI,2022-06,265.0
ARACATI,2022-07,285.0
ARACATI,2022-08,395.0
ARACATI,2022-09,108.0
ARACATI,2022-10,34.0
ARACATI,2022-11,7.0
ARACATI,2022-12,11.0
ARACATI,2023-01,23.0
ARACATI,2023-02,21.0
ARACATI,2023-03,11.0
ARACATI,2023-04,5.0
ARACATI,2023-05,10.0
ARACATI,2023-06,24.0
ARACATI,2023-07,20.0
ARACATI,2023-08,29.0
ARACATI,2023-09,22.0
ARACATI,2023-10,12.0
ARACATI,2023-11,35.0
ARACATI,2023-12,22.0
ARACATI,2024-01,40.0
ARACATI,2024-02,23.0
ARACATI,2024-03,19.0
ARACATI,2024-04,17.0
ARACATI,2024-05,20.0
ARACATI,2024-06,29.0
ARACATI,2024-07,34.0
ARACATI,2024-08,7.0
ARACATI,2025-03,0.0
ARAGUAÍNA,2021-01,742.0
ARAGUAÍNA,2021-02,560.0
ARAGUAÍNA,2021-03,616.0
ARAGUAÍNA,2021-04,386.0
ARAGUAÍNA,2021-05,784.0
ARAGUAÍNA,2021-06,817.0
ARAGUAÍNA,2021-07,1342.0
ARAGUAÍNA,2021-08,1264.0
ARAGUAÍNA,2021-09,983.0
ARAGUAÍNA,2021-10,1014.0
ARAGUAÍNA,2021-11,981.0
ARAGUAÍNA,2021-12,1200.0
ARAGUAÍNA,2022-01,907.0
ARAGUAÍNA,2022-02,688.0
ARAGUAÍNA,2022-03,466.0
ARAGUAÍNA,2022-04,403.0
ARAGUAÍNA,2022-05,608.0
ARAGUAÍNA,2022-06,557.0
ARAGUAÍNA,2022-07,612.0
ARAGUAÍNA,2022-08,521.0
ARAGUAÍNA,2022-09,569.0
ARAGUAÍNA,2022-10,707.0
ARAGUAÍNA,2022-11,1034.0
ARAGUAÍNA,2022-12,1137.0
ARAGUAÍNA,2023-01,849.0
ARAGUAÍNA,2023-02,620.0
ARAGUAÍNA,2023-03,807.0
ARAGUAÍNA,2023-04,743.0
ARAGUAÍNA,2023-05,557.0
ARAGUAÍNA,2023-06,556.0
ARAGUAÍNA,2023-07,635.0
ARAGUAÍNA,2023-08,537.0
ARAGUAÍNA,2023-09,662.0
ARAGUAÍNA,2023-10,560.0
ARAGUAÍNA,2023-11,585.0
ARAGUAÍNA,2023-12,532.0
ARAGUAÍNA,2024-01,449.0
ARAGUAÍNA,2024-02,351.0
ARAGUAÍNA,2024-03,193.0
ARAGUAÍNA,2025-10,222.0
ARAGUAÍNA,2025-11,908.0
ARAGUAÍNA,2025-12,1102.0
ARAPONGAS,2021-12,3.0
ARAPONGAS,2022-01,4.0
ARAPONGAS,2022-02,81.0
ARAPONGAS,2022-03,68.0
ARAPONGAS,2022-04,58.0
ARAPONGAS,2022-05,55.0
ARAPONGAS,2022-06,24.0
ARAPONGAS,2022-07,22.0
ARAPONGAS,2022-08,5.0
ARAPONGAS,2022-09,2.0
ARAPONGAS,2022-10,4.0
ARAPONGAS,2022-11,2.0
ARAPONGAS,2022-12,5.0
ARARAQUARA,2024-10,443.0
ARARAQUARA,2024-11,226.0
ARARAQUARA,2024-12,280.0
ARARAQUARA,2025-01,192.0
ARARAQUARA,2025-02,133.0
ARARAQUARA,2025-03,105.0
ARARAQUARA,2025-04,92.0
ARARAQUARA,2025-05,70.0
ARARAQUARA,2025-06,52.0
ARARAQUARA,2025-07,66.0
ARARAQUARA,2025-08,6.0
ARARAQUARA,2025-09,71.0
ARARAQUARA,2025-10,46.0
ARARAQUARA,2025-11,27.0
ARARAQUARA,2025-12,25.0
ARARIPINA,2022-10,18.0
ARARIPINA,2022-11,13.0
ARARIPINA,2022-12,31.0
ARARIPINA,2023-01,18.0
ARARIPINA,2023-02,11.0
ARARIPINA,2023-03,9.0
ARARIPINA,2023-04,18.0
ARARIPINA,2023-05,45.0
ARARIPINA,2023-06,37.0
ARARIPINA,2023-07,41.0
ARARIPINA,2023-08,51.0
ARARIPINA,2023-09,43.0
ARARIPINA,2023-10,42.0
ARARIPINA,2023-11,43.0
ARARIPINA,2023-12,46.0
ARARIPINA,2024-01,29.0
ARARIPINA,2024-02,25.0
ARARIPINA,2024-03,34.0
ARARIPINA,2024-04,28.0
ARARIPINA,2024-05,29.0
ARARIPINA,2024-06,33.0
ARARIPINA,2024-07,45.0
ARARIPINA,2024-08,72.0
ARARIPINA,2024-09,74.0
ARARIPINA,2024-10,59.0
ARARIPINA,2024-11,29.0
ARARIPINA,2024-12,40.0
ARARIPINA,2025-01,47.0
ARARIPINA,2025-02,52.0
ARARIPINA,2025-03,26.0
ARARIPINA,2025-04,33.0
ARARIPINA,2025-05,33.0
ARARIPINA,2025-06,9.0
ARARIPINA,2025-07,34.0
ARARIPINA,2025-08,28.0
ARARIPINA,2025-09,20.0
ARARIPINA,2025-10,28.0
ARARIPINA,2025-11,27.0
ARARIPINA,2025-12,19.0
ARAXÁ,2023-06,103.0
ARAXÁ,2023-07,378.0
ARAXÁ,2023-08,105.0
ARAXÁ,2023-09,100.0
ARAXÁ,2023-10,192.0
ARAXÁ,2023-11,101.0
ARAXÁ,2023-12,136.0
ARAXÁ,2024-01,521.0
ARAXÁ,2024-02,447.0
ARAXÁ,2024-03,576.0
ARAXÁ,2024-04,468.0
ARAXÁ,2024-05,509.0
ARAXÁ,2024-06,763.0
ARAXÁ,2024-07,862.0
ARAXÁ,2024-08,1055.0
ARAXÁ,2024-09,985.0
ARAXÁ,2024-10,870.0
ARAXÁ,2024-11,871.0
ARAXÁ,2024-12,942.0
ARAXÁ,2025-01,527.0
ARAXÁ,2025-02,335.0
ARAXÁ,2025-03,247.0
ARAXÁ,2025-04,253.0
ARAXÁ,2025-05,215.0
ARAXÁ,2025-06,325.0
ARAXÁ,2025-07,397.0
ARAXÁ,2025-08,295.0
ARAXÁ,2025-09,342.0
ARAXÁ,2025-10,356.0
ARAXÁ,2025-11,237.0
ARAXÁ,2025-12,100.0
ARAÇATUBA,2021-01,4330.0
ARAÇATUBA,2021-02,3020.0
ARAÇATUBA,2021-03,2041.0
ARAÇATUBA,2021-04,1348.0
ARAÇATUBA,2021-05,2350.0
ARAÇATUBA,2021-06,2898.0
ARAÇATUBA,2021-07,3709.0
ARAÇATUBA,2021-08,3660.0
ARAÇATUBA,2021-09,4105.0
ARAÇATUBA,2021-10,4174.0
ARAÇATUBA,2021-11,4134.0
ARAÇATUBA,2021-12,4275.0
ARAÇATUBA,2022-01,2857.0
ARAÇATUBA,2022-02,2915.0
ARAÇATUBA,2022-03,3869.0
ARAÇATUBA,2022-04,3588.0
ARAÇATUBA,2022-05,4236.0
ARAÇATUBA,2022-06,4235.0
ARAÇATUBA,2022-07,5838.0
ARAÇATUBA,2022-08,4162.0
ARAÇATUBA,2022-09,4308.0
ARAÇATUBA,2022-10,4337.0
ARAÇATUBA,2022-11,4178.0
ARAÇATUBA,2022-12,4344.0
ARAÇATUBA,2023-01,4699.0
ARAÇATUBA,2023-02,3939.0
ARAÇATUBA,2023-03,4450.0
ARAÇATUBA,2023-04,4389.0
ARAÇATUBA,2023-05,3181.0
ARAÇATUBA,2023-06,2704.0
ARAÇATUBA,2023-07,4501.0
ARAÇATUBA,2023-08,3903.0
ARAÇATUBA,2023-09,3825.0
ARAÇATUBA,2023-10,3394.0
ARAÇATUBA,2023-11,3315.0
ARAÇATUBA,2023-12,3368.0
ARAÇATUBA,2024-01,3521.0
ARAÇATUBA,2024-02,2599.0
ARAÇATUBA,2024-03,4002.0
ARAÇATUBA,2024-04,4355.0
ARAÇATUBA,2024-05,4488.0
ARAÇATUBA,2024-06,4476.0
ARAÇATUBA,2024-07,4660.0
ARAÇATUBA,2024-08,4140.0
ARAÇATUBA,2024-09,3864.0
ARAÇATUBA,2024-10,4212.0
ARAÇATUBA,2024-11,3879.0
ARAÇATUBA,2024-12,3606.0
ARAÇATUBA,2025-01,2983.0
ARAÇATUBA,2025-02,3141.0
ARAÇATUBA,2025-03,3784.0
ARAÇATUBA,2025-04,3685.0
ARAÇATUBA,2025-05,4188.0
ARAÇATUBA,2025-06,4346.0
ARAÇATUBA,2025-07,4789.0
ARAÇATUBA,2025-08,4372.0
ARAÇATUBA,2025-09,3971.0
ARAÇATUBA,2025-10,4350.0
ARAÇATUBA,2025-11,3761.0
ARAÇATUBA,2025-12,3867.0
AREALVA,2021-01,2874.0
AREALVA,2021-02,2336.0
AREALVA,2021-03,1917.0
AREALVA,2021-04,1410.0
AREALVA,2021-05,1835.0
AREALVA,2021-06,2385.0
AREALVA,2021-07,2600.0
AREALVA,2021-08,3958.0
AREALVA,2021-09,3568.0
AREALVA,2021-10,3971.0
AREALVA,2021-11,4190.0
AREALVA,2021-12,3376.0
AREALVA,2022-01,2525.0
AREALVA,2022-02,2328.0
AREALVA,2022-03,3716.0
AREALVA,2022-04,3323.0
AREALVA,2022-05,3513.0
AREALVA,2022-06,3509.0
AREALVA,2022-07,3557.0
AREALVA,2022-08,3493.0
AREALVA,2022-09,3095.0
AREALVA,2022-10,3329.0
AREALVA,2022-11,3177.0
AREALVA,2022-12,3746.0
AREALVA,2023-01,3144.0
AREALVA,2023-02,1473.0
AREALVA,2023-03,1870.0
AREALVA,2023-04,1853.0
AREALVA,2023-05,1796.0
AREALVA,2023-06,1672.0
AREALVA,2023-07,2769.0
AREALVA,2023-08,1902.0
AREALVA,2023-09,2069.0
AREALVA,2023-10,1541.0
AREALVA,2023-11,2115.0
AREALVA,2023-12,3760.0
AREALVA,2024-01,3880.0
AREALVA,2024-02,2488.0
AREALVA,2024-03,3908.0
AREALVA,2024-04,4033.0
AREALVA,2024-05,3587.0
AREALVA,2024-06,3644.0
AREALVA,2024-07,4424.0
AREALVA,2024-08,3731.0
AREALVA,2024-09,3713.0
AREALVA,2024-10,3062.0
AREALVA,2024-11,2979.0
AREALVA,2024-12,4331.0
AREALVA,2025-01,3303.0
AREALVA,2025-02,2966.0
AREALVA,2025-03,2858.0
AREALVA,2025-04,3164.0
AREALVA,2025-05,3458.0
AREALVA,2025-06,2928.0
AREALVA,2025-07,3962.0
AREALVA,2025-08,2551.0
AREALVA,2025-09,2138.0
AREALVA,2025-10,2280.0
AREALVA,2025-11,2518.0
AREALVA,2025-12,3398.0
ARIPUANÃ,2021-01,116.0
ARIPUANÃ,2021-02,141.0
ARIPUANÃ,2021-03,135.0
ARIPUANÃ,2021-04,139.0
ARIPUANÃ,2021-05,162.0
ARIPUANÃ,2021-06,163.0
ARIPUANÃ,2021-07,190.0
ARIPUANÃ,2021-08,100.0
ARIPUANÃ,2021-09,89.0
ARIPUANÃ,2021-10,103.0
ARIPUANÃ,2021-11,56.0
ARIPUANÃ,2021-12,45.0
ARIPUANÃ,2022-01,35.0
ARIPUANÃ,2022-02,55.0
ARIPUANÃ,2022-03,104.0
ARIPUANÃ,2022-04,187.0
ARIPUANÃ,2022-05,217.0
ARIPUANÃ,2022-06,180.0
ARIPUANÃ,2022-07,170.0
ARIPUANÃ,2022-08,101.0
ARIPUANÃ,2022-09,65.0
ARIPUANÃ,2022-10,67.0
ARIPUANÃ,2022-11,43.0
ARIPUANÃ,2022-12,36.0
ARIPUANÃ,2023-01,12.0
ARIPUANÃ,2023-02,31.0
ARIPUANÃ,2023-03,22.0
ARIPUANÃ,2023-04,12.0
ARIPUANÃ,2023-05,27.0
ARIPUANÃ,2023-06,69.0
ARIPUANÃ,2023-07,85.0
ARIPUANÃ,2023-08,54.0
ARIPUANÃ,2023-09,24.0
ARIPUANÃ,2023-10,44.0
ARIPUANÃ,2023-11,34.0
ARIPUANÃ,2023-12,41.0
ARIPUANÃ,2024-01,7.0
ARIPUANÃ,2024-02,28.0
ARIPUANÃ,2024-03,31.0
ARIPUANÃ,2024-04,37.0
ARIPUANÃ,2024-05,35.0
ARIPUANÃ,2024-06,77.0
ARIPUANÃ,2024-07,79.0
ARIPUANÃ,2024-08,113.0
ARIPUANÃ,2024-09,2.0
ARIPUANÃ,2024-10,116.0
ARIPUANÃ,2024-11,101.0
ARIPUANÃ,2024-12,58.0
ARIPUANÃ,2025-01,59.0
ARIPUANÃ,2025-02,72.0
ARIPUANÃ,2025-03,67.0
ARIPUANÃ,2025-04,120.0
ARIPUANÃ,2025-05,97.0
ARIPUANÃ,2025-06,77.0
ARIPUANÃ,2025-07,124.0
ARIPUANÃ,2025-08,38.0
ARIPUANÃ,2025-09,141.0
ARIPUANÃ,2025-10,178.0
ARIPUANÃ,2025-11,131.0
ARIPUANÃ,2025-12,133.0
ARMAÇÃO DOS BÚZIOS,2022-10,0.0
ARMAÇÃO DOS BÚZIOS,2023-05,0.0
ARMAÇÃO DOS BÚZIOS,2025-12,0.0
BAGÉ,2021-08,57.0
BAGÉ,2021-09,56.0
BAGÉ,2021-10,124.0
BAGÉ,2021-11,115.0
BAGÉ,2021-12,152.0
BAGÉ,2022-01,132.0
BAGÉ,2022-02,137.0
BAGÉ,2022-03,117.0
BAGÉ,2022-04,93.0
BAGÉ,2022-05,95.0
BAGÉ,2022-06,52.0
BAGÉ,2022-07,80.0
BAGÉ,2022-08,112.0
BAGÉ,2022-09,49.0
BAGÉ,2022-10,14.0
BAGÉ,2022-11,5.0
BAGÉ,2022-12,8.0
BAGÉ,2023-01,10.0
BAGÉ,2023-02,14.0
BAGÉ,2023-03,50.0
BAGÉ,2023-04,61.0
BAGÉ,2023-05,27.0
BAGÉ,2023-06,23.0
BAGÉ,2023-07,45.0
BAGÉ,2023-08,15.0
BAGÉ,2023-09,15.0
BAGÉ,2023-10,13.0
BAGÉ,2023-11,28.0
BAGÉ,2023-12,39.0
BAGÉ,2024-01,13.0
BAGÉ,2024-02,23.0
BAGÉ,2024-03,23.0
BAGÉ,2024-04,27.0
BARCELOS,2022-05,56.0
BARCELOS,2022-06,42.0
BARCELOS,2022-07,72.0
BARCELOS,2022-08,72.0
BARCELOS,2022-09,37.0
BARCELOS,2022-10,39.0
BARCELOS,2022-11,16.0
BARCELOS,2022-12,32.0
BARCELOS,2023-01,26.0
BARCELOS,2023-02,22.0
BARCELOS,2023-03,26.0
BARCELOS,2023-04,10.0
BARCELOS,2023-05,28.0
BARCELOS,2023-06,6.0
BARCELOS,2023-09,64.0
BARCELOS,2023-10,107.0
BARCELOS,2023-11,143.0
BARCELOS,2023-12,103.0
BARCELOS,2024-01,8.0
BARCELOS,2024-02,11.0
BARCELOS,2024-03,9.0
BARCELOS,2024-04,18.0
BARCELOS,2024-05,22.0
BARCELOS,2024-06,7.0
BARCELOS,2025-09,44.0
BARCELOS,2025-10,50.0
BARCELOS,2025-11,85.0
BARCELOS,2025-12,38.0
BARRA DO CORDA,2025-02,0.0
BARRA DO CORDA,2025-04,0.0
BARRA DO GARÇAS,2021-01,166.0
BARRA DO GARÇAS,2021-02,167.0
BARRA DO GARÇAS,2021-03,92.0
BARRA DO GARÇAS,2021-04,82.0
BARRA DO GARÇAS,2021-05,79.0
BARRA DO GARÇAS,2021-06,57.0
BARRA DO GARÇAS,2021-07,77.0
BARRA DO GARÇAS,2021-08,103.0
BARRA DO GARÇAS,2021-09,103.0
BARRA DO GARÇAS,2021-10,144.0
BARRA DO GARÇAS,2021-11,140.0
BARRA DO GARÇAS,2021-12,121.0
BARRA DO GARÇAS,2022-01,80.0
BARRA DO GARÇAS,2022-02,86.0
BARRA DO GARÇAS,2022-03,131.0
BARRA DO GARÇAS,2022-04,97.0
BARRA DO GARÇAS,2022-05,139.0
BARRA DO GARÇAS,2022-06,90.0
BARRA DO GARÇAS,2022-07,113.0
BARRA DO GARÇAS,2022-08,120.0
BARRA DO GARÇAS,2022-09,94.0
BARRA DO GARÇAS,2022-10,57.0
BARRA DO GARÇAS,2022-11,28.0
BARRA DO GARÇAS,2022-12,30.0
BARRA DO GARÇAS,2023-01,19.0
BARRA DO GARÇAS,2023-02,23.0
BARRA DO GARÇAS,2023-03,36.0
BARRA DO GARÇAS,2023-04,19.0
BARRA DO GARÇAS,2023-05,51.0
BARRA DO GARÇAS,2023-06,55.0
BARRA DO GARÇAS,2023-07,57.0
BARRA DO GARÇAS,2023-08,77.0
BARRA DO GARÇAS,2023-09,82.0
BARRA DO GARÇAS,2023-10,60.0
BARRA DO GARÇAS,2023-11,78.0
BARRA DO GARÇAS,2023-12,60.0
BARRA DO GARÇAS,2024-01,45.0
BARRA DO GARÇAS,2024-02,55.0
BARRA DO GARÇAS,2024-03,65.0
BARRA DO GARÇAS,2024-04,71.0
BARRA DO GARÇAS,2024-05,99.0
BARRA DO GARÇAS,2024-06,90.0
BARRA DO GARÇAS,2024-07,111.0
BARRA DO GARÇAS,2024-08,95.0
BARRA DO GARÇAS,2024-09,85.0
BARRA DO GARÇAS,2024-10,65.0
BARRA DO GARÇAS,2024-11,47.0
BARRA DO GARÇAS,2024-12,9.0
BARRA DO GARÇAS,2025-01,27.0
BARRA DO GARÇAS,2025-02,21.0
BARRA DO GARÇAS,2025-03,49.0
BARRA DO GARÇAS,2025-04,63.0
BARRA DO GARÇAS,2025-05,67.0
BARRA DO GARÇAS,2025-06,50.0
BARRA DO GARÇAS,2025-07,60.0
BARRA DO GARÇAS,2025-08,18.0
BARRA DO GARÇAS,2025-09,45.0
BARRA DO GARÇAS,2025-10,57.0
BARRA DO GARÇAS,2025-11,46.0
BARRA DO GARÇAS,2025-12,37.0
BARREIRAS,2021-01,2771.0
BARREIRAS,2021-02,2343.0
BARREIRAS,2021-03,2081.0
BARREIRAS,2021-04,1189.0
BARREIRAS,2021-05,1791.0
BARREIRAS,2021-06,2484.0
BARREIRAS,2021-07,2832.0
BARREIRAS,2021-08,2837.0
BARREIRAS,2021-09,2997.0
BARREIRAS,2021-10,3046.0
BARREIRAS,2021-11,2751.0
BARREIRAS,2021-12,3500.0
BARREIRAS,2022-01,2749.0
BARREIRAS,2022-02,2224.0
BARREIRAS,2022-03,2297.0
BARREIRAS,2022-04,2036.0
BARREIRAS,2022-05,2659.0
BARREIRAS,2022-06,2555.0
BARREIRAS,2022-07,3319.0
BARREIRAS,2022-08,3331.0
BARREIRAS,2022-09,3370.0
BARREIRAS,2022-10,3039.0
BARREIRAS,2022-11,2605.0
BARREIRAS,2022-12,3462.0
BARREIRAS,2023-01,3656.0
BARREIRAS,2023-02,3308.0
BARREIRAS,2023-03,3639.0
BARREIRAS,2023-04,3524.0
BARREIRAS,2023-05,3871.0
BARREIRAS,2023-06,4172.0
BARREIRAS,2023-07,4246.0
BARREIRAS,2023-08,4084.0
BARREIRAS,2023-09,3756.0
BARREIRAS,2023-10,3366.0
BARREIRAS,2023-11,2708.0
BARREIRAS,2023-12,2890.0
BARREIRAS,2024-01,2566.0
BARREIRAS,2024-02,2607.0
BARREIRAS,2024-03,3241.0
BARREIRAS,2024-04,1860.0
BARREIRAS,2024-05,2357.0
BARREIRAS,2024-06,2766.0
BARREIRAS,2024-07,2010.0
BARREIRAS,2024-08,3253.0
BARREIRAS,2024-09,2873.0
BARREIRAS,2024-10,1956.0
BARREIRAS,2024-11,1897.0
BARREIRAS,2024-12,1340.0
BARREIRAS,2025-01,2107.0
BARREIRAS,2025-02,2235.0
BARREIRAS,2025-03,2158.0
BARREIRAS,2025-04,1983.0
BARREIRAS,2025-05,2614.0
BARREIRAS,2025-06,2532.0
BARREIRAS,2025-07,2654.0
BARREIRAS,2025-08,3009.0
BARREIRAS,2025-09,2645.0
BARREIRAS,2025-10,1871.0
BARREIRAS,2025-11,1568.0
BARREIRAS,2025-12,1767.0
BARREIRINHAS,2022-09,51.0
BARREIRINHAS,2022-10,28.0
BARREIRINHAS,2022-11,22.0
BARREIRINHAS,2022-12,7.0
BARREIRINHAS,2023-01,35.0
BARREIRINHAS,2023-02,15.0
BARREIRINHAS,2023-03,9.0
BARREIRINHAS,2023-04,13.0
BARREIRINHAS,2023-05,12.0
BARREIRINHAS,2023-06,21.0
BARREIRINHAS,2023-07,35.0
BARREIRINHAS,2023-08,27.0
BARREIRINHAS,2023-09,26.0
BARREIRINHAS,2023-10,12.0
BARREIRINHAS,2023-11,2.0
BARREIRINHAS,2023-12,0.0
BARREIRINHAS,2024-01,2.0
BARREIRINHAS,2024-02,1.0
BARREIRINHAS,2024-03,1.0
BARREIRINHAS,2024-04,0.0
BARREIRINHAS,2024-05,25.0
BARREIRINHAS,2024-06,45.0
BARREIRINHAS,2024-07,64.0
BARREIRINHAS,2024-08,61.0
BARREIRINHAS,2024-09,23.0
BARREIRINHAS,2024-10,12.0
BARREIRINHAS,2024-11,13.0
BARREIRINHAS,2024-12,0.0
BARREIRINHAS,2025-01,22.0
BARREIRINHAS,2025-02,1.0
BARRETOS,2024-12,23.0
BARRETOS,2025-01,31.0
BARRETOS,2025-02,21.0
BARRETOS,2025-03,26.0
BARRETOS,2025-04,18.0
BARRETOS,2025-05,11.0
BARRETOS,2025-06,9.0
BARRETOS,2025-07,11.0
BARRETOS,2025-08,10.0
BARRETOS,2025-09,24.0
BARRETOS,2025-10,18.0
BARRETOS,2025-11,14.0
BARRETOS,2025-12,32.0
BAURU,2024-06,0.0
BELO HORIZONTE,2021-01,0.0
BELO HORIZONTE,2021-02,0.0
BELO HORIZONTE,2021-03,0.0
BELO HORIZONTE,2021-04,0.0
BELO HORIZONTE,2021-05,0.0
BELO HORIZONTE,2021-06,0.0
BELO HORIZONTE,2021-07,8.0
BELO HORIZONTE,2021-08,0.0
BELO HORIZONTE,2021-09,0.0
BELO HORIZONTE,2021-10,0.0
BELO HORIZONTE,2021-11,0.0
BELO HORIZONTE,2021-12,0.0
BELO HORIZONTE,2022-01,0.0
BELO HORIZONTE,2022-02,0.0
BELO HORIZONTE,2022-03,0.0
BELO HORIZONTE,2022-04,0.0
BELO HORIZONTE,2022-05,0.0
BELO HORIZONTE,2022-06,0.0
BELO HORIZONTE,2022-07,0.0
BELO HORIZONTE,2022-08,0.0
BELO HORIZONTE,2022-09,0.0
BELO HORIZONTE,2022-10,0.0
BELO HORIZONTE,2022-11,0.0
BELO HORIZONTE,2022-12,0.0
BELO HORIZONTE,2023-01,0.0
BELO HORIZONTE,2023-02,0.0
BELO HORIZONTE,2023-03,0.0
BELO HORIZONTE,2023-04,0.0
BELO HORIZONTE,2023-05,0.0
BELO HORIZONTE,2023-06,0.0
BELO HORIZONTE,2023-07,0.0
BELO HORIZONTE,2023-08,0.0
BELO HORIZONTE,2023-09,0.0
BELO HORIZONTE,2023-10,0.0
BELO HORIZONTE,2023-11,0.0
BELO HORIZONTE,2023-12,0.0
BELO HORIZONTE,2024-01,0.0
BELO HORIZONTE,2024-02,0.0
BELO HORIZONTE,2024-03,0.0
BELO HORIZONTE,2024-04,0.0
BELO HORIZONTE,2024-05,0.0
BELO HORIZONTE,2024-06,0.0
BELO HORIZONTE,2024-07,0.0
BELO HORIZONTE,2024-08,0.0
BELO HORIZONTE,2024-09,0.0
BELO HORIZONTE,2024-10,0.0
BELO HORIZONTE,2024-11,0.0
BELO HORIZONTE,2024-12,0.0
BELO HORIZONTE,2025-01,0.0
BELO HORIZONTE,2025-02,0.0
BELO HORIZONTE,2025-03,0.0
BELO HORIZONTE,2025-04,0.0
BELO HORIZONTE,2025-05,0.0
BELO HORIZONTE,2025-06,0.0
BELO HORIZONTE,2025-07,0.0
BELO HORIZONTE,2025-08,0.0
BELO HORIZONTE,2025-09,0.0
BELO HORIZONTE,2025-10,0.0
BELO HORIZONTE,2025-11,0.0
BELO HORIZONTE,2025-12,0.0
BELÉM,2021-01,133317.0
BELÉM,2021-02,89619.0
BELÉM,2021-03,72527.0
BELÉM,2021-04,59918.0
BELÉM,2021-05,82075.0
BELÉM,2021-06,96875.0
BELÉM,2021-07,139814.0
BELÉM,2021-08,119877.0
BELÉM,2021-09,119299.0
BELÉM,2021-10,131962.0
BELÉM,2021-11,144201.0
BELÉM,2021-12,165514.0
BELÉM,2022-01,162505.0
BELÉM,2022-02,129984.0
BELÉM,2022-03,125799.0
BELÉM,2022-04,105538.0
BELÉM,2022-05,124557.0
BELÉM,2022-06,127072.0
BELÉM,2022-07,166625.0
BELÉM,2022-08,142027.0
BELÉM,2022-09,125460.0
BELÉM,2022-10,130292.0
BELÉM,2022-11,128799.0
BELÉM,2022-12,145322.0
BELÉM,2023-01,156937.0
BELÉM,2023-02,125114.0
BELÉM,2023-03,128364.0
BELÉM,2023-04,123817.0
BELÉM,2023-05,139071.0
BELÉM,2023-06,143479.0
BELÉM,2023-07,164210.0
BELÉM,2023-08,165152.0
BELÉM,2023-09,142409.0
BELÉM,2023-10,149012.0
BELÉM,2023-11,145963.0
BELÉM,2023-12,160134.0
BELÉM,2024-01,170392.0
BELÉM,2024-02,142175.0
BELÉM,2024-03,148230.0
BELÉM,2024-04,145292.0
BELÉM,2024-05,165323.0
BELÉM,2024-06,177153.0
BELÉM,2024-07,207280.0
BELÉM,2024-08,181089.0
BELÉM,2024-09,166897.0
BELÉM,2024-10,178514.0
BELÉM,2024-11,161471.0
BELÉM,2024-12,165762.0
BELÉM,2025-01,165637.0
BELÉM,2025-02,150279.0
BELÉM,2025-03,145217.0
BELÉM,2025-04,153946.0
BELÉM,2025-05,163977.0
BELÉM,2025-06,174970.0
BELÉM,2025-07,155305.0
BELÉM,2025-08,164325.0
BELÉM,2025-09,156719.0
BELÉM,2025-10,162795.0
BELÉM,2025-11,196895.0
BELÉM,2025-12,170959.0
BLUMENAU,2023-10,32.0
BOA VISTA,2021-01,13507.0
BOA VISTA,2021-02,10809.0
BOA VISTA,2021-03,10360.0
BOA VISTA,2021-04,7285.0
BOA VISTA,2021-05,11457.0
BOA VISTA,2021-06,12204.0
BOA VISTA,2021-07,14301.0
BOA VISTA,2021-08,14381.0
BOA VISTA,2021-09,15314.0
BOA VISTA,2021-10,16489.0
BOA VISTA,2021-11,17670.0
BOA VISTA,2021-12,24159.0
BOA VISTA,2022-01,21200.0
BOA VISTA,2022-02,14660.0
BOA VISTA,2022-03,15205.0
BOA VISTA,2022-04,14573.0
BOA VISTA,2022-05,17668.0
BOA VISTA,2022-06,16810.0
BOA VISTA,2022-07,18754.0
BOA VISTA,2022-08,18012.0
BOA VISTA,2022-09,17258.0
BOA VISTA,2022-10,19172.0
BOA VISTA,2022-11,17372.0
BOA VISTA,2022-12,19716.0
BOA VISTA,2023-01,19936.0
BOA VISTA,2023-02,16449.0
BOA VISTA,2023-03,18155.0
BOA VISTA,2023-04,17295.0
BOA VISTA,2023-05,19850.0
BOA VISTA,2023-06,19334.0
BOA VISTA,2023-07,19960.0
BOA VISTA,2023-08,18063.0
BOA VISTA,2023-09,16231.0
BOA VISTA,2023-10,16495.0
BOA VISTA,2023-11,17770.0
BOA VISTA,2023-12,21161.0
BOA VISTA,2024-01,15544.0
BOA VISTA,2024-02,12464.0
BOA VISTA,2024-03,19337.0
BOA VISTA,2024-04,16901.0
BOA VISTA,2024-05,18999.0
BOA VISTA,2024-06,20125.0
BOA VISTA,2024-07,21781.0
BOA VISTA,2024-08,22582.0
BOA VISTA,2024-09,23369.0
BOA VISTA,2024-10,25006.0
BOA VISTA,2024-11,24042.0
BOA VISTA,2024-12,23405.0
BOA VISTA,2025-01,21336.0
BOA VISTA,2025-02,20034.0
BOA VISTA,2025-03,18910.0
BOA VISTA,2025-04,16692.0
BOA VISTA,2025-05,16425.0
BOA VISTA,2025-06,16146.0
BOA VISTA,2025-07,16478.0
BOA VISTA,2025-08,16998.0
BOA VISTA,2025-09,16306.0
BOA VISTA,2025-10,15947.0
BOA VISTA,2025-11,14913.0
BOA VISTA,2025-12,16253.0
BONITO,2021-01,459.0
BONITO,2021-02,758.0
BONITO,2021-03,528.0
BONITO,2021-04,296.0
BONITO,2021-05,293.0
BONITO,2021-06,275.0
BONITO,2021-07,953.0
BONITO,2021-08,786.0
BONITO,2021-09,901.0
BONITO,2021-10,957.0
BONITO,2021-11,759.0
BONITO,2021-12,1327.0
BONITO,2022-01,2456.0
BONITO,2022-02,1222.0
BONITO,2022-03,1667.0
BONITO,2022-04,2115.0
BONITO,2022-05,2536.0
BONITO,2022-06,1622.0
BONITO,2022-07,3459.0
BONITO,2022-08,2042.0
BONITO,2022-09,2259.0
BONITO,2022-10,2476.0
BONITO,2022-11,1941.0
BONITO,2022-12,1623.0
BONITO,2023-01,2194.0
BONITO,2023-02,1484.0
BONITO,2023-03,1738.0
BONITO,2023-04,1460.0
BONITO,2023-05,1582.0
BONITO,2023-06,1571.0
BONITO,2023-07,2818.0
BONITO,2023-08,2092.0
BONITO,2023-09,1969.0
BONITO,2023-10,1992.0
BONITO,2023-11,2330.0
BONITO,2023-12,2184.0
BONITO,2024-01,3760.0
BONITO,2024-02,2254.0
BONITO,2024-03,1792.0
BONITO,2024-04,1757.0
BONITO,2024-05,1613.0
BONITO,2024-06,1650.0
BONITO,2024-07,3776.0
BONITO,2024-08,2127.0
BONITO,2024-09,1674.0
BONITO,2024-10,1668.0
BONITO,2024-11,1655.0
BONITO,2024-12,1927.0
BONITO,2025-01,3171.0
BONITO,2025-02,2307.0
BONITO,2025-03,2399.0
BONITO,2025-04,2450.0
BONITO,2025-05,2368.0
BONITO,2025-06,2016.0
BONITO,2025-07,3319.0
BONITO,2025-08,2517.0
BONITO,2025-09,3183.0
BONITO,2025-10,3543.0
BONITO,2025-11,3444.0
BONITO,2025-12,3360.0
BORBA,2022-12,18.0
BORBA,2023-01,29.0
BORBA,2023-02,14.0
BORBA,2023-03,13.0
BORBA,2023-04,10.0
BORBA,2023-05,23.0
BORBA,2023-06,21.0
BORBA,2023-07,24.0
BORBA,2023-08,16.0
BORBA,2023-09,15.0
BORBA,2023-10,8.0
BORBA,2023-11,4.0
BORBA,2023-12,1.0
BORBA,2024-01,8.0
BORBA,2024-02,7.0
BORBA,2024-03,4.0
BORBA,2024-04,5.0
BORBA,2024-05,4.0
BORBA,2024-06,13.0
BORBA,2024-07,15.0
BORBA,2024-08,4.0
BORBA,2024-09,19.0
BORBA,2024-10,17.0
BORBA,2024-11,5.0
BORBA,2024-12,8.0
BORBA,2025-01,9.0
BORBA,2025-02,1.0
BORBA,2025-03,13.0
BORBA,2025-04,9.0
BORBA,2025-05,15.0
BORBA,2025-06,19.0
BORBA,2025-07,12.0
BORBA,2025-08,11.0
BORBA,2025-09,13.0
BORBA,2025-10,10.0
BORBA,2025-11,8.0
BORBA,2025-12,12.0
BRAGANÇA PAULISTA,2021-09,0.0
BRAGANÇA PAULISTA,2021-12,0.0
BRAGANÇA PAULISTA,2022-12,0.0
BRAGANÇA PAULISTA,2023-03,0.0
BRAGANÇA PAULISTA,2023-10,0.0
BRAGANÇA PAULISTA,2024-05,0.0
BRAGANÇA PAULISTA,2025-10,0.0
BRASÍLIA,2021-01,489199.0
BRASÍLIA,2021-02,340315.0
BRASÍLIA,2021-03,237019.0
BRASÍLIA,2021-04,192975.0
BRASÍLIA,2021-05,309176.0
BRASÍLIA,2021-06,351948.0
BRASÍLIA,2021-07,471208.0
BRASÍLIA,2021-08,462093.0
BRASÍLIA,2021-09,510201.0
BRASÍLIA,2021-10,565576.0
BRASÍLIA,2021-11,567307.0
BRASÍLIA,2021-12,659942.0
BRASÍLIA,2022-01,611018.0
BRASÍLIA,2022-02,458877.0
BRASÍLIA,2022-03,496801.0
BRASÍLIA,2022-04,452259.0
BRASÍLIA,2022-05,471550.0
BRASÍLIA,2022-06,452557.0
BRASÍLIA,2022-07,618974.0
BRASÍLIA,2022-08,598857.0
BRASÍLIA,2022-09,587914.0
BRASÍLIA,2022-10,591890.0
BRASÍLIA,2022-11,611563.0
BRASÍLIA,2022-12,625083.0
BRASÍLIA,2023-01,641124.0
BRASÍLIA,2023-02,517231.0
BRASÍLIA,2023-03,593477.0
BRASÍLIA,2023-04,561953.0
BRASÍLIA,2023-05,594060.0
BRASÍLIA,2023-06,621024.0
BRASÍLIA,2023-07,655923.0
BRASÍLIA,2023-08,640831.0
BRASÍLIA,2023-09,596947.0
BRASÍLIA,2023-10,605320.0
BRASÍLIA,2023-11,612569.0
BRASÍLIA,2023-12,645364.0
BRASÍLIA,2024-01,595891.0
BRASÍLIA,2024-02,518978.0
BRASÍLIA,2024-03,596541.0
BRASÍLIA,2024-04,556461.0
BRASÍLIA,2024-05,570094.0
BRASÍLIA,2024-06,593333.0
BRASÍLIA,2024-07,678642.0
BRASÍLIA,2024-08,670948.0
BRASÍLIA,2024-09,661391.0
BRASÍLIA,2024-10,685343.0
BRASÍLIA,2024-11,636746.0
BRASÍLIA,2024-12,661367.0
BRASÍLIA,2025-01,608301.0
BRASÍLIA,2025-02,576034.0
BRASÍLIA,2025-03,615019.0
BRASÍLIA,2025-04,647420.0
BRASÍLIA,2025-05,661532.0
BRASÍLIA,2025-06,667487.0
BRASÍLIA,2025-07,719497.0
BRASÍLIA,2025-08,738004.0
BRASÍLIA,2025-09,717336.0
BRASÍLIA,2025-10,756829.0
BRASÍLIA,2025-11,704252.0
BRASÍLIA,2025-12,767356.0
BREJO,2021-01,45.0
BREJO,2021-02,33.0
BREJO,2021-03,0.0
BREJO,2021-11,17.0
BREJO,2021-12,3.0
BREJO,2022-01,4.0
BREJO,2022-02,1.0
BREJO,2022-03,8.0
BREJO,2022-04,1.0
BREJO,2022-05,4.0
BREJO,2022-06,1.0
BREJO,2022-07,7.0
BREJO,2022-08,5.0
BREJO,2022-09,8.0
BREJO,2022-10,6.0
BREJO,2022-11,0.0
BREJO,2023-02,0.0
BREJO,2023-03,0.0
BREJO,2023-04,5.0
BREJO,2023-05,5.0
BREJO,2023-06,7.0
BREJO,2023-07,0.0
BREJO,2023-08,2.0
BREJO,2023-09,3.0
BREJO,2023-10,1.0
BREJO,2023-11,0.0
BREJO,2023-12,3.0
BREJO,2024-01,0.0
BREJO,2024-02,0.0
BREJO,2024-03,2.0
BREJO,2024-04,0.0
BREJO,2024-05,3.0
BREJO,2024-06,0.0
BREVES,2021-01,137.0
BREVES,2021-02,157.0
BREVES,2021-03,179.0
BREVES,2021-04,153.0
BREVES,2021-05,180.0
BREVES,2021-06,183.0
BREVES,2021-07,209.0
BREVES,2021-08,180.0
BREVES,2021-09,153.0
BREVES,2021-10,212.0
BREVES,2021-11,165.0
BREVES,2021-12,205.0
BREVES,2022-01,170.0
BREVES,2022-02,131.0
BREVES,2022-03,105.0
BREVES,2022-04,129.0
BREVES,2022-05,135.0
BREVES,2022-06,111.0
BREVES,2022-07,159.0
BREVES,2022-08,145.0
BREVES,2022-09,139.0
BREVES,2022-10,116.0
BREVES,2022-11,66.0
BREVES,2022-12,82.0
BREVES,2023-01,69.0
BREVES,2023-02,86.0
BREVES,2023-03,107.0
BREVES,2023-04,74.0
BREVES,2023-05,88.0
BREVES,2023-06,97.0
BREVES,2023-07,103.0
BREVES,2023-08,89.0
BREVES,2023-09,92.0
BREVES,2023-10,97.0
BREVES,2023-11,107.0
BREVES,2023-12,95.0
BREVES,2024-01,103.0
BREVES,2024-02,86.0
BREVES,2024-03,53.0
BREVES,2024-04,31.0
BREVES,2024-05,41.0
BREVES,2024-06,29.0
BREVES,2024-07,27.0
BREVES,2024-08,52.0
BREVES,2024-09,57.0
BREVES,2024-10,24.0
BREVES,2024-11,30.0
BREVES,2024-12,46.0
BREVES,2025-01,39.0
BREVES,2025-02,32.0
BREVES,2025-03,12.0
BREVES,2025-04,35.0
BREVES,2025-05,51.0
BREVES,2025-06,25.0
BREVES,2025-07,45.0
BREVES,2025-08,44.0
BREVES,2025-09,55.0
BREVES,2025-10,38.0
BREVES,2025-11,25.0
BREVES,2025-12,27.0
CABO FRIO,2021-01,7311.0
CABO FRIO,2021-02,2169.0
CABO FRIO,2021-03,258.0
CABO FRIO,2021-04,0.0
CABO FRIO,2021-05,0.0
CABO FRIO,2021-06,0.0
CABO FRIO,2021-07,1840.0
CABO FRIO,2021-08,670.0
CABO FRIO,2021-09,1361.0
CABO FRIO,2021-10,1546.0
CABO FRIO,2021-11,1282.0
CABO FRIO,2021-12,2431.0
CABO FRIO,2022-01,5589.0
CABO FRIO,2022-02,1241.0
CABO FRIO,2022-03,2435.0
CABO FRIO,2022-04,2182.0
CABO FRIO,2022-05,2135.0
CABO FRIO,2022-06,1901.0
CABO FRIO,2022-07,1943.0
CABO FRIO,2022-08,1010.0
CABO FRIO,2022-09,1449.0
CABO FRIO,2022-10,1570.0
CABO FRIO,2022-11,1042.0
CABO FRIO,2022-12,1508.0
CABO FRIO,2023-01,3702.0
CABO FRIO,2023-02,1292.0
CABO FRIO,2023-03,1381.0
CABO FRIO,2023-04,2055.0
CABO FRIO,2023-05,1422.0
CABO FRIO,2023-06,1171.0
CABO FRIO,2023-07,1691.0
CABO FRIO,2023-08,1382.0
CABO FRIO,2023-09,1544.0
CABO FRIO,2023-10,1536.0
CABO FRIO,2023-11,1142.0
CABO FRIO,2023-12,1360.0
CABO FRIO,2024-01,3135.0
CABO FRIO,2024-02,1794.0
CABO FRIO,2024-03,1952.0
CABO FRIO,2024-04,1290.0
CABO FRIO,2024-05,1534.0
CABO FRIO,2024-06,1228.0
CABO FRIO,2024-07,1405.0
CABO FRIO,2024-08,675.0
CABO FRIO,2024-09,552.0
CABO FRIO,2024-10,250.0
CABO FRIO,2024-11,228.0
CABO FRIO,2024-12,2001.0
CABO FRIO,2025-01,6470.0
CABO FRIO,2025-02,347.0
CABO FRIO,2025-03,106.0
CABO FRIO,2025-04,346.0
CABO FRIO,2025-06,0.0
CABO FRIO,2025-07,697.0
CABO FRIO,2025-08,480.0
CACOAL,2022-04,2177.0
CACOAL,2022-05,3049.0
CACOAL,2022-06,2689.0
CACOAL,2022-07,3295.0
CACOAL,2022-08,3192.0
CACOAL,2022-09,2201.0
CACOAL,2022-10,2206.0
CACOAL,2022-11,2108.0
CACOAL,2022-12,2556.0
CACOAL,2023-01,2763.0
CACOAL,2023-02,1767.0
CACOAL,2023-03,2270.0
CACOAL,2023-04,1596.0
CACOAL,2023-05,1877.0
CACOAL,2023-06,1538.0
CACOAL,2023-07,2005.0
CACOAL,2023-08,2074.0
CACOAL,2023-09,1481.0
CACOAL,2023-10,1049.0
CACOAL,2023-11,923.0
CACOAL,2023-12,1153.0
CACOAL,2024-01,1022.0
CACOAL,2024-02,857.0
CACOAL,2024-03,977.0
CACOAL,2024-04,1008.0
CACOAL,2024-05,893.0
CACOAL,2024-06,1021.0
CACOAL,2024-07,1024.0
CACOAL,2024-08,781.0
CACOAL,2024-09,297.0
CACOAL,2024-10,896.0
CACOAL,2024-11,851.0
CACOAL,2024-12,902.0
CACOAL,2025-01,937.0
CACOAL,2025-02,794.0
CACOAL,2025-03,870.0
CACOAL,2025-04,1010.0
CACOAL,2025-05,711.0
CACOAL,2025-06,965.0
CACOAL,2025-07,1044.0
CACOAL,2025-08,1300.0
CACOAL,2025-09,992.0
CACOAL,2025-10,1151.0
CACOAL,2025-11,1080.0
CACOAL,2025-12,900.0
CAIRU,2021-12,130.0
CAIRU,2022-01,561.0
CAIRU,2022-02,264.0
CAIRU,2022-03,294.0
CAIRU,2022-04,149.0
CAIRU,2022-05,182.0
CAIRU,2022-06,98.0
CAIRU,2022-07,138.0
CAIRU,2022-08,161.0
CAIRU,2022-09,155.0
CAIRU,2022-10,172.0
CAIRU,2022-11,147.0
CAIRU,2022-12,262.0
CAIRU,2023-01,457.0
CAIRU,2023-02,314.0
CAIRU,2023-03,222.0
CAIRU,2023-04,210.0
CAIRU,2023-05,179.0
CAIRU,2023-06,125.0
CAIRU,2023-07,127.0
CAIRU,2023-08,79.0
CAIRU,2023-09,61.0
CAIRU,2023-10,215.0
CAIRU,2023-11,212.0
CAIRU,2023-12,306.0
CAIRU,2024-01,539.0
CAIRU,2024-02,386.0
CAIRU,2024-03,246.0
CAIRU,2024-04,193.0
CAIRU,2024-05,161.0
CAIRU,2024-06,119.0
CAIRU,2024-07,174.0
CAIRU,2024-08,206.0
CAIRU,2024-09,187.0
CAIRU,2024-10,211.0
CAIRU,2024-11,246.0
CAIRU,2024-12,278.0
CAIRU,2025-01,761.0
CAIRU,2025-02,470.0
CAIRU,2025-03,450.0
CAIRU,2025-04,373.0
CAIRU,2025-05,276.0
CAIRU,2025-06,209.0
CAIRU,2025-07,276.0
CAIRU,2025-08,324.0
CAIRU,2025-10,288.0
CAIRU,2025-11,378.0
CAIRU,2025-12,502.0
CAJAZEIRAS,2023-09,46.0
CAJAZEIRAS,2023-10,39.0
CAJAZEIRAS,2023-11,56.0
CAJAZEIRAS,2023-12,33.0
CAJAZEIRAS,2024-01,71.0
CAJAZEIRAS,2024-02,38.0
CAJAZEIRAS,2024-03,15.0
CAJAZEIRAS,2024-04,19.0
CAJAZEIRAS,2024-05,25.0
CAJAZEIRAS,2024-06,32.0
CAJAZEIRAS,2024-07,52.0
CAJAZEIRAS,2024-08,74.0
CAJAZEIRAS,2024-09,65.0
CAJAZEIRAS,2024-10,43.0
CAJAZEIRAS,2024-11,23.0
CAJAZEIRAS,2024-12,18.0
CAJAZEIRAS,2025-01,43.0
CAJAZEIRAS,2025-02,23.0
CAJAZEIRAS,2025-03,28.0
CAJAZEIRAS,2025-04,16.0
CAJAZEIRAS,2025-05,15.0
CAJAZEIRAS,2025-06,8.0
CAJAZEIRAS,2025-07,15.0
CAJAZEIRAS,2025-08,8.0
CAJAZEIRAS,2025-09,8.0
CAJAZEIRAS,2025-10,10.0
CAJAZEIRAS,2025-11,12.0
CAJAZEIRAS,2025-12,12.0
CALDAS NOVAS,2021-01,2309.0
CALDAS NOVAS,2021-02,1758.0
CALDAS NOVAS,2021-03,1132.0
CALDAS NOVAS,2021-05,724.0
CALDAS NOVAS,2021-06,1606.0
CALDAS NOVAS,2021-07,3497.0
CALDAS NOVAS,2021-08,2651.0
CALDAS NOVAS,2021-09,3060.0
CALDAS NOVAS,2021-10,3814.0
CALDAS NOVAS,2021-11,2932.0
CALDAS NOVAS,2021-12,3271.0
CALDAS NOVAS,2022-01,4468.0
CALDAS NOVAS,2022-02,1373.0
CALDAS NOVAS,2022-03,1975.0
CALDAS NOVAS,2022-04,1917.0
CALDAS NOVAS,2022-05,2207.0
CALDAS NOVAS,2022-06,3038.0
CALDAS NOVAS,2022-07,3940.0
CALDAS NOVAS,2022-08,2531.0
CALDAS NOVAS,2022-09,2167.0
CALDAS NOVAS,2022-10,1865.0
CALDAS NOVAS,2022-11,1620.0
CALDAS NOVAS,2022-12,1684.0
CALDAS NOVAS,2023-01,2357.0
CALDAS NOVAS,2023-02,1590.0
CALDAS NOVAS,2023-03,1796.0
CALDAS NOVAS,2023-04,1407.0
CALDAS NOVAS,2023-05,1548.0
CALDAS NOVAS,2023-06,1583.0
CALDAS NOVAS,2023-07,5646.0
CALDAS NOVAS,2023-08,2767.0
CALDAS NOVAS,2023-09,2061.0
CALDAS NOVAS,2023-10,2235.0
CALDAS NOVAS,2023-11,1831.0
CALDAS NOVAS,2023-12,2152.0
CALDAS NOVAS,2024-01,3473.0
CALDAS NOVAS,2024-02,2070.0
CALDAS NOVAS,2024-03,1731.0
CALDAS NOVAS,2024-04,1763.0
CALDAS NOVAS,2024-05,1647.0
CALDAS NOVAS,2024-06,1991.0
CALDAS NOVAS,2024-07,6972.0
CALDAS NOVAS,2024-08,2732.0
CALDAS NOVAS,2024-09,1993.0
CALDAS NOVAS,2024-10,2003.0
CALDAS NOVAS,2024-11,2256.0
CALDAS NOVAS,2024-12,2024.0
CALDAS NOVAS,2025-01,3053.0
CALDAS NOVAS,2025-02,1810.0
CALDAS NOVAS,2025-03,2170.0
CALDAS NOVAS,2025-04,1187.0
CALDAS NOVAS,2025-05,1401.0
CALDAS NOVAS,2025-06,2147.0
CALDAS NOVAS,2025-07,6387.0
CALDAS NOVAS,2025-08,1680.0
CALDAS NOVAS,2025-09,1211.0
CALDAS NOVAS,2025-10,1416.0
CALDAS NOVAS,2025-11,1578.0
CALDAS NOVAS,2025-12,1359.0
CAMPINA GRANDE,2021-01,6273.0
CAMPINA GRANDE,2021-02,4854.0
CAMPINA GRANDE,2021-03,5033.0
CAMPINA GRANDE,2021-04,1713.0
CAMPINA GRANDE,2021-05,2084.0
CAMPINA GRANDE,2021-06,3169.0
CAMPINA GRANDE,2021-07,4640.0
CAMPINA GRANDE,2021-08,4130.0
CAMPINA GRANDE,2021-09,4237.0
CAMPINA GRANDE,2021-10,4668.0
CAMPINA GRANDE,2021-11,5447.0
CAMPINA GRANDE,2021-12,5828.0
CAMPINA GRANDE,2022-01,5595.0
CAMPINA GRANDE,2022-02,5342.0
CAMPINA GRANDE,2022-03,4780.0
CAMPINA GRANDE,2022-04,5546.0
CAMPINA GRANDE,2022-05,5301.0
CAMPINA GRANDE,2022-06,6826.0
CAMPINA GRANDE,2022-07,8677.0
CAMPINA GRANDE,2022-08,5813.0
CAMPINA GRANDE,2022-09,4814.0
CAMPINA GRANDE,2022-10,4713.0
CAMPINA GRANDE,2022-11,3590.0
CAMPINA GRANDE,2022-12,4059.0
CAMPINA GRANDE,2023-01,6021.0
CAMPINA GRANDE,2023-02,4084.0
CAMPINA GRANDE,2023-03,4367.0
CAMPINA GRANDE,2023-04,3704.0
CAMPINA GRANDE,2023-05,5347.0
CAMPINA GRANDE,2023-06,9846.0
CAMPINA GRANDE,2023-07,12498.0
CAMPINA GRANDE,2023-08,13873.0
CAMPINA GRANDE,2023-09,13821.0
CAMPINA GRANDE,2023-10,13875.0
CAMPINA GRANDE,2023-11,12540.0
CAMPINA GRANDE,2023-12,11083.0
CAMPINA GRANDE,2024-01,17390.0
CAMPINA GRANDE,2024-02,12032.0
CAMPINA GRANDE,2024-03,10607.0
CAMPINA GRANDE,2024-04,10377.0
CAMPINA GRANDE,2024-05,12150.0
CAMPINA GRANDE,2024-06,15605.0
CAMPINA GRANDE,2024-07,18942.0
CAMPINA GRANDE,2024-08,9300.0
CAMPINA GRANDE,2024-09,7532.0
CAMPINA GRANDE,2024-10,6047.0
CAMPINA GRANDE,2024-11,5172.0
CAMPINA GRANDE,2024-12,4625.0
CAMPINA GRANDE,2025-01,6757.0
CAMPINA GRANDE,2025-02,6351.0
CAMPINA GRANDE,2025-03,6096.0
CAMPINA GRANDE,2025-04,6526.0
CAMPINA GRANDE,2025-05,5956.0
CAMPINA GRANDE,2025-06,6220.0
CAMPINA GRANDE,2025-07,6703.0
CAMPINA GRANDE,2025-08,6728.0
CAMPINA GRANDE,2025-09,5769.0
CAMPINA GRANDE,2025-10,5865.0
CAMPINA GRANDE,2025-11,5784.0
CAMPINA GRANDE,2025-12,4572.0
CAMPINAS,2021-01,390524.0
CAMPINAS,2021-02,335155.0
CAMPINAS,2021-03,332778.0
CAMPINAS,2021-04,314367.0
CAMPINAS,2021-05,360517.0
CAMPINAS,2021-06,378220.0
CAMPINAS,2021-07,441359.0
CAMPINAS,2021-08,444222.0
CAMPINAS,2021-09,444210.0
CAMPINAS,2021-10,454727.0
CAMPINAS,2021-11,462521.0
CAMPINAS,2021-12,503229.0
CAMPINAS,2022-01,423006.0
CAMPINAS,2022-02,374934.0
CAMPINAS,2022-03,464053.0
CAMPINAS,2022-04,471228.0
CAMPINAS,2022-05,500808.0
CAMPINAS,2022-06,442767.0
CAMPINAS,2022-07,515863.0
CAMPINAS,2022-08,512077.0
CAMPINAS,2022-09,496346.0
CAMPINAS,2022-10,511975.0
CAMPINAS,2022-11,512256.0
CAMPINAS,2022-12,540516.0
CAMPINAS,2023-01,547428.0
CAMPINAS,2023-02,468898.0
CAMPINAS,2023-03,511739.0
CAMPINAS,2023-04,488068.0
CAMPINAS,2023-05,485051.0
CAMPINAS,2023-06,493255.0
CAMPINAS,2023-07,508863.0
CAMPINAS,2023-08,525714.0
CAMPINAS,2023-09,470911.0
CAMPINAS,2023-10,482778.0
CAMPINAS,2023-11,474814.0
CAMPINAS,2023-12,506245.0
CAMPINAS,2024-01,453036.0
CAMPINAS,2024-02,409416.0
CAMPINAS,2024-03,483600.0
CAMPINAS,2024-04,479204.0
CAMPINAS,2024-05,504390.0
CAMPINAS,2024-06,526058.0
CAMPINAS,2024-07,542766.0
CAMPINAS,2024-08,546442.0
CAMPINAS,2024-09,527697.0
CAMPINAS,2024-10,534858.0
CAMPINAS,2024-11,511904.0
CAMPINAS,2024-12,561029.0
CAMPINAS,2025-01,538107.0
CAMPINAS,2025-02,469899.0
CAMPINAS,2025-03,524923.0
CAMPINAS,2025-04,520490.0
CAMPINAS,2025-05,526934.0
CAMPINAS,2025-06,535256.0
CAMPINAS,2025-07,553901.0
CAMPINAS,2025-08,562547.0
CAMPINAS,2025-09,557709.0
CAMPINAS,2025-10,561540.0
CAMPINAS,2025-11,522485.0
CAMPINAS,2025-12,568830.0
CAMPO GRANDE,2021-01,42721.0
CAMPO GRANDE,2021-02,32820.0
CAMPO GRANDE,2021-03,23611.0
CAMPO GRANDE,2021-04,20250.0
CAMPO GRANDE,2021-05,29797.0
CAMPO GRANDE,2021-06,31455.0
CAMPO GRANDE,2021-07,43887.0
CAMPO GRANDE,2021-08,44279.0
CAMPO GRANDE,2021-09,49323.0
CAMPO GRANDE,2021-10,56024.0
CAMPO GRANDE,2021-11,57820.0
CAMPO GRANDE,2021-12,70288.0
CAMPO GRANDE,2022-01,63856.0
CAMPO GRANDE,2022-02,40495.0
CAMPO GRANDE,2022-03,49601.0
CAMPO GRANDE,2022-04,48697.0
CAMPO GRANDE,2022-05,50473.0
CAMPO GRANDE,2022-06,48465.0
CAMPO GRANDE,2022-07,61069.0
CAMPO GRANDE,2022-08,59167.0
CAMPO GRANDE,2022-09,56172.0
CAMPO GRANDE,2022-10,60263.0
CAMPO GRANDE,2022-11,60288.0
CAMPO GRANDE,2022-12,69863.0
CAMPO GRANDE,2023-01,67901.0
CAMPO GRANDE,2023-02,51491.0
CAMPO GRANDE,2023-03,61285.0
CAMPO GRANDE,2023-04,58908.0
CAMPO GRANDE,2023-05,62143.0
CAMPO GRANDE,2023-06,58779.0
CAMPO GRANDE,2023-07,65092.0
CAMPO GRANDE,2023-08,64864.0
CAMPO GRANDE,2023-09,60760.0
CAMPO GRANDE,2023-10,63159.0
CAMPO GRANDE,2023-11,58840.0
CAMPO GRANDE,2023-12,61878.0
CAMPO GRANDE,2024-01,56722.0
CAMPO GRANDE,2024-02,51107.0
CAMPO GRANDE,2024-03,58646.0
CAMPO GRANDE,2024-04,56403.0
CAMPO GRANDE,2024-05,60549.0
CAMPO GRANDE,2024-06,59502.0
CAMPO GRANDE,2024-07,66143.0
CAMPO GRANDE,2024-08,64380.0
CAMPO GRANDE,2024-09,66072.0
CAMPO GRANDE,2024-10,72922.0
CAMPO GRANDE,2024-11,66454.0
CAMPO GRANDE,2024-12,73739.0
CAMPO GRANDE,2025-01,67326.0
CAMPO GRANDE,2025-02,55225.0
CAMPO GRANDE,2025-03,67092.0
CAMPO GRANDE,2025-04,63943.0
CAMPO GRANDE,2025-05,67383.0
CAMPO GRANDE,2025-06,65859.0
CAMPO GRANDE,2025-07,64734.0
CAMPO GRANDE,2025-08,65088.0
CAMPO GRANDE,2025-09,63755.0
CAMPO GRANDE,2025-10,68981.0
CAMPO GRANDE,2025-11,60923.0
CAMPO GRANDE,2025-12,65983.0
CAMPO MOURÃO,2022-01,14.0
CAMPO MOURÃO,2022-02,77.0
CAMPO MOURÃO,2022-03,53.0
CAMPO MOURÃO,2022-04,58.0
CAMPO MOURÃO,2022-05,40.0
CAMPO MOURÃO,2022-06,32.0
CAMPO MOURÃO,2022-07,52.0
CAMPO MOURÃO,2022-08,12.0
CAMPO MOURÃO,2022-09,15.0
CAMPO MOURÃO,2022-10,9.0
CAMPO MOURÃO,2022-11,1.0
CAMPO MOURÃO,2022-12,3.0
CAMPOS DOS GOYTACAZES,2021-01,228.0
CAMPOS DOS GOYTACAZES,2021-02,416.0
CAMPOS DOS GOYTACAZES,2021-03,343.0
CAMPOS DOS GOYTACAZES,2021-05,228.0
CAMPOS DOS GOYTACAZES,2021-06,327.0
CAMPOS DOS GOYTACAZES,2021-07,542.0
CAMPOS DOS GOYTACAZES,2021-08,890.0
CAMPOS DOS GOYTACAZES,2021-09,838.0
CAMPOS DOS GOYTACAZES,2021-10,956.0
CAMPOS DOS GOYTACAZES,2021-11,1177.0
CAMPOS DOS GOYTACAZES,2021-12,1143.0
CAMPOS DOS GOYTACAZES,2022-01,698.0
CAMPOS DOS GOYTACAZES,2022-02,791.0
CAMPOS DOS GOYTACAZES,2022-03,997.0
CAMPOS DOS GOYTACAZES,2022-04,1131.0
CAMPOS DOS GOYTACAZES,2022-05,1442.0
CAMPOS DOS GOYTACAZES,2022-06,1163.0
CAMPOS DOS GOYTACAZES,2022-07,1373.0
CAMPOS DOS GOYTACAZES,2022-08,1652.0
CAMPOS DOS GOYTACAZES,2022-09,1556.0
CAMPOS DOS GOYTACAZES,2022-10,1678.0
CAMPOS DOS GOYTACAZES,2022-11,1408.0
CAMPOS DOS GOYTACAZES,2022-12,1338.0
CAMPOS DOS GOYTACAZES,2023-01,938.0
CAMPOS DOS GOYTACAZES,2023-02,722.0
CAMPOS DOS GOYTACAZES,2023-03,960.0
CAMPOS DOS GOYTACAZES,2023-04,1113.0
CAMPOS DOS GOYTACAZES,2023-05,1304.0
CAMPOS DOS GOYTACAZES,2023-06,1345.0
CAMPOS DOS GOYTACAZES,2023-07,1371.0
CAMPOS DOS GOYTACAZES,2023-08,1371.0
CAMPOS DOS GOYTACAZES,2023-09,1222.0
CAMPOS DOS GOYTACAZES,2023-10,902.0
CAMPOS DOS GOYTACAZES,2023-11,1156.0
CAMPOS DOS GOYTACAZES,2023-12,1203.0
CAMPOS DOS GOYTACAZES,2024-01,1013.0
CAMPOS DOS GOYTACAZES,2024-02,1182.0
CAMPOS DOS GOYTACAZES,2024-03,1148.0
CAMPOS DOS GOYTACAZES,2024-04,1370.0
CAMPOS DOS GOYTACAZES,2024-05,1354.0
CAMPOS DOS GOYTACAZES,2024-06,1294.0
CAMPOS DOS GOYTACAZES,2024-07,1258.0
CAMPOS DOS GOYTACAZES,2024-08,985.0
CAMPOS DOS GOYTACAZES,2024-09,994.0
CAMPOS DOS GOYTACAZES,2024-10,1141.0
CAMPOS DOS GOYTACAZES,2024-11,878.0
CAMPOS DOS GOYTACAZES,2024-12,1007.0
CAMPOS DOS GOYTACAZES,2025-01,892.0
CAMPOS DOS GOYTACAZES,2025-02,787.0
CAMPOS DOS GOYTACAZES,2025-03,143.0
CAMPOS DOS GOYTACAZES,2025-05,0.0
CAMPOS DOS GOYTACAZES,2025-06,0.0
CANELA,2021-01,207.0
CANELA,2021-08,75.0
CANELA,2021-09,53.0
CANELA,2021-10,89.0
CANELA,2021-11,69.0
CANELA,2021-12,121.0
CANELA,2022-01,88.0
CANELA,2022-02,46.0
CANELA,2022-03,35.0
CANELA,2022-04,67.0
CANELA,2022-05,60.0
CANELA,2022-06,64.0
CANELA,2022-07,46.0
CANELA,2022-08,54.0
CANELA,2022-09,41.0
CANELA,2022-10,26.0
CANELA,2022-11,21.0
CANELA,2022-12,14.0
CANELA,2023-01,23.0
CANELA,2023-02,11.0
CANELA,2023-03,3.0
CANELA,2023-04,16.0
CANELA,2023-05,18.0
CANELA,2023-06,13.0
CANELA,2023-07,25.0
CANELA,2023-08,24.0
CANELA,2023-09,14.0
CANELA,2023-10,13.0
CANELA,2023-11,35.0
CANELA,2023-12,20.0
CANELA,2024-01,15.0
CANELA,2024-02,13.0
CANELA,2024-03,18.0
CANELA,2024-04,10.0
CANOAS,2024-05,1521.0
CANOAS,2024-06,22603.0
CANOAS,2024-07,35850.0
CANOAS,2024-08,53131.0
CANOAS,2024-09,59399.0
CANOAS,2024-10,38513.0
CANOAS,2024-12,0.0
CARAUARI,2021-01,712.0
CARAUARI,2021-02,453.0
CARAUARI,2021-03,555.0
CARAUARI,2021-04,533.0
CARAUARI,2021-05,518.0
CARAUARI,2021-06,554.0
CARAUARI,2021-07,646.0
CARAUARI,2021-08,720.0
CARAUARI,2021-09,796.0
CARAUARI,2021-10,893.0
CARAUARI,2021-11,744.0
CARAUARI,2021-12,810.0
CARAUARI,2022-01,774.0
CARAUARI,2022-02,549.0
CARAUARI,2022-03,591.0
CARAUARI,2022-04,271.0
CARAUARI,2022-05,588.0
CARAUARI,2022-06,834.0
CARAUARI,2022-07,1011.0
CARAUARI,2022-08,1043.0
CARAUARI,2022-09,787.0
CARAUARI,2022-10,917.0
CARAUARI,2022-11,842.0
CARAUARI,2022-12,951.0
CARAUARI,2023-01,1008.0
CARAUARI,2023-02,808.0
CARAUARI,2023-03,841.0
CARAUARI,2023-04,818.0
CARAUARI,2023-05,871.0
CARAUARI,2023-06,867.0
CARAUARI,2023-07,832.0
CARAUARI,2023-08,778.0
CARAUARI,2023-09,871.0
CARAUARI,2023-10,851.0
CARAUARI,2023-11,804.0
CARAUARI,2023-12,996.0
CARAUARI,2024-01,544.0
CARAUARI,2024-02,493.0
CARAUARI,2024-03,576.0
CARAUARI,2024-04,557.0
CARAUARI,2024-05,578.0
CARAUARI,2024-06,587.0
CARAUARI,2024-07,574.0
CARAUARI,2024-08,675.0
CARAUARI,2024-09,528.0
CARAUARI,2024-10,561.0
CARAUARI,2024-11,644.0
CARAUARI,2024-12,576.0
CARAUARI,2025-01,566.0
CARAUARI,2025-02,584.0
CARAUARI,2025-03,176.0
CARUARU,2021-01,264.0
CARUARU,2021-02,215.0
CARUARU,2021-03,221.0
CARUARU,2021-04,92.0
CARUARU,2021-05,109.0
CARUARU,2021-06,159.0
CARUARU,2021-07,176.0
CARUARU,2021-08,198.0
CARUARU,2021-09,283.0
CARUARU,2021-10,265.0
CARUARU,2021-11,205.0
CARUARU,2021-12,211.0
CARUARU,2022-01,277.0
CARUARU,2022-02,125.0
CARUARU,2022-03,192.0
CARUARU,2022-04,156.0
CARUARU,2022-05,143.0
CARUARU,2022-06,78.0
CARUARU,2022-07,16.0
CARUARU,2022-08,26.0
CARUARU,2022-09,27.0
CARUARU,2022-10,13.0
CARUARU,2022-11,11.0
CARUARU,2022-12,13.0
CARUARU,2023-01,13.0
CARUARU,2023-02,11.0
CARUARU,2023-03,7.0
CARUARU,2023-04,10.0
CARUARU,2023-05,18.0
CARUARU,2023-06,16.0
CARUARU,2023-07,24.0
CARUARU,2023-08,31.0
CARUARU,2023-09,19.0
CARUARU,2023-10,15.0
CARUARU,2023-11,32.0
CARUARU,2023-12,16.0
CARUARU,2024-01,58.0
CARUARU,2024-02,13.0
CARUARU,2024-03,16.0
CARUARU,2024-04,15.0
CARUARU,2024-05,25.0
CARUARU,2024-06,1024.0
CARUARU,2024-07,649.0
CARUARU,2024-08,311.0
CARUARU,2024-09,107.0
CARUARU,2024-10,92.0
CARUARU,2024-11,54.0
CARUARU,2024-12,33.0
CARUARU,2025-01,31.0
CARUARU,2025-02,21.0
CARUARU,2025-03,16.0
CARUARU,2025-04,11.0
CARUARU,2025-05,9.0
CARUARU,2025-06,6.0
CARUARU,2025-07,6.0
CARUARU,2025-08,0.0
CARUARU,2025-09,10.0
CARUARU,2025-10,7.0
CARUARU,2025-11,10.0
CARUARU,2025-12,3.0
CASCAVEL,2021-01,6784.0
CASCAVEL,2021-02,5716.0
CASCAVEL,2021-03,4515.0
CASCAVEL,2021-04,3896.0
CASCAVEL,2021-05,5003.0
CASCAVEL,2021-06,5103.0
CASCAVEL,2021-07,7911.0
CASCAVEL,2021-08,7715.0
CASCAVEL,2021-09,8942.0
CASCAVEL,2021-10,9300.0
CASCAVEL,2021-11,10357.0
CASCAVEL,2021-12,10028.0
CASCAVEL,2022-01,8043.0
CASCAVEL,2022-02,7849.0
CASCAVEL,2022-03,9876.0
CASCAVEL,2022-04,9657.0
CASCAVEL,2022-05,10592.0
CASCAVEL,2022-06,8352.0
CASCAVEL,2022-07,11328.0
CASCAVEL,2022-08,13484.0
CASCAVEL,2022-09,12572.0
CASCAVEL,2022-10,14174.0
CASCAVEL,2022-11,15313.0
CASCAVEL,2022-12,15385.0
CASCAVEL,2023-01,16468.0
CASCAVEL,2023-02,14196.0
CASCAVEL,2023-03,15924.0
CASCAVEL,2023-04,14298.0
CASCAVEL,2023-05,16120.0
CASCAVEL,2023-06,12781.0
CASCAVEL,2023-07,13740.0
CASCAVEL,2023-08,16097.0
CASCAVEL,2023-09,13595.0
CASCAVEL,2023-10,14911.0
CASCAVEL,2023-11,15686.0
CASCAVEL,2023-12,17079.0
CASCAVEL,2024-01,16385.0
CASCAVEL,2024-02,14272.0
CASCAVEL,2024-03,18786.0
CASCAVEL,2024-04,18433.0
CASCAVEL,2024-05,17109.0
CASCAVEL,2024-06,17018.0
CASCAVEL,2024-07,16172.0
CASCAVEL,2024-08,18622.0
CASCAVEL,2024-09,16515.0
CASCAVEL,2024-10,16783.0
CASCAVEL,2024-11,17265.0
CASCAVEL,2024-12,16443.0
CASCAVEL,2025-01,16507.0
CASCAVEL,2025-02,17035.0
CASCAVEL,2025-03,18630.0
CASCAVEL,2025-04,18482.0
CASCAVEL,2025-05,19577.0
CASCAVEL,2025-06,17148.0
CASCAVEL,2025-07,19824.0
CASCAVEL,2025-08,20847.0
CASCAVEL,2025-09,19815.0
CASCAVEL,2025-10,21593.0
CASCAVEL,2025-11,19144.0
CASCAVEL,2025-12,20273.0
CAXIAS DO SUL,2021-01,1691.0
CAXIAS DO SUL,2021-02,1969.0
CAXIAS DO SUL,2021-03,1357.0
CAXIAS DO SUL,2021-04,1369.0
CAXIAS DO SUL,2021-05,2535.0
CAXIAS DO SUL,2021-06,2922.0
CAXIAS DO SUL,2021-07,4674.0
CAXIAS DO SUL,2021-08,4867.0
CAXIAS DO SUL,2021-09,4666.0
CAXIAS DO SUL,2021-10,5313.0
CAXIAS DO SUL,2021-11,6165.0
CAXIAS DO SUL,2021-12,6498.0
CAXIAS DO SUL,2022-01,5240.0
CAXIAS DO SUL,2022-02,4572.0
CAXIAS DO SUL,2022-03,5600.0
CAXIAS DO SUL,2022-04,7380.0
CAXIAS DO SUL,2022-05,6560.0
CAXIAS DO SUL,2022-06,5169.0
CAXIAS DO SUL,2022-07,8875.0
CAXIAS DO SUL,2022-08,8753.0
CAXIAS DO SUL,2022-09,10241.0
CAXIAS DO SUL,2022-10,11907.0
CAXIAS DO SUL,2022-11,14036.0
CAXIAS DO SUL,2022-12,14003.0
CAXIAS DO SUL,2023-01,13640.0
CAXIAS DO SUL,2023-02,9609.0
CAXIAS DO SUL,2023-03,12343.0
CAXIAS DO SUL,2023-04,11720.0
CAXIAS DO SUL,2023-05,12955.0
CAXIAS DO SUL,2023-06,10955.0
CAXIAS DO SUL,2023-07,14493.0
CAXIAS DO SUL,2023-08,15471.0
CAXIAS DO SUL,2023-09,10315.0
CAXIAS DO SUL,2023-10,12230.0
CAXIAS DO SUL,2023-11,13101.0
CAXIAS DO SUL,2023-12,13638.0
CAXIAS DO SUL,2024-01,10885.0
CAXIAS DO SUL,2024-02,9629.0
CAXIAS DO SUL,2024-03,10908.0
CAXIAS DO SUL,2024-04,8789.0
CAXIAS DO SUL,2024-05,17787.0
CAXIAS DO SUL,2024-06,21260.0
CAXIAS DO SUL,2024-07,18170.0
CAXIAS DO SUL,2024-08,31617.0
CAXIAS DO SUL,2024-09,29874.0
CAXIAS DO SUL,2024-10,27048.0
CAXIAS DO SUL,2024-11,12677.0
CAXIAS DO SUL,2024-12,12569.0
CAXIAS DO SUL,2025-01,13205.0
CAXIAS DO SUL,2025-02,10597.0
CAXIAS DO SUL,2025-03,11471.0
CAXIAS DO SUL,2025-04,10805.0
CAXIAS DO SUL,2025-05,11408.0
CAXIAS DO SUL,2025-06,11607.0
CAXIAS DO SUL,2025-07,12372.0
CAXIAS DO SUL,2025-08,10058.0
CAXIAS DO SUL,2025-09,10256.0
CAXIAS DO SUL,2025-10,10589.0
CAXIAS DO SUL,2025-11,12170.0
CAXIAS DO SUL,2025-12,11157.0
CAÇADOR,2021-09,6.0
CAÇADOR,2021-10,70.0
CAÇADOR,2021-11,78.0
CAÇADOR,2021-12,77.0
CAÇADOR,2022-01,63.0
CHAPECÓ,2021-01,20066.0
CHAPECÓ,2021-02,14420.0
CHAPECÓ,2021-03,8027.0
CHAPECÓ,2021-04,7465.0
CHAPECÓ,2021-05,10265.0
CHAPECÓ,2021-06,11278.0
CHAPECÓ,2021-07,14680.0
CHAPECÓ,2021-08,16765.0
CHAPECÓ,2021-09,20079.0
CHAPECÓ,2021-10,20802.0
CHAPECÓ,2021-11,24422.0
CHAPECÓ,2021-12,23204.0
CHAPECÓ,2022-01,21254.0
CHAPECÓ,2022-02,18551.0
CHAPECÓ,2022-03,20559.0
CHAPECÓ,2022-04,19491.0
CHAPECÓ,2022-05,18608.0
CHAPECÓ,2022-06,16302.0
CHAPECÓ,2022-07,22362.0
CHAPECÓ,2022-08,20960.0
CHAPECÓ,2022-09,20167.0
CHAPECÓ,2022-10,20179.0
CHAPECÓ,2022-11,22514.0
CHAPECÓ,2022-12,23257.0
CHAPECÓ,2023-01,24216.0
CHAPECÓ,2023-02,20494.0
CHAPECÓ,2023-03,25561.0
CHAPECÓ,2023-04,23766.0
CHAPECÓ,2023-05,23842.0
CHAPECÓ,2023-06,20502.0
CHAPECÓ,2023-07,24316.0
CHAPECÓ,2023-08,25501.0
CHAPECÓ,2023-09,24131.0
CHAPECÓ,2023-10,25020.0
CHAPECÓ,2023-11,27115.0
CHAPECÓ,2023-12,25556.0
CHAPECÓ,2024-01,22752.0
CHAPECÓ,2024-02,20363.0
CHAPECÓ,2024-03,25002.0
CHAPECÓ,2024-04,24134.0
CHAPECÓ,2024-05,25017.0
CHAPECÓ,2024-06,26613.0
CHAPECÓ,2024-07,27272.0
CHAPECÓ,2024-08,28045.0
CHAPECÓ,2024-09,25866.0
CHAPECÓ,2024-10,25645.0
CHAPECÓ,2024-11,24439.0
CHAPECÓ,2024-12,21921.0
CHAPECÓ,2025-01,20272.0
CHAPECÓ,2025-02,21130.0
CHAPECÓ,2025-03,24185.0
CHAPECÓ,2025-04,25938.0
CHAPECÓ,2025-05,27323.0
CHAPECÓ,2025-06,24602.0
CHAPECÓ,2025-07,26940.0
CHAPECÓ,2025-08,28252.0
CHAPECÓ,2025-09,27599.0
CHAPECÓ,2025-10,29025.0
CHAPECÓ,2025-11,30336.0
CHAPECÓ,2025-12,28165.0
CHAVES,2021-10,0.0
CHAVES,2021-12,0.0
CHAVES,2022-01,0.0
CHAVES,2022-04,0.0
CHAVES,2023-03,0.0
CIANORTE,2022-01,20.0
CIANORTE,2022-02,71.0
CIANORTE,2022-03,63.0
CIANORTE,2022-04,67.0
CIANORTE,2022-05,59.0
CIANORTE,2022-06,39.0
CIANORTE,2022-07,54.0
CIANORTE,2022-08,25.0
CIANORTE,2022-09,11.0
CIANORTE,2022-10,16.0
CIANORTE,2022-11,1.0
CIANORTE,2022-12,0.0
COARI,2021-01,1646.0
COARI,2021-02,1185.0
COARI,2021-03,1227.0
COARI,2021-04,1066.0
COARI,2021-05,1144.0
COARI,2021-06,1257.0
COARI,2021-07,1500.0
COARI,2021-08,1686.0
COARI,2021-09,1934.0
COARI,2021-10,2073.0
COARI,2021-11,2451.0
COARI,2021-12,2309.0
COARI,2022-01,2069.0
COARI,2022-02,1607.0
COARI,2022-03,1543.0
COARI,2022-04,1590.0
COARI,2022-05,1390.0
COARI,2022-06,2665.0
COARI,2022-07,2583.0
COARI,2022-08,2507.0
COARI,2022-09,2470.0
COARI,2022-10,2516.0
COARI,2022-11,2439.0
COARI,2022-12,2509.0
COARI,2023-01,2288.0
COARI,2023-02,2327.0
COARI,2023-03,2566.0
COARI,2023-04,2418.0
COARI,2023-05,2566.0
COARI,2023-06,2506.0
COARI,2023-07,2450.0
COARI,2023-08,2434.0
COARI,2023-09,2375.0
COARI,2023-10,2256.0
COARI,2023-11,2252.0
COARI,2023-12,2568.0
COARI,2024-01,2396.0
COARI,2024-02,2285.0
COARI,2024-03,2556.0
COARI,2024-04,2642.0
COARI,2024-05,2996.0
COARI,2024-06,2533.0
COARI,2024-07,2737.0
COARI,2024-08,2694.0
COARI,2024-09,2504.0
COARI,2024-10,2518.0
COARI,2024-11,2511.0
COARI,2024-12,2524.0
COARI,2025-01,2500.0
COARI,2025-02,2352.0
COARI,2025-03,1886.0
COARI,2025-04,1727.0
COARI,2025-05,2191.0
COARI,2025-06,2183.0
COARI,2025-07,2255.0
COARI,2025-08,2057.0
COARI,2025-09,1999.0
COARI,2025-10,2205.0
COARI,2025-11,1930.0
COARI,2025-12,1925.0
CONFINS,2021-01,320818.0
CONFINS,2021-02,220548.0
CONFINS,2021-03,196328.0
CONFINS,2021-04,166507.0
CONFINS,2021-05,195777.0
CONFINS,2021-06,223001.0
CONFINS,2021-07,307889.0
CONFINS,2021-08,292953.0
CONFINS,2021-09,316158.0
CONFINS,2021-10,337951.0
CONFINS,2021-11,346999.0
CONFINS,2021-12,416061.0
CONFINS,2022-01,391648.0
CONFINS,2022-02,287558.0
CONFINS,2022-03,346141.0
CONFINS,2022-04,356693.0
CONFINS,2022-05,363559.0
CONFINS,2022-06,351752.0
CONFINS,2022-07,436697.0
CONFINS,2022-08,410815.0
CONFINS,2022-09,405873.0
CONFINS,2022-10,424431.0
CONFINS,2022-11,415231.0
CONFINS,2022-12,424852.0
CONFINS,2023-01,443931.0
CONFINS,2023-02,361451.0
CONFINS,2023-03,420948.0
CONFINS,2023-04,401738.0
CONFINS,2023-05,415931.0
CONFINS,2023-06,391505.0
CONFINS,2023-07,457058.0
CONFINS,2023-08,441328.0
CONFINS,2023-09,421456.0
CONFINS,2023-10,446044.0
CONFINS,2023-11,420528.0
CONFINS,2023-12,454703.0
CONFINS,2024-01,461061.0
CONFINS,2024-02,382591.0
CONFINS,2024-03,445234.0
CONFINS,2024-04,462247.0
CONFINS,2024-05,468464.0
CONFINS,2024-06,482587.0
CONFINS,2024-07,541678.0
CONFINS,2024-08,528544.0
CONFINS,2024-09,557529.0
CONFINS,2024-10,574300.0
CONFINS,2024-11,541090.0
CONFINS,2024-12,534717.0
CONFINS,2025-01,541804.0
CONFINS,2025-02,462894.0
CONFINS,2025-03,522464.0
CONFINS,2025-04,516728.0
CONFINS,2025-05,527451.0
CONFINS,2025-06,534606.0
CONFINS,2025-07,579292.0
CONFINS,2025-08,568153.0
CONFINS,2025-09,551941.0
CONFINS,2025-10,576837.0
CONFINS,2025-11,540265.0
CONFINS,2025-12,555159.0
CONFRESA,2021-01,50.0
CONFRESA,2021-02,46.0
CONFRESA,2021-03,86.0
CONFRESA,2021-04,68.0
CONFRESA,2021-05,62.0
CONFRESA,2021-06,59.0
CONFRESA,2021-07,73.0
CONFRESA,2021-08,59.0
CONFRESA,2021-09,26.0
CORNÉLIO PROCÓPIO,2022-01,6.0
CORNÉLIO PROCÓPIO,2022-02,72.0
CORNÉLIO PROCÓPIO,2022-03,74.0
CORNÉLIO PROCÓPIO,2022-04,73.0
CORNÉLIO PROCÓPIO,2022-05,19.0
CORNÉLIO PROCÓPIO,2022-06,9.0
CORNÉLIO PROCÓPIO,2022-07,14.0
CORNÉLIO PROCÓPIO,2022-08,3.0
CORNÉLIO PROCÓPIO,2022-09,11.0
CORNÉLIO PROCÓPIO,2022-10,11.0
CORNÉLIO PROCÓPIO,2022-11,3.0
CORNÉLIO PROCÓPIO,2022-12,4.0
CORREIA PINTO,2021-10,18.0
CORREIA PINTO,2021-11,8.0
CORREIA PINTO,2022-04,1818.0
CORREIA PINTO,2022-05,1983.0
CORREIA PINTO,2022-06,1821.0
CORREIA PINTO,2022-07,1663.0
CORREIA PINTO,2022-08,1244.0
CORREIA PINTO,2022-09,1087.0
CORREIA PINTO,2022-10,1173.0
CORREIA PINTO,2022-11,1030.0
CORREIA PINTO,2022-12,895.0
CORREIA PINTO,2023-01,830.0
CORREIA PINTO,2023-02,807.0
CORREIA PINTO,2023-03,1131.0
CORREIA PINTO,2023-04,987.0
CORREIA PINTO,2023-05,1289.0
CORREIA PINTO,2023-06,1193.0
CORREIA PINTO,2023-07,1263.0
CORREIA PINTO,2023-08,1161.0
CORREIA PINTO,2023-09,1038.0
CORREIA PINTO,2023-10,862.0
CORREIA PINTO,2023-11,942.0
CORREIA PINTO,2023-12,1004.0
CORREIA PINTO,2024-01,811.0
CORREIA PINTO,2024-02,877.0
CORREIA PINTO,2024-03,905.0
CORREIA PINTO,2024-04,663.0
CORREIA PINTO,2024-05,809.0
CORREIA PINTO,2024-06,981.0
CORREIA PINTO,2024-07,886.0
CORREIA PINTO,2024-08,913.0
CORREIA PINTO,2024-09,906.0
CORREIA PINTO,2024-10,776.0
CORREIA PINTO,2024-11,810.0
CORREIA PINTO,2024-12,812.0
CORREIA PINTO,2025-01,875.0
CORREIA PINTO,2025-02,847.0
CORREIA PINTO,2025-03,123.0
CORREIA PINTO,2025-11,139.0
CORREIA PINTO,2025-12,1058.0
CORUMBÁ,2021-01,500.0
CORUMBÁ,2021-02,677.0
CORUMBÁ,2021-03,669.0
CORUMBÁ,2021-04,493.0
CORUMBÁ,2021-05,553.0
CORUMBÁ,2021-06,703.0
CORUMBÁ,2021-07,1082.0
CORUMBÁ,2021-08,1111.0
CORUMBÁ,2021-09,791.0
CORUMBÁ,2021-10,979.0
CORUMBÁ,2021-11,899.0
CORUMBÁ,2021-12,921.0
CORUMBÁ,2022-01,798.0
CORUMBÁ,2022-02,882.0
CORUMBÁ,2022-03,1037.0
CORUMBÁ,2022-04,1302.0
CORUMBÁ,2022-05,1672.0
CORUMBÁ,2022-06,1535.0
CORUMBÁ,2022-07,1609.0
CORUMBÁ,2022-08,1653.0
CORUMBÁ,2022-09,1764.0
CORUMBÁ,2022-10,1800.0
CORUMBÁ,2022-11,1526.0
CORUMBÁ,2022-12,2018.0
CORUMBÁ,2023-01,1704.0
CORUMBÁ,2023-02,870.0
CORUMBÁ,2023-03,838.0
CORUMBÁ,2023-04,1012.0
CORUMBÁ,2023-05,1153.0
CORUMBÁ,2023-06,989.0
CORUMBÁ,2023-07,804.0
CORUMBÁ,2023-08,921.0
CORUMBÁ,2023-09,688.0
CORUMBÁ,2023-10,909.0
CORUMBÁ,2023-11,1023.0
CORUMBÁ,2023-12,865.0
CORUMBÁ,2024-01,623.0
CORUMBÁ,2024-02,710.0
CORUMBÁ,2024-03,851.0
CORUMBÁ,2024-04,923.0
CORUMBÁ,2024-05,982.0
CORUMBÁ,2024-06,947.0
CORUMBÁ,2024-07,1344.0
CORUMBÁ,2024-08,873.0
CORUMBÁ,2024-09,662.0
CORUMBÁ,2024-10,853.0
CORUMBÁ,2024-11,683.0
CORUMBÁ,2024-12,748.0
CORUMBÁ,2025-01,592.0
CORUMBÁ,2025-02,1286.0
CORUMBÁ,2025-03,1826.0
CORUMBÁ,2025-04,1686.0
CORUMBÁ,2025-05,1709.0
CORUMBÁ,2025-06,1627.0
CORUMBÁ,2025-07,1756.0
CORUMBÁ,2025-08,1377.0
CORUMBÁ,2025-09,1339.0
CORUMBÁ,2025-10,122.0
CRATEÚS,2022-11,7.0
CRATEÚS,2022-12,3.0
CRATEÚS,2023-01,20.0
CRATEÚS,2023-02,11.0
CRATEÚS,2023-03,7.0
CRATEÚS,2023-04,1.0
CRATEÚS,2023-05,13.0
CRATEÚS,2023-06,10.0
CRATEÚS,2023-07,32.0
CRATEÚS,2023-08,6.0
CRATEÚS,2023-09,5.0
CRATEÚS,2023-10,17.0
CRATEÚS,2023-11,3.0
CRATEÚS,2023-12,23.0
CRATEÚS,2024-01,9.0
CRATEÚS,2024-02,12.0
CRATEÚS,2024-03,6.0
CRATEÚS,2024-04,2.0
CRATEÚS,2024-05,10.0
CRATEÚS,2024-06,17.0
CRATEÚS,2024-07,12.0
CRATEÚS,2024-08,11.0
CRATEÚS,2024-09,13.0
CRATEÚS,2024-10,24.0
CRATEÚS,2024-11,13.0
CRATEÚS,2024-12,11.0
CRATEÚS,2025-01,12.0
CRATEÚS,2025-02,3.0
CRISTALINA,2023-10,0.0
CRUZ,2021-01,14942.0
CRUZ,2021-02,3999.0
CRUZ,2021-03,2293.0
CRUZ,2021-04,652.0
CRUZ,2021-05,2579.0
CRUZ,2021-06,3146.0
CRUZ,2021-07,7461.0
CRUZ,2021-08,5397.0
CRUZ,2021-09,5421.0
CRUZ,2021-10,6379.0
CRUZ,2021-11,5793.0
CRUZ,2021-12,13253.0
CRUZ,2022-01,25960.0
CRUZ,2022-02,10331.0
CRUZ,2022-03,11445.0
CRUZ,2022-04,10366.0
CRUZ,2022-05,10610.0
CRUZ,2022-06,10701.0
CRUZ,2022-07,14880.0
CRUZ,2022-08,12059.0
CRUZ,2022-09,11360.0
CRUZ,2022-10,12962.0
CRUZ,2022-11,11177.0
CRUZ,2022-12,10065.0
CRUZ,2023-01,16956.0
CRUZ,2023-02,10339.0
CRUZ,2023-03,7806.0
CRUZ,2023-04,7808.0
CRUZ,2023-05,8045.0
CRUZ,2023-06,7789.0
CRUZ,2023-07,11080.0
CRUZ,2023-08,9504.0
CRUZ,2023-09,8139.0
CRUZ,2023-10,8219.0
CRUZ,2023-11,7034.0
CRUZ,2023-12,8477.0
CRUZ,2024-01,13579.0
CRUZ,2024-02,8920.0
CRUZ,2024-03,7187.0
CRUZ,2024-04,6627.0
CRUZ,2024-05,6763.0
CRUZ,2024-06,6943.0
CRUZ,2024-07,10939.0
CRUZ,2024-08,8449.0
CRUZ,2024-09,7719.0
CRUZ,2024-10,8085.0
CRUZ,2024-11,9090.0
CRUZ,2024-12,11735.0
CRUZ,2025-01,17754.0
CRUZ,2025-02,11209.0
CRUZ,2025-03,12652.0
CRUZ,2025-04,8065.0
CRUZ,2025-05,7836.0
CRUZ,2025-06,9599.0
CRUZ,2025-07,16022.0
CRUZ,2025-08,11032.0
CRUZ,2025-09,8599.0
CRUZ,2025-10,9313.0
CRUZ,2025-11,7399.0
CRUZ,2025-12,10667.0
CRUZEIRO DO SUL,2021-01,1871.0
CRUZEIRO DO SUL,2021-02,1242.0
CRUZEIRO DO SUL,2021-03,864.0
CRUZEIRO DO SUL,2021-04,983.0
CRUZEIRO DO SUL,2021-05,1359.0
CRUZEIRO DO SUL,2021-06,1387.0
CRUZEIRO DO SUL,2021-07,1694.0
CRUZEIRO DO SUL,2021-08,1891.0
CRUZEIRO DO SUL,2021-09,1782.0
CRUZEIRO DO SUL,2021-10,1950.0
CRUZEIRO DO SUL,2021-11,2001.0
CRUZEIRO DO SUL,2021-12,1852.0
CRUZEIRO DO SUL,2022-01,2184.0
CRUZEIRO DO SUL,2022-02,1683.0
CRUZEIRO DO SUL,2022-03,2038.0
CRUZEIRO DO SUL,2022-04,1637.0
CRUZEIRO DO SUL,2022-05,1672.0
CRUZEIRO DO SUL,2022-06,1565.0
CRUZEIRO DO SUL,2022-07,1740.0
CRUZEIRO DO SUL,2022-08,2004.0
CRUZEIRO DO SUL,2022-09,1564.0
CRUZEIRO DO SUL,2022-10,1598.0
CRUZEIRO DO SUL,2022-11,1506.0
CRUZEIRO DO SUL,2022-12,1357.0
CRUZEIRO DO SUL,2023-01,1406.0
CRUZEIRO DO SUL,2023-02,1358.0
CRUZEIRO DO SUL,2023-03,1570.0
CRUZEIRO DO SUL,2023-04,1577.0
CRUZEIRO DO SUL,2023-05,1729.0
CRUZEIRO DO SUL,2023-06,1618.0
CRUZEIRO DO SUL,2023-07,1692.0
CRUZEIRO DO SUL,2023-08,2363.0
CRUZEIRO DO SUL,2023-09,1773.0
CRUZEIRO DO SUL,2023-10,1698.0
CRUZEIRO DO SUL,2023-11,1819.0
CRUZEIRO DO SUL,2023-12,1619.0
CRUZEIRO DO SUL,2024-01,1742.0
CRUZEIRO DO SUL,2024-02,1362.0
CRUZEIRO DO SUL,2024-03,1486.0
CRUZEIRO DO SUL,2024-04,1561.0
CRUZEIRO DO SUL,2024-05,1549.0
CRUZEIRO DO SUL,2024-06,1514.0
CRUZEIRO DO SUL,2024-07,1950.0
CRUZEIRO DO SUL,2024-08,2088.0
CRUZEIRO DO SUL,2024-09,1701.0
CRUZEIRO DO SUL,2024-10,1669.0
CRUZEIRO DO SUL,2024-11,1718.0
CRUZEIRO DO SUL,2024-12,1579.0
CRUZEIRO DO SUL,2025-01,1527.0
CRUZEIRO DO SUL,2025-02,1527.0
CRUZEIRO DO SUL,2025-03,1735.0
CRUZEIRO DO SUL,2025-04,1786.0
CRUZEIRO DO SUL,2025-05,1691.0
CRUZEIRO DO SUL,2025-06,1846.0
CRUZEIRO DO SUL,2025-07,1801.0
CRUZEIRO DO SUL,2025-08,1870.0
CRUZEIRO DO SUL,2025-09,1713.0
CRUZEIRO DO SUL,2025-10,1874.0
CRUZEIRO DO SUL,2025-11,1937.0
CRUZEIRO DO SUL,2025-12,1873.0
DIAMANTINA,2025-08,0.0
DIVINÓPOLIS,2024-11,7.0
DIVINÓPOLIS,2024-12,43.0
DIVINÓPOLIS,2025-01,41.0
DIVINÓPOLIS,2025-02,143.0
DIVINÓPOLIS,2025-03,0.0
DIVINÓPOLIS,2025-04,10.0
DIVINÓPOLIS,2025-05,15.0
DIVINÓPOLIS,2025-06,129.0
DIVINÓPOLIS,2025-07,143.0
DIVINÓPOLIS,2025-08,95.0
DIVINÓPOLIS,2025-09,177.0
DIVINÓPOLIS,2025-10,197.0
DIVINÓPOLIS,2025-11,192.0
DIVINÓPOLIS,2025-12,99.0
DOURADOS,2021-01,2771.0
DOURADOS,2021-02,2306.0
DOURADOS,2021-03,2065.0
DOURADOS,2021-04,1171.0
DOURADOS,2025-09,1250.0
DOURADOS,2025-10,1741.0
DOURADOS,2025-11,1422.0
DOURADOS,2025-12,1491.0
EIRUNEPÉ,2021-01,562.0
EIRUNEPÉ,2021-02,406.0
EIRUNEPÉ,2021-03,389.0
EIRUNEPÉ,2021-04,451.0
EIRUNEPÉ,2021-05,425.0
EIRUNEPÉ,2021-06,402.0
EIRUNEPÉ,2021-07,467.0
EIRUNEPÉ,2021-08,489.0
EIRUNEPÉ,2021-09,391.0
EIRUNEPÉ,2021-10,480.0
EIRUNEPÉ,2021-11,472.0
EIRUNEPÉ,2021-12,513.0
EIRUNEPÉ,2022-01,701.0
EIRUNEPÉ,2022-02,526.0
EIRUNEPÉ,2022-03,439.0
EIRUNEPÉ,2022-04,446.0
EIRUNEPÉ,2022-05,450.0
EIRUNEPÉ,2022-06,321.0
EIRUNEPÉ,2022-07,43.0
EIRUNEPÉ,2022-08,62.0
EIRUNEPÉ,2022-12,349.0
EIRUNEPÉ,2023-01,488.0
EIRUNEPÉ,2023-02,443.0
EIRUNEPÉ,2023-03,516.0
EIRUNEPÉ,2023-04,510.0
EIRUNEPÉ,2023-05,438.0
EIRUNEPÉ,2023-06,386.0
EIRUNEPÉ,2023-07,342.0
EIRUNEPÉ,2023-08,443.0
EIRUNEPÉ,2023-09,272.0
EIRUNEPÉ,2023-10,287.0
EIRUNEPÉ,2023-11,207.0
EIRUNEPÉ,2023-12,327.0
EIRUNEPÉ,2024-01,416.0
EIRUNEPÉ,2024-02,438.0
EIRUNEPÉ,2024-03,359.0
EIRUNEPÉ,2024-04,446.0
EIRUNEPÉ,2024-05,487.0
EIRUNEPÉ,2024-06,426.0
EIRUNEPÉ,2024-07,402.0
EIRUNEPÉ,2024-08,143.0
EIRUNEPÉ,2024-10,490.0
EIRUNEPÉ,2024-11,491.0
EIRUNEPÉ,2024-12,568.0
EIRUNEPÉ,2025-01,632.0
EIRUNEPÉ,2025-02,607.0
EIRUNEPÉ,2025-03,430.0
EIRUNEPÉ,2025-04,524.0
EIRUNEPÉ,2025-05,244.0
ELDORADO DO SUL,2024-05,0.0
ELDORADO DO SUL,2024-06,0.0
ELDORADO DO SUL,2024-07,0.0
ERECHIM,2021-08,96.0
ERECHIM,2021-09,76.0
ERECHIM,2021-10,44.0
ERECHIM,2021-11,48.0
ERECHIM,2021-12,64.0
ERECHIM,2022-01,55.0
ERECHIM,2022-02,55.0
ERECHIM,2022-03,44.0
ERECHIM,2022-04,58.0
ERECHIM,2022-05,41.0
ERECHIM,2022-06,31.0
ERECHIM,2022-07,60.0
ERECHIM,2022-08,68.0
ERECHIM,2022-09,25.0
ERECHIM,2022-10,23.0
ERECHIM,2022-11,20.0
ERECHIM,2022-12,3.0
FEIRA DE SANTANA,2022-12,309.0
FEIRA DE SANTANA,2023-01,915.0
FEIRA DE SANTANA,2023-02,742.0
FEIRA DE SANTANA,2023-03,793.0
FEIRA DE SANTANA,2023-04,897.0
FEIRA DE SANTANA,2023-05,822.0
FEIRA DE SANTANA,2023-06,794.0
FEIRA DE SANTANA,2023-07,818.0
FEIRA DE SANTANA,2023-08,856.0
FEIRA DE SANTANA,2023-09,1112.0
FEIRA DE SANTANA,2023-10,1161.0
FEIRA DE SANTANA,2023-11,658.0
FEIRA DE SANTANA,2023-12,698.0
FEIRA DE SANTANA,2024-01,646.0
FEIRA DE SANTANA,2024-02,430.0
FEIRA DE SANTANA,2024-03,404.0
FEIRA DE SANTANA,2024-04,448.0
FEIRA DE SANTANA,2024-05,538.0
FEIRA DE SANTANA,2024-06,532.0
FEIRA DE SANTANA,2025-06,0.0
FERNANDO DE NORONHA,2021-01,10361.0
FERNANDO DE NORONHA,2021-02,9205.0
FERNANDO DE NORONHA,2021-03,8180.0
FERNANDO DE NORONHA,2021-04,5165.0
FERNANDO DE NORONHA,2021-05,7405.0
FERNANDO DE NORONHA,2021-06,9150.0
FERNANDO DE NORONHA,2021-07,10855.0
FERNANDO DE NORONHA,2021-08,11104.0
FERNANDO DE NORONHA,2021-09,12367.0
FERNANDO DE NORONHA,2021-10,13398.0
FERNANDO DE NORONHA,2021-11,12579.0
FERNANDO DE NORONHA,2021-12,11920.0
FERNANDO DE NORONHA,2022-01,14323.0
FERNANDO DE NORONHA,2022-02,11038.0
FERNANDO DE NORONHA,2022-03,15162.0
FERNANDO DE NORONHA,2022-04,11482.0
FERNANDO DE NORONHA,2022-05,12979.0
FERNANDO DE NORONHA,2022-06,11462.0
FERNANDO DE NORONHA,2022-07,16440.0
FERNANDO DE NORONHA,2022-08,17451.0
FERNANDO DE NORONHA,2022-09,16299.0
FERNANDO DE NORONHA,2022-10,14573.0
FERNANDO DE NORONHA,2022-11,12210.0
FERNANDO DE NORONHA,2022-12,10911.0
FERNANDO DE NORONHA,2023-01,13123.0
FERNANDO DE NORONHA,2023-02,11821.0
FERNANDO DE NORONHA,2023-03,12051.0
FERNANDO DE NORONHA,2023-04,10267.0
FERNANDO DE NORONHA,2023-05,10588.0
FERNANDO DE NORONHA,2023-06,10572.0
FERNANDO DE NORONHA,2023-07,13953.0
FERNANDO DE NORONHA,2023-08,15078.0
FERNANDO DE NORONHA,2023-09,15967.0
FERNANDO DE NORONHA,2023-10,16613.0
FERNANDO DE NORONHA,2023-11,14917.0
FERNANDO DE NORONHA,2023-12,13020.0
FERNANDO DE NORONHA,2024-01,17739.0
FERNANDO DE NORONHA,2024-02,13846.0
FERNANDO DE NORONHA,2024-03,13974.0
FERNANDO DE NORONHA,2024-04,11111.0
FERNANDO DE NORONHA,2024-05,10261.0
FERNANDO DE NORONHA,2024-06,11109.0
FERNANDO DE NORONHA,2024-07,14511.0
FERNANDO DE NORONHA,2024-08,15943.0
FERNANDO DE NORONHA,2024-09,16287.0
FERNANDO DE NORONHA,2024-10,17668.0
FERNANDO DE NORONHA,2024-11,16307.0
FERNANDO DE NORONHA,2024-12,14467.0
FERNANDO DE NORONHA,2025-01,17621.0
FERNANDO DE NORONHA,2025-02,13082.0
FERNANDO DE NORONHA,2025-03,12014.0
FERNANDO DE NORONHA,2025-04,12740.0
FERNANDO DE NORONHA,2025-05,13122.0
FERNANDO DE NORONHA,2025-06,15073.0
FERNANDO DE NORONHA,2025-07,15440.0
FERNANDO DE NORONHA,2025-08,17228.0
FERNANDO DE NORONHA,2025-09,16840.0
FERNANDO DE NORONHA,2025-10,17517.0
FERNANDO DE NORONHA,2025-11,15727.0
FERNANDO DE NORONHA,2025-12,15404.0
FERNANDÓPOLIS,2023-09,0.0
FLORIANÓPOLIS,2021-01,120292.0
FLORIANÓPOLIS,2021-02,81725.0
FLORIANÓPOLIS,2021-03,56822.0
FLORIANÓPOLIS,2021-04,47605.0
FLORIANÓPOLIS,2021-05,64912.0
FLORIANÓPOLIS,2021-06,66263.0
FLORIANÓPOLIS,2021-07,90808.0
FLORIANÓPOLIS,2021-08,88936.0
FLORIANÓPOLIS,2021-09,104787.0
FLORIANÓPOLIS,2021-10,113096.0
FLORIANÓPOLIS,2021-11,127178.0
FLORIANÓPOLIS,2021-12,150549.0
FLORIANÓPOLIS,2022-01,180790.0
FLORIANÓPOLIS,2022-02,117225.0
FLORIANÓPOLIS,2022-03,142802.0
FLORIANÓPOLIS,2022-04,121819.0
FLORIANÓPOLIS,2022-05,122537.0
FLORIANÓPOLIS,2022-06,109684.0
FLORIANÓPOLIS,2022-07,137385.0
FLORIANÓPOLIS,2022-08,127926.0
FLORIANÓPOLIS,2022-09,122348.0
FLORIANÓPOLIS,2022-10,136286.0
FLORIANÓPOLIS,2022-11,147728.0
FLORIANÓPOLIS,2022-12,163275.0
FLORIANÓPOLIS,2023-01,205116.0
FLORIANÓPOLIS,2023-02,153356.0
FLORIANÓPOLIS,2023-03,162453.0
FLORIANÓPOLIS,2023-04,146385.0
FLORIANÓPOLIS,2023-05,140923.0
FLORIANÓPOLIS,2023-06,137037.0
FLORIANÓPOLIS,2023-07,153426.0
FLORIANÓPOLIS,2023-08,152673.0
FLORIANÓPOLIS,2023-09,152681.0
FLORIANÓPOLIS,2023-10,155667.0
FLORIANÓPOLIS,2023-11,163993.0
FLORIANÓPOLIS,2023-12,178036.0
FLORIANÓPOLIS,2024-01,226164.0
FLORIANÓPOLIS,2024-02,179911.0
FLORIANÓPOLIS,2024-03,175290.0
FLORIANÓPOLIS,2024-04,155391.0
FLORIANÓPOLIS,2024-05,182712.0
FLORIANÓPOLIS,2024-06,186182.0
FLORIANÓPOLIS,2024-07,237303.0
FLORIANÓPOLIS,2024-08,210309.0
FLORIANÓPOLIS,2024-09,208709.0
FLORIANÓPOLIS,2024-10,205370.0
FLORIANÓPOLIS,2024-11,187910.0
FLORIANÓPOLIS,2024-12,211459.0
FLORIANÓPOLIS,2025-01,269232.0
FLORIANÓPOLIS,2025-02,236246.0
FLORIANÓPOLIS,2025-03,231077.0
FLORIANÓPOLIS,2025-04,188192.0
FLORIANÓPOLIS,2025-05,176350.0
FLORIANÓPOLIS,2025-06,167241.0
FLORIANÓPOLIS,2025-07,193113.0
FLORIANÓPOLIS,2025-08,185287.0
FLORIANÓPOLIS,2025-09,195895.0
FLORIANÓPOLIS,2025-10,204860.0
FLORIANÓPOLIS,2025-11,203677.0
FLORIANÓPOLIS,2025-12,249853.0
FORMOSA,2023-10,0.0
FORTALEZA,2021-01,215005.0
FORTALEZA,2021-02,134441.0
FORTALEZA,2021-03,80587.0
FORTALEZA,2021-04,60695.0
FORTALEZA,2021-05,101706.0
FORTALEZA,2021-06,125496.0
FORTALEZA,2021-07,201961.0
FORTALEZA,2021-08,185736.0
FORTALEZA,2021-09,179459.0
FORTALEZA,2021-10,193182.0
FORTALEZA,2021-11,227560.0
FORTALEZA,2021-12,251160.0
FORTALEZA,2022-01,299368.0
FORTALEZA,2022-02,218553.0
FORTALEZA,2022-03,231087.0
FORTALEZA,2022-04,192165.0
FORTALEZA,2022-05,203865.0
FORTALEZA,2022-06,193794.0
FORTALEZA,2022-07,266174.0
FORTALEZA,2022-08,257145.0
FORTALEZA,2022-09,229552.0
FORTALEZA,2022-10,244717.0
FORTALEZA,2022-11,263704.0
FORTALEZA,2022-12,243210.0
FORTALEZA,2023-01,300412.0
FORTALEZA,2023-02,234354.0
FORTALEZA,2023-03,234811.0
FORTALEZA,2023-04,202162.0
FORTALEZA,2023-05,213026.0
FORTALEZA,2023-06,208716.0
FORTALEZA,2023-07,252347.0
FORTALEZA,2023-08,242992.0
FORTALEZA,2023-09,211520.0
FORTALEZA,2023-10,217242.0
FORTALEZA,2023-11,217988.0
FORTALEZA,2023-12,224886.0
FORTALEZA,2024-01,271409.0
FORTALEZA,2024-02,216809.0
FORTALEZA,2024-03,212081.0
FORTALEZA,2024-04,199594.0
FORTALEZA,2024-05,209961.0
FORTALEZA,2024-06,218286.0
FORTALEZA,2024-07,271692.0
FORTALEZA,2024-08,247170.0
FORTALEZA,2024-09,230592.0
FORTALEZA,2024-10,241992.0
FORTALEZA,2024-11,227015.0
FORTALEZA,2024-12,221939.0
FORTALEZA,2025-01,283824.0
FORTALEZA,2025-02,216178.0
FORTALEZA,2025-03,214636.0
FORTALEZA,2025-04,225376.0
FORTALEZA,2025-05,242650.0
FORTALEZA,2025-06,243572.0
FORTALEZA,2025-07,287135.0
FORTALEZA,2025-08,275752.0
FORTALEZA,2025-09,254492.0
FORTALEZA,2025-10,258154.0
FORTALEZA,2025-11,252432.0
FORTALEZA,2025-12,262945.0
FOZ DO IGUAÇU,2021-01,45878.0
FOZ DO IGUAÇU,2021-02,27544.0
FOZ DO IGUAÇU,2021-03,19019.0
FOZ DO IGUAÇU,2021-04,17560.0
FOZ DO IGUAÇU,2021-05,24655.0
FOZ DO IGUAÇU,2021-06,29651.0
FOZ DO IGUAÇU,2021-07,42999.0
FOZ DO IGUAÇU,2021-08,41068.0
FOZ DO IGUAÇU,2021-09,43041.0
FOZ DO IGUAÇU,2021-10,48082.0
FOZ DO IGUAÇU,2021-11,55632.0
FOZ DO IGUAÇU,2021-12,62470.0
FOZ DO IGUAÇU,2022-01,67517.0
FOZ DO IGUAÇU,2022-02,40027.0
FOZ DO IGUAÇU,2022-03,49644.0
FOZ DO IGUAÇU,2022-04,57635.0
FOZ DO IGUAÇU,2022-05,54520.0
FOZ DO IGUAÇU,2022-06,52825.0
FOZ DO IGUAÇU,2022-07,73435.0
FOZ DO IGUAÇU,2022-08,65284.0
FOZ DO IGUAÇU,2022-09,64126.0
FOZ DO IGUAÇU,2022-10,69600.0
FOZ DO IGUAÇU,2022-11,67955.0
FOZ DO IGUAÇU,2022-12,82594.0
FOZ DO IGUAÇU,2023-01,106663.0
FOZ DO IGUAÇU,2023-02,76116.0
FOZ DO IGUAÇU,2023-03,80389.0
FOZ DO IGUAÇU,2023-04,72212.0
FOZ DO IGUAÇU,2023-05,72929.0
FOZ DO IGUAÇU,2023-06,65538.0
FOZ DO IGUAÇU,2023-07,83988.0
FOZ DO IGUAÇU,2023-08,81572.0
FOZ DO IGUAÇU,2023-09,69861.0
FOZ DO IGUAÇU,2023-10,73701.0
FOZ DO IGUAÇU,2023-11,81525.0
FOZ DO IGUAÇU,2023-12,88367.0
FOZ DO IGUAÇU,2024-01,101413.0
FOZ DO IGUAÇU,2024-02,81482.0
FOZ DO IGUAÇU,2024-03,84727.0
FOZ DO IGUAÇU,2024-04,73342.0
FOZ DO IGUAÇU,2024-05,73326.0
FOZ DO IGUAÇU,2024-06,70129.0
FOZ DO IGUAÇU,2024-07,93905.0
FOZ DO IGUAÇU,2024-08,86826.0
FOZ DO IGUAÇU,2024-09,81458.0
FOZ DO IGUAÇU,2024-10,87122.0
FOZ DO IGUAÇU,2024-11,85517.0
FOZ DO IGUAÇU,2024-12,95029.0
FOZ DO IGUAÇU,2025-01,116678.0
FOZ DO IGUAÇU,2025-02,85362.0
FOZ DO IGUAÇU,2025-03,89150.0
FOZ DO IGUAÇU,2025-04,82724.0
FOZ DO IGUAÇU,2025-05,83929.0
FOZ DO IGUAÇU,2025-06,81991.0
FOZ DO IGUAÇU,2025-07,92358.0
FOZ DO IGUAÇU,2025-08,96245.0
FOZ DO IGUAÇU,2025-09,90225.0
FOZ DO IGUAÇU,2025-10,100413.0
FOZ DO IGUAÇU,2025-11,101234.0
FOZ DO IGUAÇU,2025-12,114370.0
FRANCA,2024-12,24.0
FRANCA,2025-01,34.0
FRANCA,2025-02,31.0
FRANCA,2025-03,21.0
FRANCA,2025-04,21.0
FRANCA,2025-05,17.0
FRANCA,2025-06,19.0
FRANCA,2025-07,10.0
FRANCA,2025-08,0.0
FRANCA,2025-09,7.0
FRANCA,2025-10,15.0
FRANCA,2025-11,11.0
FRANCA,2025-12,7.0
FRANCISCO BELTRÃO,2022-01,21.0
FRANCISCO BELTRÃO,2022-02,89.0
FRANCISCO BELTRÃO,2022-03,64.0
FRANCISCO BELTRÃO,2022-04,56.0
FRANCISCO BELTRÃO,2022-05,38.0
FRANCISCO BELTRÃO,2022-06,16.0
FRANCISCO BELTRÃO,2022-07,46.0
FRANCISCO BELTRÃO,2022-08,36.0
FRANCISCO BELTRÃO,2022-09,8.0
FRANCISCO BELTRÃO,2022-10,22.0
FRANCISCO BELTRÃO,2022-11,18.0
FRANCISCO BELTRÃO,2022-12,7.0
GARANHUNS,2022-07,34.0
GARANHUNS,2022-08,24.0
GARANHUNS,2022-09,38.0
GARANHUNS,2022-10,14.0
GARANHUNS,2022-11,19.0
GARANHUNS,2022-12,22.0
GARANHUNS,2023-01,4.0
GARANHUNS,2023-02,7.0
GARANHUNS,2023-03,9.0
GARANHUNS,2023-04,7.0
GARANHUNS,2023-05,24.0
GARANHUNS,2023-06,2.0
GARANHUNS,2023-07,0.0
GARANHUNS,2023-08,14.0
GARANHUNS,2023-09,10.0
GARANHUNS,2023-10,25.0
GARANHUNS,2023-11,30.0
GARANHUNS,2023-12,27.0
GARANHUNS,2024-01,34.0
GARANHUNS,2024-02,11.0
GARANHUNS,2024-03,24.0
GARANHUNS,2024-04,23.0
GARANHUNS,2024-05,15.0
GARANHUNS,2024-06,28.0
GARANHUNS,2024-07,71.0
GARANHUNS,2024-08,56.0
GARANHUNS,2024-09,47.0
GARANHUNS,2024-10,46.0
GARANHUNS,2024-11,18.0
GARANHUNS,2024-12,17.0
GARANHUNS,2025-01,32.0
GARANHUNS,2025-02,11.0
GARANHUNS,2025-03,8.0
GARANHUNS,2025-04,4.0
GARANHUNS,2025-05,5.0
GARANHUNS,2025-06,4.0
GARANHUNS,2025-07,12.0
GARANHUNS,2025-08,1.0
GARANHUNS,2025-09,2.0
GARANHUNS,2025-10,4.0
GARANHUNS,2025-11,3.0
GARANHUNS,2025-12,8.0
GOIANÁ,2021-01,2037.0
GOIANÁ,2021-02,1362.0
GOIANÁ,2021-03,1036.0
GOIANÁ,2021-04,764.0
GOIANÁ,2021-05,923.0
GOIANÁ,2021-06,1253.0
GOIANÁ,2021-07,1830.0
GOIANÁ,2021-08,1567.0
GOIANÁ,2021-09,1838.0
GOIANÁ,2021-10,2353.0
GOIANÁ,2021-11,2893.0
GOIANÁ,2021-12,2798.0
GOIANÁ,2022-01,2125.0
GOIANÁ,2022-02,1937.0
GOIANÁ,2022-03,2646.0
GOIANÁ,2022-04,2633.0
GOIANÁ,2022-05,3449.0
GOIANÁ,2022-06,2893.0
GOIANÁ,2022-07,3291.0
GOIANÁ,2022-08,5982.0
GOIANÁ,2022-09,7116.0
GOIANÁ,2022-10,8235.0
GOIANÁ,2022-11,7274.0
GOIANÁ,2022-12,6681.0
GOIANÁ,2023-01,7219.0
GOIANÁ,2023-02,7116.0
GOIANÁ,2023-03,8157.0
GOIANÁ,2023-04,9167.0
GOIANÁ,2023-05,9538.0
GOIANÁ,2023-06,9174.0
GOIANÁ,2023-07,11070.0
GOIANÁ,2023-08,10286.0
GOIANÁ,2023-09,10200.0
GOIANÁ,2023-10,10635.0
GOIANÁ,2023-11,9863.0
GOIANÁ,2023-12,8639.0
GOIANÁ,2024-01,8782.0
GOIANÁ,2024-02,7621.0
GOIANÁ,2024-03,9160.0
GOIANÁ,2024-04,10426.0
GOIANÁ,2024-05,10404.0
GOIANÁ,2024-06,9212.0
GOIANÁ,2024-07,8334.0
GOIANÁ,2024-08,6230.0
GOIANÁ,2024-09,6104.0
GOIANÁ,2024-10,6718.0
GOIANÁ,2024-11,7345.0
GOIANÁ,2024-12,6800.0
GOIANÁ,2025-01,6864.0
GOIANÁ,2025-02,6893.0
GOIANÁ,2025-03,5190.0
GOIANÁ,2025-04,4984.0
GOIANÁ,2025-05,5041.0
GOIANÁ,2025-06,5380.0
GOIANÁ,2025-07,5845.0
GOIANÁ,2025-08,5632.0
GOIANÁ,2025-09,5443.0
GOIANÁ,2025-10,5610.0
GOIANÁ,2025-11,5290.0
GOIANÁ,2025-12,4618.0
GOIÂNIA,2021-01,92811.0
GOIÂNIA,2021-02,64128.0
GOIÂNIA,2021-03,40812.0
GOIÂNIA,2021-04,36626.0
GOIÂNIA,2021-05,56381.0
GOIÂNIA,2021-06,65848.0
GOIÂNIA,2021-07,93991.0
GOIÂNIA,2021-08,94649.0
GOIÂNIA,2021-09,103124.0
GOIÂNIA,2021-10,108146.0
GOIÂNIA,2021-11,113984.0
GOIÂNIA,2021-12,138334.0
GOIÂNIA,2022-01,121853.0
GOIÂNIA,2022-02,84942.0
GOIÂNIA,2022-03,104483.0
GOIÂNIA,2022-04,110203.0
GOIÂNIA,2022-05,118157.0
GOIÂNIA,2022-06,110952.0
GOIÂNIA,2022-07,152973.0
GOIÂNIA,2022-08,136626.0
GOIÂNIA,2022-09,130264.0
GOIÂNIA,2022-10,141846.0
GOIÂNIA,2022-11,139109.0
GOIÂNIA,2022-12,160222.0
GOIÂNIA,2023-01,152045.0
GOIÂNIA,2023-02,115675.0
GOIÂNIA,2023-03,139057.0
GOIÂNIA,2023-04,132478.0
GOIÂNIA,2023-05,140040.0
GOIÂNIA,2023-06,137774.0
GOIÂNIA,2023-07,171415.0
GOIÂNIA,2023-08,159703.0
GOIÂNIA,2023-09,142498.0
GOIÂNIA,2023-10,143950.0
GOIÂNIA,2023-11,136365.0
GOIÂNIA,2023-12,146610.0
GOIÂNIA,2024-01,138822.0
GOIÂNIA,2024-02,121876.0
GOIÂNIA,2024-03,137901.0
GOIÂNIA,2024-04,136596.0
GOIÂNIA,2024-05,139069.0
GOIÂNIA,2024-06,138170.0
GOIÂNIA,2024-07,165482.0
GOIÂNIA,2024-08,148927.0
GOIÂNIA,2024-09,152149.0
GOIÂNIA,2024-10,154094.0
GOIÂNIA,2024-11,141971.0
GOIÂNIA,2024-12,160419.0
GOIÂNIA,2025-01,142549.0
GOIÂNIA,2025-02,128649.0
GOIÂNIA,2025-03,147849.0
GOIÂNIA,2025-04,157715.0
GOIÂNIA,2025-05,166958.0
GOIÂNIA,2025-06,166115.0
GOIÂNIA,2025-07,185454.0
GOIÂNIA,2025-08,169407.0
GOIÂNIA,2025-09,163709.0
GOIÂNIA,2025-10,169332.0
GOIÂNIA,2025-11,152217.0
GOIÂNIA,2025-12,167394.0
GOVERNADOR VALADARES,2021-01,2928.0
GOVERNADOR VALADARES,2021-02,2458.0
GOVERNADOR VALADARES,2021-03,2349.0
GOVERNADOR VALADARES,2021-04,1573.0
GOVERNADOR VALADARES,2021-05,1794.0
GOVERNADOR VALADARES,2021-06,2497.0
GOVERNADOR VALADARES,2021-07,3353.0
GOVERNADOR VALADARES,2021-08,3428.0
GOVERNADOR VALADARES,2021-09,3123.0
GOVERNADOR VALADARES,2021-10,2796.0
GOVERNADOR VALADARES,2021-11,2571.0
GOVERNADOR VALADARES,2021-12,382.0
GOVERNADOR VALADARES,2022-01,381.0
GOVERNADOR VALADARES,2022-02,556.0
GOVERNADOR VALADARES,2022-03,2283.0
GOVERNADOR VALADARES,2022-04,2407.0
GOVERNADOR VALADARES,2022-05,3245.0
GOVERNADOR VALADARES,2022-06,3074.0
GOVERNADOR VALADARES,2022-07,3181.0
GOVERNADOR VALADARES,2022-08,3396.0
GOVERNADOR VALADARES,2022-09,2721.0
GOVERNADOR VALADARES,2022-10,2658.0
GOVERNADOR VALADARES,2022-11,2885.0
GOVERNADOR VALADARES,2022-12,3003.0
GOVERNADOR VALADARES,2023-01,3477.0
GOVERNADOR VALADARES,2023-02,2934.0
GOVERNADOR VALADARES,2023-03,3453.0
GOVERNADOR VALADARES,2023-04,3054.0
GOVERNADOR VALADARES,2023-05,3211.0
GOVERNADOR VALADARES,2023-06,2864.0
GOVERNADOR VALADARES,2023-07,3963.0
GOVERNADOR VALADARES,2023-08,3130.0
GOVERNADOR VALADARES,2023-09,3086.0
GOVERNADOR VALADARES,2023-10,2910.0
GOVERNADOR VALADARES,2023-11,2901.0
GOVERNADOR VALADARES,2023-12,2914.0
GOVERNADOR VALADARES,2024-01,3488.0
GOVERNADOR VALADARES,2024-02,3379.0
GOVERNADOR VALADARES,2024-03,4042.0
GOVERNADOR VALADARES,2024-04,4151.0
GOVERNADOR VALADARES,2024-05,4432.0
GOVERNADOR VALADARES,2024-06,3073.0
GOVERNADOR VALADARES,2024-07,4670.0
GOVERNADOR VALADARES,2024-08,3870.0
GOVERNADOR VALADARES,2024-09,3125.0
GOVERNADOR VALADARES,2024-10,3372.0
GOVERNADOR VALADARES,2024-11,2900.0
GOVERNADOR VALADARES,2024-12,2412.0
GOVERNADOR VALADARES,2025-01,2638.0
GOVERNADOR VALADARES,2025-02,2936.0
GOVERNADOR VALADARES,2025-03,3768.0
GOVERNADOR VALADARES,2025-04,3421.0
GOVERNADOR VALADARES,2025-05,3715.0
GOVERNADOR VALADARES,2025-06,3830.0
GOVERNADOR VALADARES,2025-07,4602.0
GOVERNADOR VALADARES,2025-08,4456.0
GOVERNADOR VALADARES,2025-09,4197.0
GOVERNADOR VALADARES,2025-10,3781.0
GOVERNADOR VALADARES,2025-11,3180.0
GOVERNADOR VALADARES,2025-12,2472.0
GUANAMBI,2021-09,354.0
GUANAMBI,2021-10,921.0
GUANAMBI,2021-11,989.0
GUANAMBI,2021-12,933.0
GUANAMBI,2022-01,816.0
GUANAMBI,2022-02,840.0
GUANAMBI,2022-03,1082.0
GUANAMBI,2022-04,1077.0
GUANAMBI,2022-05,1294.0
GUANAMBI,2022-06,1382.0
GUANAMBI,2022-07,1814.0
GUANAMBI,2022-08,1501.0
GUANAMBI,2022-09,1231.0
GUANAMBI,2022-10,1259.0
GUANAMBI,2022-11,1175.0
GUANAMBI,2022-12,952.0
GUANAMBI,2023-01,1025.0
GUANAMBI,2023-02,869.0
GUANAMBI,2023-03,1210.0
GUANAMBI,2023-04,1348.0
GUANAMBI,2023-05,1450.0
GUANAMBI,2023-06,1532.0
GUANAMBI,2023-07,2671.0
GUANAMBI,2023-08,2416.0
GUANAMBI,2023-09,2074.0
GUANAMBI,2023-10,1727.0
GUANAMBI,2023-11,1192.0
GUANAMBI,2023-12,1458.0
GUANAMBI,2024-01,1822.0
GUANAMBI,2024-02,1363.0
GUANAMBI,2024-03,1463.0
GUANAMBI,2024-04,1103.0
GUANAMBI,2024-05,1266.0
GUANAMBI,2024-06,1472.0
GUANAMBI,2024-07,1586.0
GUANAMBI,2024-08,1364.0
GUANAMBI,2024-09,1039.0
GUANAMBI,2024-10,1173.0
GUANAMBI,2024-11,1056.0
GUANAMBI,2024-12,936.0
GUANAMBI,2025-01,1324.0
GUANAMBI,2025-02,1296.0
GUANAMBI,2025-03,1333.0
GUANAMBI,2025-04,1397.0
GUANAMBI,2025-05,1606.0
GUANAMBI,2025-06,1544.0
GUANAMBI,2025-07,1859.0
GUANAMBI,2025-08,1776.0
GUANAMBI,2025-09,1637.0
GUANAMBI,2025-10,1486.0
GUANAMBI,2025-11,1265.0
GUANAMBI,2025-12,1035.0
GUARAPARI,2021-01,204.0
GUARAPUAVA,2021-12,118.0
GUARAPUAVA,2022-01,466.0
GUARAPUAVA,2022-02,403.0
GUARAPUAVA,2022-03,503.0
GUARAPUAVA,2022-04,898.0
GUARAPUAVA,2022-05,1416.0
GUARAPUAVA,2022-06,1134.0
GUARAPUAVA,2022-07,1119.0
GUARAPUAVA,2022-08,1187.0
GUARAPUAVA,2022-09,1160.0
GUARAPUAVA,2022-10,1034.0
GUARAPUAVA,2022-11,1028.0
GUARAPUAVA,2022-12,1021.0
GUARAPUAVA,2023-01,618.0
GUARAPUAVA,2023-02,710.0
GUARAPUAVA,2023-03,1272.0
GUARAPUAVA,2023-04,1098.0
GUARAPUAVA,2023-05,1186.0
GUARAPUAVA,2023-06,1118.0
GUARAPUAVA,2023-07,1352.0
GUARAPUAVA,2023-08,1356.0
GUARAPUAVA,2023-09,1155.0
GUARAPUAVA,2023-10,1006.0
GUARAPUAVA,2023-11,854.0
GUARAPUAVA,2023-12,874.0
GUARAPUAVA,2024-01,598.0
GUARAPUAVA,2024-02,794.0
GUARAPUAVA,2024-03,1055.0
GUARAPUAVA,2024-04,879.0
GUARAPUAVA,2024-05,827.0
GUARAPUAVA,2024-06,799.0
GUARAPUAVA,2024-07,824.0
GUARAPUAVA,2024-08,815.0
GUARAPUAVA,2024-09,833.0
GUARAPUAVA,2024-10,584.0
GUARAPUAVA,2024-11,519.0
GUARAPUAVA,2024-12,548.0
GUARAPUAVA,2025-01,536.0
GUARAPUAVA,2025-02,364.0
GUARAPUAVA,2025-03,481.0
GUARAPUAVA,2025-04,569.0
GUARAPUAVA,2025-05,685.0
GUARAPUAVA,2025-06,730.0
GUARAPUAVA,2025-07,703.0
GUARAPUAVA,2025-08,620.0
GUARATINGUETÁ,2022-10,0.0
GUARULHOS,2021-01,1111707.0
GUARULHOS,2021-02,769360.0
GUARULHOS,2021-03,560253.0
GUARULHOS,2021-04,523440.0
GUARULHOS,2021-05,713935.0
GUARULHOS,2021-06,834248.0
GUARULHOS,2021-07,1097189.0
GUARULHOS,2021-08,1050423.0
GUARULHOS,2021-09,1098083.0
GUARULHOS,2021-10,1221855.0
GUARULHOS,2021-11,1345321.0
GUARULHOS,2021-12,1558060.0
GUARULHOS,2022-01,1421719.0
GUARULHOS,2022-02,1162159.0
GUARULHOS,2022-03,1301465.0
GUARULHOS,2022-04,1239828.0
GUARULHOS,2022-05,1282022.0
GUARULHOS,2022-06,1274003.0
GUARULHOS,2022-07,1565117.0
GUARULHOS,2022-08,1525372.0
GUARULHOS,2022-09,1487047.0
GUARULHOS,2022-10,1525718.0
GUARULHOS,2022-11,1508461.0
GUARULHOS,2022-12,1646916.0
GUARULHOS,2023-01,1708138.0
GUARULHOS,2023-02,1411827.0
GUARULHOS,2023-03,1603252.0
GUARULHOS,2023-04,1553885.0
GUARULHOS,2023-05,1611582.0
GUARULHOS,2023-06,1645854.0
GUARULHOS,2023-07,1891937.0
GUARULHOS,2023-08,1827080.0
GUARULHOS,2023-09,1723536.0
GUARULHOS,2023-10,1761801.0
GUARULHOS,2023-11,1689272.0
GUARULHOS,2023-12,1879696.0
GUARULHOS,2024-01,1848153.0
GUARULHOS,2024-02,1564842.0
GUARULHOS,2024-03,1690079.0
GUARULHOS,2024-04,1628967.0
GUARULHOS,2024-05,1694540.0
GUARULHOS,2024-06,1751732.0
GUARULHOS,2024-07,1999605.0
GUARULHOS,2024-08,1863401.0
GUARULHOS,2024-09,1792807.0
GUARULHOS,2024-10,1838128.0
GUARULHOS,2024-11,1800291.0
GUARULHOS,2024-12,1956215.0
GUARULHOS,2025-01,1943929.0
GUARULHOS,2025-02,1636086.0
GUARULHOS,2025-03,1801378.0
GUARULHOS,2025-04,1821080.0
GUARULHOS,2025-05,1866064.0
GUARULHOS,2025-06,1931336.0
GUARULHOS,2025-07,2149543.0
GUARULHOS,2025-08,2033739.0
GUARULHOS,2025-09,1946785.0
GUARULHOS,2025-10,2010259.0
GUARULHOS,2025-11,1949591.0
GUARULHOS,2025-12,2117385.0
GUAÍRA,2022-01,15.0
GUAÍRA,2022-02,69.0
GUAÍRA,2022-03,50.0
GUAÍRA,2022-04,40.0
GUAÍRA,2022-05,16.0
GUAÍRA,2022-06,8.0
GUAÍRA,2022-07,22.0
GUAÍRA,2022-08,34.0
GUAÍRA,2022-09,30.0
GUAÍRA,2022-10,12.0
GUAÍRA,2022-11,5.0
GUAÍRA,2022-12,20.0
GUAÍRA,2023-01,30.0
GUAÍRA,2023-02,7.0
GUAÍRA,2023-03,13.0
GUAÍRA,2023-04,34.0
GUAÍRA,2023-05,78.0
GUAÍRA,2023-06,18.0
GUAÍRA,2023-07,46.0
GUAÍRA,2023-08,84.0
GUAÍRA,2023-09,52.0
GUAÍRA,2023-10,35.0
GUAÍRA,2023-11,30.0
GUAÍRA,2023-12,50.0
GUAÍRA,2024-01,57.0
GUAÍRA,2024-02,45.0
GUAÍRA,2024-03,42.0
GUAÍRA,2024-04,48.0
GUAÍRA,2024-05,54.0
GUAÍRA,2024-06,7.0
GUAÍRA,2024-08,50.0
GUAÍRA,2024-09,56.0
GUAÍRA,2024-10,45.0
GUAÍRA,2024-11,25.0
GUAÍRA,2024-12,27.0
GUAÍRA,2025-01,37.0
GUAÍRA,2025-02,21.0
GUAÍRA,2025-03,25.0
GUAÍRA,2025-04,26.0
GUAÍRA,2025-05,23.0
GUAÍRA,2025-06,4.0
GUAÍRA,2025-07,16.0
GUAÍRA,2025-08,20.0
GUAÍRA,2025-09,24.0
GUAÍRA,2025-10,20.0
GUAÍRA,2025-11,23.0
GUAÍRA,2025-12,11.0
GURUPI,2021-11,4.0
GURUPI,2022-08,0.0
IGARASSU,2022-10,0.0
IGARASSU,2024-11,0.0
IGUATU,2022-11,0.0
IGUATU,2022-12,0.0
IGUATU,2023-01,12.0
IGUATU,2023-02,3.0
IGUATU,2023-03,2.0
IGUATU,2023-04,8.0
IGUATU,2023-05,13.0
IGUATU,2023-06,11.0
IGUATU,2023-07,17.0
IGUATU,2023-08,4.0
IGUATU,2023-09,0.0
IGUATU,2023-10,3.0
IGUATU,2023-11,1.0
IGUATU,2023-12,6.0
IGUATU,2024-01,8.0
IGUATU,2024-02,2.0
IGUATU,2024-03,2.0
IGUATU,2024-04,0.0
IGUATU,2024-05,3.0
IGUATU,2024-06,3.0
IGUATU,2024-07,1.0
IGUATU,2024-08,5.0
IGUATU,2024-09,5.0
IGUATU,2024-10,16.0
IGUATU,2024-11,7.0
IGUATU,2024-12,5.0
IGUATU,2025-01,11.0
IGUATU,2025-02,1.0
ILHÉUS,2021-01,45083.0
ILHÉUS,2021-02,22664.0
ILHÉUS,2021-03,15890.0
ILHÉUS,2021-04,10332.0
ILHÉUS,2021-05,12419.0
ILHÉUS,2021-06,16325.0
ILHÉUS,2021-07,31550.0
ILHÉUS,2021-08,24535.0
ILHÉUS,2021-09,25061.0
ILHÉUS,2021-10,26621.0
ILHÉUS,2021-11,23871.0
ILHÉUS,2021-12,29584.0
ILHÉUS,2022-01,47277.0
ILHÉUS,2022-02,26715.0
ILHÉUS,2022-03,28452.0
ILHÉUS,2022-04,21483.0
ILHÉUS,2022-05,21314.0
ILHÉUS,2022-06,19504.0
ILHÉUS,2022-07,28412.0
ILHÉUS,2022-08,26423.0
ILHÉUS,2022-09,23728.0
ILHÉUS,2022-10,25195.0
ILHÉUS,2022-11,21379.0
ILHÉUS,2022-12,24766.0
ILHÉUS,2023-01,38755.0
ILHÉUS,2023-02,23095.0
ILHÉUS,2023-03,22609.0
ILHÉUS,2023-04,20208.0
ILHÉUS,2023-05,20846.0
ILHÉUS,2023-06,19649.0
ILHÉUS,2023-07,27119.0
ILHÉUS,2023-08,24237.0
ILHÉUS,2023-09,20506.0
ILHÉUS,2023-10,22467.0
ILHÉUS,2023-11,24743.0
ILHÉUS,2023-12,28947.0
ILHÉUS,2024-01,43042.0
ILHÉUS,2024-02,31706.0
ILHÉUS,2024-03,28761.0
ILHÉUS,2024-04,24667.0
ILHÉUS,2024-05,24493.0
ILHÉUS,2024-06,23927.0
ILHÉUS,2024-07,30077.0
ILHÉUS,2024-08,26106.0
ILHÉUS,2024-09,22730.0
ILHÉUS,2024-10,23009.0
ILHÉUS,2024-11,22102.0
ILHÉUS,2024-12,29154.0
ILHÉUS,2025-01,50572.0
ILHÉUS,2025-02,20258.0
ILHÉUS,2025-03,21248.0
ILHÉUS,2025-04,19284.0
ILHÉUS,2025-05,21169.0
ILHÉUS,2025-06,22191.0
ILHÉUS,2025-07,31109.0
ILHÉUS,2025-08,25683.0
ILHÉUS,2025-09,20601.0
ILHÉUS,2025-10,21951.0
ILHÉUS,2025-11,24536.0
ILHÉUS,2025-12,29472.0
IMPERATRIZ,2021-01,13790.0
IMPERATRIZ,2021-02,10071.0
IMPERATRIZ,2021-03,6417.0
IMPERATRIZ,2021-04,5112.0
IMPERATRIZ,2021-05,6755.0
IMPERATRIZ,2021-06,7850.0
IMPERATRIZ,2021-07,11005.0
IMPERATRIZ,2021-08,13167.0
IMPERATRIZ,2021-09,13494.0
IMPERATRIZ,2021-10,14124.0
IMPERATRIZ,2021-11,14067.0
IMPERATRIZ,2021-12,17126.0
IMPERATRIZ,2022-01,14879.0
IMPERATRIZ,2022-02,10522.0
IMPERATRIZ,2022-03,10309.0
IMPERATRIZ,2022-04,7624.0
IMPERATRIZ,2022-05,10604.0
IMPERATRIZ,2022-06,10335.0
IMPERATRIZ,2022-07,14402.0
IMPERATRIZ,2022-08,12561.0
IMPERATRIZ,2022-09,10658.0
IMPERATRIZ,2022-10,10415.0
IMPERATRIZ,2022-11,10337.0
IMPERATRIZ,2022-12,11662.0
IMPERATRIZ,2023-01,10670.0
IMPERATRIZ,2023-02,9197.0
IMPERATRIZ,2023-03,11863.0
IMPERATRIZ,2023-04,11346.0
IMPERATRIZ,2023-05,11220.0
IMPERATRIZ,2023-06,10739.0
IMPERATRIZ,2023-07,14550.0
IMPERATRIZ,2023-08,13460.0
IMPERATRIZ,2023-09,11880.0
IMPERATRIZ,2023-10,11801.0
IMPERATRIZ,2023-11,12993.0
IMPERATRIZ,2023-12,16165.0
IMPERATRIZ,2024-01,14903.0
IMPERATRIZ,2024-02,12996.0
IMPERATRIZ,2024-03,12419.0
IMPERATRIZ,2024-04,12424.0
IMPERATRIZ,2024-05,14032.0
IMPERATRIZ,2024-06,14422.0
IMPERATRIZ,2024-07,14897.0
IMPERATRIZ,2024-08,14081.0
IMPERATRIZ,2024-09,12574.0
IMPERATRIZ,2024-10,13925.0
IMPERATRIZ,2024-11,12877.0
IMPERATRIZ,2024-12,13432.0
IMPERATRIZ,2025-01,12630.0
IMPERATRIZ,2025-02,11257.0
IMPERATRIZ,2025-03,11156.0
IMPERATRIZ,2025-04,11949.0
IMPERATRIZ,2025-05,13832.0
IMPERATRIZ,2025-06,15006.0
IMPERATRIZ,2025-07,16989.0
IMPERATRIZ,2025-08,17192.0
IMPERATRIZ,2025-09,14954.0
IMPERATRIZ,2025-10,15267.0
IMPERATRIZ,2025-11,13294.0
IMPERATRIZ,2025-12,14132.0
ITACOATIARA,2025-03,0.0
ITAITUBA,2021-01,836.0
ITAITUBA,2021-02,580.0
ITAITUBA,2021-03,869.0
ITAITUBA,2021-04,1073.0
ITAITUBA,2021-05,889.0
ITAITUBA,2021-06,858.0
ITAITUBA,2021-07,1095.0
ITAITUBA,2021-08,968.0
ITAITUBA,2021-09,900.0
ITAITUBA,2021-10,996.0
ITAITUBA,2021-11,970.0
ITAITUBA,2021-12,974.0
ITAITUBA,2022-01,1125.0
ITAITUBA,2022-02,719.0
ITAITUBA,2022-03,790.0
ITAITUBA,2022-04,879.0
ITAITUBA,2022-05,841.0
ITAITUBA,2022-06,690.0
ITAITUBA,2022-07,931.0
ITAITUBA,2022-08,990.0
ITAITUBA,2022-09,645.0
ITAITUBA,2022-10,615.0
ITAITUBA,2022-11,527.0
ITAITUBA,2022-12,1150.0
ITAITUBA,2023-01,1155.0
ITAITUBA,2023-02,881.0
ITAITUBA,2023-03,895.0
ITAITUBA,2023-04,717.0
ITAITUBA,2023-05,786.0
ITAITUBA,2023-06,592.0
ITAITUBA,2023-07,680.0
ITAITUBA,2023-08,628.0
ITAITUBA,2023-09,389.0
ITAITUBA,2023-10,434.0
ITAITUBA,2023-11,415.0
ITAITUBA,2023-12,826.0
ITAITUBA,2024-01,967.0
ITAITUBA,2024-02,596.0
ITAITUBA,2024-03,607.0
ITAITUBA,2024-04,526.0
ITAITUBA,2024-05,741.0
ITAITUBA,2024-06,596.0
ITAITUBA,2024-07,827.0
ITAITUBA,2024-08,497.0
ITAITUBA,2024-09,602.0
ITAITUBA,2024-10,821.0
ITAITUBA,2024-11,640.0
ITAITUBA,2024-12,886.0
ITAITUBA,2025-01,956.0
ITAITUBA,2025-02,744.0
ITAITUBA,2025-03,631.0
ITAITUBA,2025-04,575.0
ITAITUBA,2025-05,634.0
ITAITUBA,2025-06,517.0
ITAITUBA,2025-07,919.0
ITAITUBA,2025-08,762.0
ITAITUBA,2025-09,747.0
ITAITUBA,2025-10,667.0
ITAITUBA,2025-11,643.0
ITAITUBA,2025-12,705.0
ITANHAÉM,2021-01,57.0
JACAREACANGA,2024-11,0.0
JACAREACANGA,2024-12,0.0
JACAREACANGA,2025-01,0.0
JACAREACANGA,2025-02,0.0
JAGUARUNA,2021-01,3731.0
JAGUARUNA,2021-02,3116.0
JAGUARUNA,2021-03,1886.0
JAGUARUNA,2021-04,1492.0
JAGUARUNA,2021-05,1890.0
JAGUARUNA,2021-06,1998.0
JAGUARUNA,2021-07,3237.0
JAGUARUNA,2021-08,3335.0
JAGUARUNA,2021-09,4474.0
JAGUARUNA,2021-10,4924.0
JAGUARUNA,2021-11,5214.0
JAGUARUNA,2021-12,5084.0
JAGUARUNA,2022-01,4840.0
JAGUARUNA,2022-02,4858.0
JAGUARUNA,2022-03,5261.0
JAGUARUNA,2022-04,5530.0
JAGUARUNA,2022-05,5737.0
JAGUARUNA,2022-06,4854.0
JAGUARUNA,2022-07,5226.0
JAGUARUNA,2022-08,5403.0
JAGUARUNA,2022-09,5780.0
JAGUARUNA,2022-10,4373.0
JAGUARUNA,2022-11,4915.0
JAGUARUNA,2022-12,4151.0
JAGUARUNA,2023-01,4760.0
JAGUARUNA,2023-02,4373.0
JAGUARUNA,2023-03,5227.0
JAGUARUNA,2023-04,4030.0
JAGUARUNA,2023-05,4657.0
JAGUARUNA,2023-06,4392.0
JAGUARUNA,2023-07,7238.0
JAGUARUNA,2023-08,7020.0
JAGUARUNA,2023-09,7160.0
JAGUARUNA,2023-10,6741.0
JAGUARUNA,2023-11,4700.0
JAGUARUNA,2023-12,4556.0
JAGUARUNA,2024-01,5615.0
JAGUARUNA,2024-02,5042.0
JAGUARUNA,2024-03,5157.0
JAGUARUNA,2024-04,4219.0
JAGUARUNA,2024-05,7283.0
JAGUARUNA,2024-06,6108.0
JAGUARUNA,2024-07,6355.0
JAGUARUNA,2024-08,5916.0
JAGUARUNA,2024-09,4996.0
JAGUARUNA,2024-10,5891.0
JAGUARUNA,2024-11,4761.0
JAGUARUNA,2024-12,5011.0
JAGUARUNA,2025-01,5020.0
JAGUARUNA,2025-02,4587.0
JAGUARUNA,2025-03,4388.0
JAGUARUNA,2025-04,4080.0
JAGUARUNA,2025-05,3812.0
JAGUARUNA,2025-06,3341.0
JAGUARUNA,2025-07,4477.0
JAGUARUNA,2025-08,4566.0
JAGUARUNA,2025-09,5074.0
JAGUARUNA,2025-10,5176.0
JAGUARUNA,2025-11,5265.0
JAGUARUNA,2025-12,4803.0
JI-PARANÁ,2021-07,1788.0
JI-PARANÁ,2021-08,2916.0
JI-PARANÁ,2021-09,2896.0
JI-PARANÁ,2021-10,3187.0
JI-PARANÁ,2021-11,3118.0
JI-PARANÁ,2021-12,3552.0
JI-PARANÁ,2022-01,2729.0
JI-PARANÁ,2022-02,2750.0
JI-PARANÁ,2022-03,3686.0
JI-PARANÁ,2022-04,2845.0
JI-PARANÁ,2022-05,2794.0
JI-PARANÁ,2022-06,2475.0
JI-PARANÁ,2022-07,3293.0
JI-PARANÁ,2022-08,3130.0
JI-PARANÁ,2022-09,2146.0
JI-PARANÁ,2022-10,2145.0
JI-PARANÁ,2022-11,2156.0
JI-PARANÁ,2022-12,2577.0
JI-PARANÁ,2023-01,2667.0
JI-PARANÁ,2023-02,1844.0
JI-PARANÁ,2023-03,2215.0
JI-PARANÁ,2023-04,1770.0
JI-PARANÁ,2023-05,2000.0
JI-PARANÁ,2023-06,1807.0
JI-PARANÁ,2023-07,2076.0
JI-PARANÁ,2023-08,1984.0
JI-PARANÁ,2023-09,1415.0
JI-PARANÁ,2023-10,947.0
JI-PARANÁ,2023-11,1042.0
JI-PARANÁ,2023-12,1045.0
JI-PARANÁ,2024-01,1036.0
JI-PARANÁ,2024-02,922.0
JI-PARANÁ,2024-03,1050.0
JI-PARANÁ,2024-04,1110.0
JI-PARANÁ,2024-05,1313.0
JI-PARANÁ,2024-06,1344.0
JI-PARANÁ,2024-07,1171.0
JI-PARANÁ,2024-08,1018.0
JI-PARANÁ,2024-09,428.0
JI-PARANÁ,2024-10,1048.0
JI-PARANÁ,2024-11,876.0
JI-PARANÁ,2024-12,936.0
JI-PARANÁ,2025-01,841.0
JI-PARANÁ,2025-02,880.0
JI-PARANÁ,2025-03,827.0
JI-PARANÁ,2025-04,908.0
JI-PARANÁ,2025-05,812.0
JI-PARANÁ,2025-06,775.0
JI-PARANÁ,2025-07,1010.0
JI-PARANÁ,2025-08,1191.0
JI-PARANÁ,2025-09,1190.0
JI-PARANÁ,2025-10,968.0
JI-PARANÁ,2025-11,1062.0
JI-PARANÁ,2025-12,1108.0
JOINVILLE,2021-01,10606.0
JOINVILLE,2021-02,7716.0
JOINVILLE,2021-03,4899.0
JOINVILLE,2021-04,3230.0
JOINVILLE,2021-05,4624.0
JOINVILLE,2021-06,5259.0
JOINVILLE,2021-07,6491.0
JOINVILLE,2021-08,7386.0
JOINVILLE,2021-09,7241.0
JOINVILLE,2021-10,6138.0
JOINVILLE,2021-11,7837.0
JOINVILLE,2021-12,8019.0
JOINVILLE,2022-01,5834.0
JOINVILLE,2022-02,5199.0
JOINVILLE,2022-03,7812.0
JOINVILLE,2022-04,8359.0
JOINVILLE,2022-05,8896.0
JOINVILLE,2022-06,8226.0
JOINVILLE,2022-07,11486.0
JOINVILLE,2022-08,11817.0
JOINVILLE,2022-09,10431.0
JOINVILLE,2022-10,11767.0
JOINVILLE,2022-11,13841.0
JOINVILLE,2022-12,15731.0
JOINVILLE,2023-01,15651.0
JOINVILLE,2023-02,12914.0
JOINVILLE,2023-03,17430.0
JOINVILLE,2023-04,18860.0
JOINVILLE,2023-05,18405.0
JOINVILLE,2023-06,17429.0
JOINVILLE,2023-07,20131.0
JOINVILLE,2023-08,18371.0
JOINVILLE,2023-09,16414.0
JOINVILLE,2023-10,18257.0
JOINVILLE,2023-11,18527.0
JOINVILLE,2023-12,19600.0
JOINVILLE,2024-01,19190.0
JOINVILLE,2024-02,16235.0
JOINVILLE,2024-03,20287.0
JOINVILLE,2024-04,21530.0
JOINVILLE,2024-05,19990.0
JOINVILLE,2024-06,19227.0
JOINVILLE,2024-07,21575.0
JOINVILLE,2024-08,18942.0
JOINVILLE,2024-09,17326.0
JOINVILLE,2024-10,20165.0
JOINVILLE,2024-11,20310.0
JOINVILLE,2024-12,19900.0
JOINVILLE,2025-01,19060.0
JOINVILLE,2025-02,18233.0
JOINVILLE,2025-03,22444.0
JOINVILLE,2025-04,25616.0
JOINVILLE,2025-05,24169.0
JOINVILLE,2025-06,21403.0
JOINVILLE,2025-07,19530.0
JOINVILLE,2025-08,22670.0
JOINVILLE,2025-09,23297.0
JOINVILLE,2025-10,23926.0
JOINVILLE,2025-11,21022.0
JOINVILLE,2025-12,20617.0
JUAZEIRO DO NORTE,2021-01,19361.0
JUAZEIRO DO NORTE,2021-02,14797.0
JUAZEIRO DO NORTE,2021-03,10516.0
JUAZEIRO DO NORTE,2021-04,8726.0
JUAZEIRO DO NORTE,2021-05,9999.0
JUAZEIRO DO NORTE,2021-06,9840.0
JUAZEIRO DO NORTE,2021-07,19346.0
JUAZEIRO DO NORTE,2021-08,18351.0
JUAZEIRO DO NORTE,2021-09,16380.0
JUAZEIRO DO NORTE,2021-10,17812.0
JUAZEIRO DO NORTE,2021-11,21907.0
JUAZEIRO DO NORTE,2021-12,25466.0
JUAZEIRO DO NORTE,2022-01,27475.0
JUAZEIRO DO NORTE,2022-02,21757.0
JUAZEIRO DO NORTE,2022-03,22413.0
JUAZEIRO DO NORTE,2022-04,18166.0
JUAZEIRO DO NORTE,2022-05,19799.0
JUAZEIRO DO NORTE,2022-06,18276.0
JUAZEIRO DO NORTE,2022-07,26205.0
JUAZEIRO DO NORTE,2022-08,21599.0
JUAZEIRO DO NORTE,2022-09,15984.0
JUAZEIRO DO NORTE,2022-10,17783.0
JUAZEIRO DO NORTE,2022-11,19281.0
JUAZEIRO DO NORTE,2022-12,18008.0
JUAZEIRO DO NORTE,2023-01,22838.0
JUAZEIRO DO NORTE,2023-02,17081.0
JUAZEIRO DO NORTE,2023-03,17661.0
JUAZEIRO DO NORTE,2023-04,18059.0
JUAZEIRO DO NORTE,2023-05,19986.0
JUAZEIRO DO NORTE,2023-06,15891.0
JUAZEIRO DO NORTE,2023-07,24128.0
JUAZEIRO DO NORTE,2023-08,23163.0
JUAZEIRO DO NORTE,2023-09,19981.0
JUAZEIRO DO NORTE,2023-10,20551.0
JUAZEIRO DO NORTE,2023-11,18594.0
JUAZEIRO DO NORTE,2023-12,19940.0
JUAZEIRO DO NORTE,2024-01,22492.0
JUAZEIRO DO NORTE,2024-02,19272.0
JUAZEIRO DO NORTE,2024-03,18459.0
JUAZEIRO DO NORTE,2024-04,19238.0
JUAZEIRO DO NORTE,2024-05,19467.0
JUAZEIRO DO NORTE,2024-06,18495.0
JUAZEIRO DO NORTE,2024-07,26633.0
JUAZEIRO DO NORTE,2024-08,23764.0
JUAZEIRO DO NORTE,2024-09,19356.0
JUAZEIRO DO NORTE,2024-10,20323.0
JUAZEIRO DO NORTE,2024-11,17060.0
JUAZEIRO DO NORTE,2024-12,20527.0
JUAZEIRO DO NORTE,2025-01,24330.0
JUAZEIRO DO NORTE,2025-02,19789.0
JUAZEIRO DO NORTE,2025-03,18450.0
JUAZEIRO DO NORTE,2025-04,14836.0
JUAZEIRO DO NORTE,2025-05,15416.0
JUAZEIRO DO NORTE,2025-06,17235.0
JUAZEIRO DO NORTE,2025-07,23904.0
JUAZEIRO DO NORTE,2025-08,22527.0
JUAZEIRO DO NORTE,2025-09,21458.0
JUAZEIRO DO NORTE,2025-10,22624.0
JUAZEIRO DO NORTE,2025-11,19478.0
JUAZEIRO DO NORTE,2025-12,26404.0
JUIZ DE FORA,2023-05,0.0
JUNDIAÍ,2021-01,8.0
JUNDIAÍ,2021-02,0.0
JUNDIAÍ,2021-03,4.0
JUNDIAÍ,2021-04,0.0
JUNDIAÍ,2021-05,0.0
JUNDIAÍ,2021-06,0.0
JUNDIAÍ,2021-07,2.0
JUNDIAÍ,2021-08,0.0
JUNDIAÍ,2021-09,0.0
JUNDIAÍ,2021-10,0.0
JUNDIAÍ,2021-11,0.0
JUNDIAÍ,2021-12,1.0
JUNDIAÍ,2022-01,2.0
JUNDIAÍ,2022-02,2.0
JUNDIAÍ,2022-03,45.0
JUNDIAÍ,2022-04,123.0
JUNDIAÍ,2022-05,92.0
JUNDIAÍ,2022-06,65.0
JUNDIAÍ,2022-07,29.0
JUNDIAÍ,2022-08,6.0
JUNDIAÍ,2022-09,10.0
JUNDIAÍ,2022-10,5.0
JUNDIAÍ,2022-11,6.0
JUNDIAÍ,2022-12,71.0
JUNDIAÍ,2023-01,78.0
JUNDIAÍ,2023-02,81.0
JUNDIAÍ,2023-03,35.0
JUNDIAÍ,2023-04,3.0
JUNDIAÍ,2023-05,0.0
JUNDIAÍ,2023-06,0.0
JUNDIAÍ,2023-07,0.0
JUNDIAÍ,2023-08,0.0
JUNDIAÍ,2023-09,0.0
JUNDIAÍ,2023-10,0.0
JUNDIAÍ,2023-11,0.0
JUNDIAÍ,2023-12,0.0
JUNDIAÍ,2024-01,0.0
JUNDIAÍ,2024-02,0.0
JUNDIAÍ,2024-03,0.0
JUNDIAÍ,2024-04,0.0
JUNDIAÍ,2024-05,0.0
JUNDIAÍ,2024-06,0.0
JUNDIAÍ,2024-07,0.0
JUNDIAÍ,2024-08,0.0
JUNDIAÍ,2024-09,0.0
JUNDIAÍ,2024-10,0.0
JUNDIAÍ,2024-11,0.0
JUNDIAÍ,2024-12,0.0
JUNDIAÍ,2025-01,0.0
JUNDIAÍ,2025-02,0.0
JUNDIAÍ,2025-03,0.0
JUNDIAÍ,2025-04,0.0
JUNDIAÍ,2025-05,0.0
JUNDIAÍ,2025-06,0.0
JUNDIAÍ,2025-07,0.0
JUNDIAÍ,2025-08,0.0
JUNDIAÍ,2025-09,0.0
JUNDIAÍ,2025-10,0.0
JUNDIAÍ,2025-11,0.0
JUNDIAÍ,2025-12,0.0
JUÍNA,2021-01,318.0
JUÍNA,2021-02,290.0
JUÍNA,2021-03,332.0
JUÍNA,2021-04,135.0
JUÍNA,2021-05,142.0
JUÍNA,2021-06,191.0
JUÍNA,2021-07,241.0
JUÍNA,2021-08,223.0
JUÍNA,2021-09,183.0
JUÍNA,2021-10,191.0
JUÍNA,2021-11,134.0
JUÍNA,2021-12,58.0
JUÍNA,2022-01,39.0
JUÍNA,2022-02,54.0
JUÍNA,2022-03,56.0
JUÍNA,2022-04,74.0
JUÍNA,2022-05,99.0
JUÍNA,2022-06,81.0
JUÍNA,2022-07,39.0
JUÍNA,2022-08,0.0
JUÍNA,2022-09,2.0
JUÍNA,2022-10,2.0
JUÍNA,2022-11,1.0
JUÍNA,2022-12,0.0
JUÍNA,2023-01,2.0
JUÍNA,2023-02,3.0
JUÍNA,2023-03,0.0
JUÍNA,2023-04,3.0
JUÍNA,2023-05,5.0
JUÍNA,2023-06,4.0
JUÍNA,2023-07,9.0
JUÍNA,2023-08,5.0
JUÍNA,2023-09,2.0
JUÍNA,2023-10,18.0
JUÍNA,2023-11,10.0
JUÍNA,2023-12,8.0
JUÍNA,2024-01,8.0
JUÍNA,2024-02,7.0
JUÍNA,2024-03,3.0
JUÍNA,2024-04,6.0
JUÍNA,2024-05,7.0
JUÍNA,2024-06,3.0
JUÍNA,2024-07,5.0
JUÍNA,2024-08,6.0
JUÍNA,2024-09,2.0
LENÇÓIS,2022-11,68.0
LENÇÓIS,2022-12,218.0
LENÇÓIS,2023-01,1121.0
LENÇÓIS,2023-02,729.0
LENÇÓIS,2023-03,685.0
LENÇÓIS,2023-04,499.0
LENÇÓIS,2023-05,711.0
LENÇÓIS,2023-06,598.0
LENÇÓIS,2023-07,834.0
LENÇÓIS,2023-08,734.0
LENÇÓIS,2023-09,696.0
LENÇÓIS,2023-10,736.0
LENÇÓIS,2023-11,693.0
LENÇÓIS,2023-12,512.0
LENÇÓIS,2024-01,788.0
LENÇÓIS,2024-02,726.0
LENÇÓIS,2024-03,525.0
LENÇÓIS,2024-04,383.0
LENÇÓIS,2024-05,348.0
LENÇÓIS,2024-06,472.0
LENÇÓIS,2024-07,760.0
LENÇÓIS,2024-08,359.0
LENÇÓIS,2024-09,420.0
LENÇÓIS,2024-10,567.0
LENÇÓIS,2024-11,351.0
LENÇÓIS,2024-12,277.0
LENÇÓIS,2025-01,677.0
LENÇÓIS,2025-02,431.0
LENÇÓIS,2025-03,332.0
LENÇÓIS,2025-04,276.0
LENÇÓIS,2025-05,265.0
LENÇÓIS,2025-06,358.0
LENÇÓIS,2025-07,393.0
LENÇÓIS,2025-08,459.0
LENÇÓIS,2025-09,381.0
LENÇÓIS,2025-10,427.0
LENÇÓIS,2025-11,385.0
LENÇÓIS,2025-12,258.0
LINHARES,2024-01,147.0
LINHARES,2024-02,155.0
LINHARES,2024-03,132.0
LINHARES,2024-04,158.0
LINHARES,2024-05,94.0
LINHARES,2024-06,95.0
LINHARES,2024-07,195.0
LINHARES,2024-08,177.0
LINHARES,2024-09,150.0
LINHARES,2024-10,64.0
LINHARES,2024-11,9.0
LINHARES,2024-12,2.0
LINHARES,2025-01,6.0
LINHARES,2025-02,55.0
LINHARES,2025-03,69.0
LINHARES,2025-04,56.0
LINHARES,2025-05,62.0
LINHARES,2025-06,45.0
LINHARES,2025-07,68.0
LINHARES,2025-08,55.0
LINHARES,2025-09,46.0
LINHARES,2025-10,59.0
LINHARES,2025-11,44.0
LINHARES,2025-12,52.0
LONDRINA,2021-01,17229.0
LONDRINA,2021-02,13532.0
LONDRINA,2021-03,8788.0
LONDRINA,2021-04,7879.0
LONDRINA,2021-05,9811.0
LONDRINA,2021-06,12945.0
LONDRINA,2021-07,17058.0
LONDRINA,2021-08,18211.0
LONDRINA,2021-09,20908.0
LONDRINA,2021-10,23435.0
LONDRINA,2021-11,27896.0
LONDRINA,2021-12,34142.0
LONDRINA,2022-01,26755.0
LONDRINA,2022-02,21544.0
LONDRINA,2022-03,27034.0
LONDRINA,2022-04,28781.0
LONDRINA,2022-05,30360.0
LONDRINA,2022-06,27910.0
LONDRINA,2022-07,31136.0
LONDRINA,2022-08,29051.0
LONDRINA,2022-09,27408.0
LONDRINA,2022-10,26400.0
LONDRINA,2022-11,31165.0
LONDRINA,2022-12,29989.0
LONDRINA,2023-01,28740.0
LONDRINA,2023-02,23622.0
LONDRINA,2023-03,29603.0
LONDRINA,2023-04,28349.0
LONDRINA,2023-05,32586.0
LONDRINA,2023-06,28413.0
LONDRINA,2023-07,29809.0
LONDRINA,2023-08,34289.0
LONDRINA,2023-09,28893.0
LONDRINA,2023-10,30582.0
LONDRINA,2023-11,29113.0
LONDRINA,2023-12,33360.0
LONDRINA,2024-01,31986.0
LONDRINA,2024-02,25643.0
LONDRINA,2024-03,32830.0
LONDRINA,2024-04,36816.0
LONDRINA,2024-05,36070.0
LONDRINA,2024-06,35801.0
LONDRINA,2024-07,32562.0
LONDRINA,2024-08,30649.0
LONDRINA,2024-09,29570.0
LONDRINA,2024-10,30308.0
LONDRINA,2024-11,30968.0
LONDRINA,2024-12,32410.0
LONDRINA,2025-01,32058.0
LONDRINA,2025-02,27989.0
LONDRINA,2025-03,30318.0
LONDRINA,2025-04,30081.0
LONDRINA,2025-05,30041.0
LONDRINA,2025-06,28208.0
LONDRINA,2025-07,29298.0
LONDRINA,2025-08,27648.0
LONDRINA,2025-09,27226.0
LONDRINA,2025-10,30555.0
LONDRINA,2025-11,26894.0
LONDRINA,2025-12,26107.0
LUCAS DO RIO VERDE,2021-01,0.0
LÁBREA,2021-01,141.0
LÁBREA,2021-02,134.0
LÁBREA,2021-03,80.0
LÁBREA,2021-04,101.0
LÁBREA,2021-05,95.0
LÁBREA,2021-06,68.0
LÁBREA,2021-07,99.0
LÁBREA,2021-08,116.0
LÁBREA,2021-09,136.0
LÁBREA,2021-10,125.0
LÁBREA,2021-11,104.0
LÁBREA,2021-12,46.0
LÁBREA,2022-01,48.0
LÁBREA,2022-02,33.0
LÁBREA,2022-03,23.0
LÁBREA,2022-04,40.0
LÁBREA,2022-05,72.0
LÁBREA,2022-06,60.0
LÁBREA,2022-07,29.0
LÁBREA,2022-08,13.0
LÁBREA,2022-09,17.0
LÁBREA,2022-10,28.0
LÁBREA,2022-11,6.0
LÁBREA,2022-12,15.0
LÁBREA,2023-01,7.0
LÁBREA,2023-02,8.0
LÁBREA,2023-03,8.0
LÁBREA,2023-04,16.0
LÁBREA,2023-06,2.0
LÁBREA,2023-08,9.0
LÁBREA,2023-09,0.0
LÁBREA,2023-10,1.0
LÁBREA,2023-11,0.0
LÁBREA,2023-12,11.0
LÁBREA,2024-01,4.0
LÁBREA,2024-02,8.0
LÁBREA,2024-03,11.0
LÁBREA,2024-04,23.0
LÁBREA,2024-05,13.0
LÁBREA,2024-06,21.0
LÁBREA,2024-07,46.0
LÁBREA,2024-08,30.0
LÁBREA,2024-09,27.0
LÁBREA,2024-10,16.0
LÁBREA,2024-11,13.0
LÁBREA,2024-12,31.0
LÁBREA,2025-01,25.0
LÁBREA,2025-02,26.0
LÁBREA,2025-03,17.0
LÁBREA,2025-04,25.0
LÁBREA,2025-05,29.0
LÁBREA,2025-06,20.0
LÁBREA,2025-07,29.0
LÁBREA,2025-08,0.0
LÁBREA,2025-09,19.0
LÁBREA,2025-10,6.0
LÁBREA,2025-11,20.0
LÁBREA,2025-12,10.0
MACAPÁ,2021-01,21964.0
MACAPÁ,2021-02,15389.0
MACAPÁ,2021-03,11714.0
MACAPÁ,2021-04,10150.0
MACAPÁ,2021-05,14824.0
MACAPÁ,2021-06,17389.0
MACAPÁ,2021-07,23243.0
MACAPÁ,2021-08,19120.0
MACAPÁ,2021-09,18605.0
MACAPÁ,2021-10,22880.0
MACAPÁ,2021-11,23206.0
MACAPÁ,2021-12,32423.0
MACAPÁ,2022-01,29790.0
MACAPÁ,2022-02,23087.0
MACAPÁ,2022-03,21497.0
MACAPÁ,2022-04,21029.0
MACAPÁ,2022-05,20188.0
MACAPÁ,2022-06,20393.0
MACAPÁ,2022-07,29955.0
MACAPÁ,2022-08,22937.0
MACAPÁ,2022-09,20965.0
MACAPÁ,2022-10,22506.0
MACAPÁ,2022-11,24497.0
MACAPÁ,2022-12,31029.0
MACAPÁ,2023-01,28770.0
MACAPÁ,2023-02,22679.0
MACAPÁ,2023-03,22921.0
MACAPÁ,2023-04,22814.0
MACAPÁ,2023-05,24917.0
MACAPÁ,2023-06,27120.0
MACAPÁ,2023-07,31951.0
MACAPÁ,2023-08,25472.0
MACAPÁ,2023-09,24049.0
MACAPÁ,2023-10,24350.0
MACAPÁ,2023-11,21601.0
MACAPÁ,2023-12,26813.0
MACAPÁ,2024-01,28120.0
MACAPÁ,2024-02,22267.0
MACAPÁ,2024-03,25109.0
MACAPÁ,2024-04,22439.0
MACAPÁ,2024-05,23787.0
MACAPÁ,2024-06,24514.0
MACAPÁ,2024-07,31145.0
MACAPÁ,2024-08,24686.0
MACAPÁ,2024-09,23801.0
MACAPÁ,2024-10,25196.0
MACAPÁ,2024-11,22781.0
MACAPÁ,2024-12,25338.0
MACAPÁ,2025-01,25218.0
MACAPÁ,2025-02,21042.0
MACAPÁ,2025-03,21581.0
MACAPÁ,2025-04,23565.0
MACAPÁ,2025-05,23613.0
MACAPÁ,2025-06,26968.0
MACAPÁ,2025-07,29376.0
MACAPÁ,2025-08,25249.0
MACAPÁ,2025-09,24176.0
MACAPÁ,2025-10,23031.0
MACAPÁ,2025-11,22109.0
MACAPÁ,2025-12,26348.0
MACAÉ,2021-01,229.0
MACAÉ,2021-02,147.0
MACAÉ,2021-03,168.0
MACAÉ,2021-05,113.0
MACAÉ,2021-06,134.0
MACAÉ,2021-07,253.0
MACAÉ,2021-08,424.0
MACAÉ,2021-09,379.0
MACAÉ,2021-10,437.0
MACAÉ,2021-11,677.0
MACAÉ,2021-12,585.0
MACAÉ,2022-01,312.0
MACAÉ,2022-02,454.0
MACAÉ,2022-03,653.0
MACAÉ,2022-04,743.0
MACAÉ,2022-05,921.0
MACAÉ,2022-06,819.0
MACAÉ,2022-07,837.0
MACAÉ,2022-08,1755.0
MACAÉ,2022-09,2045.0
MACAÉ,2022-10,2238.0
MACAÉ,2022-11,1795.0
MACAÉ,2022-12,1906.0
MACAÉ,2023-01,1473.0
MACAÉ,2023-02,1221.0
MACAÉ,2023-03,1064.0
MACAÉ,2023-04,944.0
MACAÉ,2023-05,795.0
MANAUS,2021-01,97780.0
MANAUS,2021-02,61852.0
MANAUS,2021-03,55374.0
MANAUS,2021-04,51266.0
MANAUS,2021-05,70548.0
MANAUS,2021-06,84632.0
MANAUS,2021-07,113352.0
MANAUS,2021-08,103095.0
MANAUS,2021-09,108406.0
MANAUS,2021-10,119031.0
MANAUS,2021-11,122375.0
MANAUS,2021-12,152766.0
MANAUS,2022-01,134871.0
MANAUS,2022-02,104622.0
MANAUS,2022-03,107399.0
MANAUS,2022-04,90855.0
MANAUS,2022-05,102570.0
MANAUS,2022-06,101686.0
MANAUS,2022-07,122136.0
MANAUS,2022-08,121269.0
MANAUS,2022-09,113357.0
MANAUS,2022-10,114034.0
MANAUS,2022-11,122016.0
MANAUS,2022-12,131972.0
MANAUS,2023-01,130988.0
MANAUS,2023-02,104130.0
MANAUS,2023-03,101392.0
MANAUS,2023-04,94626.0
MANAUS,2023-05,102441.0
MANAUS,2023-06,107518.0
MANAUS,2023-07,115807.0
MANAUS,2023-08,112162.0
MANAUS,2023-09,102087.0
MANAUS,2023-10,107856.0
MANAUS,2023-11,103516.0
MANAUS,2023-12,117344.0
MANAUS,2024-01,120234.0
MANAUS,2024-02,108080.0
MANAUS,2024-03,112684.0
MANAUS,2024-04,102909.0
MANAUS,2024-05,114370.0
MANAUS,2024-06,127685.0
MANAUS,2024-07,124313.0
MANAUS,2024-08,125986.0
MANAUS,2024-09,122196.0
MANAUS,2024-10,131022.0
MANAUS,2024-11,132171.0
MANAUS,2024-12,148234.0
MANAUS,2025-01,139212.0
MANAUS,2025-02,115117.0
MANAUS,2025-03,124248.0
MANAUS,2025-04,127322.0
MANAUS,2025-05,130681.0
MANAUS,2025-06,142655.0
MANAUS,2025-07,138835.0
MANAUS,2025-08,144744.0
MANAUS,2025-09,140350.0
MANAUS,2025-10,140662.0
MANAUS,2025-11,133718.0
MANAUS,2025-12,146345.0
MANGARATIBA,2025-05,0.0
MANHUAÇU,2023-10,19.0
MANHUAÇU,2023-11,68.0
MANHUAÇU,2023-12,45.0
MANHUAÇU,2024-01,29.0
MANHUAÇU,2024-02,49.0
MANHUAÇU,2024-03,51.0
MANHUAÇU,2024-04,54.0
MANHUAÇU,2024-05,40.0
MANHUAÇU,2024-06,61.0
MANHUAÇU,2024-07,77.0
MANHUAÇU,2024-08,74.0
MANHUAÇU,2024-09,57.0
MANHUAÇU,2024-10,14.0
MANHUAÇU,2024-11,21.0
MANHUAÇU,2024-12,10.0
MANHUAÇU,2025-01,9.0
MANHUAÇU,2025-02,14.0
MANHUAÇU,2025-03,12.0
MANHUAÇU,2025-04,14.0
MANHUAÇU,2025-05,24.0
MANHUAÇU,2025-06,12.0
MANHUAÇU,2025-07,28.0
MANHUAÇU,2025-08,9.0
MANHUAÇU,2025-09,16.0
MANHUAÇU,2025-10,20.0
MANHUAÇU,2025-11,18.0
MANHUAÇU,2025-12,28.0
MANICORÉ,2021-06,31.0
MANICORÉ,2022-12,34.0
MANICORÉ,2023-01,63.0
MANICORÉ,2023-02,22.0
MANICORÉ,2023-03,42.0
MANICORÉ,2023-04,56.0
MANICORÉ,2023-05,201.0
MANICORÉ,2023-06,231.0
MANICORÉ,2023-07,217.0
MANICORÉ,2023-08,190.0
MANICORÉ,2023-09,102.0
MANICORÉ,2023-10,124.0
MANICORÉ,2023-11,61.0
MANICORÉ,2023-12,73.0
MANICORÉ,2024-01,55.0
MANICORÉ,2024-02,42.0
MANICORÉ,2024-03,100.0
MANICORÉ,2024-04,104.0
MANICORÉ,2024-05,88.0
MANICORÉ,2024-06,105.0
MANICORÉ,2024-07,123.0
MANICORÉ,2024-08,111.0
MANICORÉ,2024-09,101.0
MANICORÉ,2024-10,116.0
MANICORÉ,2024-11,86.0
MANICORÉ,2024-12,96.0
MANICORÉ,2025-01,81.0
MANICORÉ,2025-02,79.0
MANICORÉ,2025-03,64.0
MANICORÉ,2025-04,90.0
MANICORÉ,2025-05,88.0
MANICORÉ,2025-06,71.0
MANICORÉ,2025-07,124.0
MANICORÉ,2025-08,82.0
MANICORÉ,2025-09,88.0
MANICORÉ,2025-10,100.0
MANICORÉ,2025-11,67.0
MANICORÉ,2025-12,69.0
MARABÁ,2021-01,11181.0
MARABÁ,2021-02,8182.0
MARABÁ,2021-03,7191.0
MARABÁ,2021-04,6252.0
MARABÁ,2021-05,8424.0
MARABÁ,2021-06,9386.0
MARABÁ,2021-07,11797.0
MARABÁ,2021-08,11826.0
MARABÁ,2021-09,11826.0
MARABÁ,2021-10,12078.0
MARABÁ,2021-11,12417.0
MARABÁ,2021-12,16564.0
MARABÁ,2022-01,13635.0
MARABÁ,2022-02,10196.0
MARABÁ,2022-03,11139.0
MARABÁ,2022-04,9869.0
MARABÁ,2022-05,11169.0
MARABÁ,2022-06,9848.0
MARABÁ,2022-07,14533.0
MARABÁ,2022-08,14621.0
MARABÁ,2022-09,12631.0
MARABÁ,2022-10,12659.0
MARABÁ,2022-11,12148.0
MARABÁ,2022-12,15762.0
MARABÁ,2023-01,14845.0
MARABÁ,2023-02,12877.0
MARABÁ,2023-03,14987.0
MARABÁ,2023-04,15179.0
MARABÁ,2023-05,15475.0
MARABÁ,2023-06,15776.0
MARABÁ,2023-07,17015.0
MARABÁ,2023-08,17083.0
MARABÁ,2023-09,14689.0
MARABÁ,2023-10,13813.0
MARABÁ,2023-11,13357.0
MARABÁ,2023-12,15562.0
MARABÁ,2024-01,13596.0
MARABÁ,2024-02,13558.0
MARABÁ,2024-03,15737.0
MARABÁ,2024-04,15197.0
MARABÁ,2024-05,15395.0
MARABÁ,2024-06,15232.0
MARABÁ,2024-07,18533.0
MARABÁ,2024-08,17814.0
MARABÁ,2024-09,16337.0
MARABÁ,2024-10,16341.0
MARABÁ,2024-11,15461.0
MARABÁ,2024-12,17323.0
MARABÁ,2025-01,14623.0
MARABÁ,2025-02,13783.0
MARABÁ,2025-03,15188.0
MARABÁ,2025-04,16667.0
MARABÁ,2025-05,17616.0
MARABÁ,2025-06,17264.0
MARABÁ,2025-07,18062.0
MARABÁ,2025-08,16822.0
MARABÁ,2025-09,15015.0
MARABÁ,2025-10,15752.0
MARABÁ,2025-11,15035.0
MARABÁ,2025-12,15993.0
MARAÚ,2021-12,29.0
MARAÚ,2022-01,84.0
MARAÚ,2022-02,24.0
MARAÚ,2022-03,30.0
MARAÚ,2022-04,13.0
MARAÚ,2022-05,13.0
MARAÚ,2022-06,5.0
MARAÚ,2022-07,3.0
MARAÚ,2022-08,3.0
MARAÚ,2022-09,3.0
MARAÚ,2022-10,6.0
MARAÚ,2022-11,6.0
MARAÚ,2022-12,18.0
MARAÚ,2023-01,54.0
MARAÚ,2023-02,31.0
MARAÚ,2023-03,22.0
MARAÚ,2023-04,12.0
MARAÚ,2023-05,4.0
MARAÚ,2023-06,2.0
MARAÚ,2023-07,23.0
MARAÚ,2023-08,12.0
MARAÚ,2023-09,6.0
MARAÚ,2023-10,23.0
MARAÚ,2023-11,5.0
MARAÚ,2023-12,33.0
MARAÚ,2024-01,68.0
MARAÚ,2024-02,51.0
MARAÚ,2024-03,33.0
MARAÚ,2024-04,22.0
MARAÚ,2024-05,30.0
MARAÚ,2024-06,21.0
MARAÚ,2024-07,33.0
MARAÚ,2024-08,40.0
MARAÚ,2024-09,25.0
MARAÚ,2024-10,44.0
MARAÚ,2024-11,30.0
MARAÚ,2024-12,36.0
MARAÚ,2025-01,64.0
MARAÚ,2025-02,60.0
MARAÚ,2025-03,60.0
MARAÚ,2025-04,34.0
MARAÚ,2025-05,10.0
MARICÁ,2021-03,0.0
MARICÁ,2021-06,0.0
MARICÁ,2021-07,0.0
MARICÁ,2021-09,0.0
MARICÁ,2021-10,0.0
MARICÁ,2021-11,0.0
MARICÁ,2022-10,0.0
MARICÁ,2023-05,0.0
MARICÁ,2024-05,15.0
MARICÁ,2024-06,5.0
MARICÁ,2024-07,0.0
MARICÁ,2024-08,0.0
MARICÁ,2024-09,0.0
MARICÁ,2024-10,0.0
MARICÁ,2024-11,0.0
MARICÁ,2024-12,0.0
MARICÁ,2025-01,0.0
MARICÁ,2025-02,0.0
MARINGÁ,2021-01,18314.0
MARINGÁ,2021-02,16281.0
MARINGÁ,2021-03,9143.0
MARINGÁ,2021-04,8194.0
MARINGÁ,2021-05,11950.0
MARINGÁ,2021-06,12482.0
MARINGÁ,2021-07,15542.0
MARINGÁ,2021-08,17565.0
MARINGÁ,2021-09,22041.0
MARINGÁ,2021-10,22588.0
MARINGÁ,2021-11,23745.0
MARINGÁ,2021-12,27003.0
MARINGÁ,2022-01,24799.0
MARINGÁ,2022-02,16415.0
MARINGÁ,2022-03,22538.0
MARINGÁ,2022-04,22493.0
MARINGÁ,2022-05,21834.0
MARINGÁ,2022-06,19167.0
MARINGÁ,2022-07,24119.0
MARINGÁ,2022-08,24417.0
MARINGÁ,2022-09,23989.0
MARINGÁ,2022-10,24352.0
MARINGÁ,2022-11,24205.0
MARINGÁ,2022-12,25543.0
MARINGÁ,2023-01,26728.0
MARINGÁ,2023-02,22058.0
MARINGÁ,2023-03,25799.0
MARINGÁ,2023-04,26559.0
MARINGÁ,2023-05,28298.0
MARINGÁ,2023-06,26425.0
MARINGÁ,2023-07,31285.0
MARINGÁ,2023-08,33345.0
MARINGÁ,2023-09,28729.0
MARINGÁ,2023-10,29495.0
MARINGÁ,2023-11,27250.0
MARINGÁ,2023-12,25091.0
MARINGÁ,2024-01,26805.0
MARINGÁ,2024-02,24410.0
MARINGÁ,2024-03,30023.0
MARINGÁ,2024-04,34155.0
MARINGÁ,2024-05,33377.0
MARINGÁ,2024-06,31921.0
MARINGÁ,2024-07,35537.0
MARINGÁ,2024-08,33897.0
MARINGÁ,2024-09,33306.0
MARINGÁ,2024-10,32382.0
MARINGÁ,2024-11,31845.0
MARINGÁ,2024-12,31248.0
MARINGÁ,2025-01,29138.0
MARINGÁ,2025-02,28363.0
MARINGÁ,2025-03,33413.0
MARINGÁ,2025-04,35668.0
MARINGÁ,2025-05,39546.0
MARINGÁ,2025-06,36431.0
MARINGÁ,2025-07,38598.0
MARINGÁ,2025-08,39505.0
MARINGÁ,2025-09,38499.0
MARINGÁ,2025-10,37479.0
MARINGÁ,2025-11,34321.0
MARINGÁ,2025-12,35256.0
MARÍLIA,2021-01,1308.0
MARÍLIA,2021-02,1251.0
MARÍLIA,2021-03,1100.0
MARÍLIA,2021-04,907.0
MARÍLIA,2021-05,1131.0
MARÍLIA,2021-06,1173.0
MARÍLIA,2021-07,1593.0
MARÍLIA,2021-08,1545.0
MARÍLIA,2021-09,2426.0
MARÍLIA,2021-10,2518.0
MARÍLIA,2021-11,2661.0
MARÍLIA,2021-12,2161.0
MARÍLIA,2022-01,1117.0
MARÍLIA,2022-02,1303.0
MARÍLIA,2022-03,2217.0
MARÍLIA,2022-04,2269.0
MARÍLIA,2022-05,2546.0
MARÍLIA,2022-06,2568.0
MARÍLIA,2022-07,2536.0
MARÍLIA,2022-08,2633.0
MARÍLIA,2022-09,2104.0
MARÍLIA,2022-10,2307.0
MARÍLIA,2022-11,1956.0
MARÍLIA,2022-12,1815.0
MARÍLIA,2023-01,1263.0
MARÍLIA,2023-02,997.0
MARÍLIA,2023-03,1620.0
MARÍLIA,2023-04,1423.0
MARÍLIA,2023-05,1522.0
MARÍLIA,2023-06,1403.0
MARÍLIA,2023-07,1337.0
MARÍLIA,2023-08,1585.0
MARÍLIA,2023-09,1305.0
MARÍLIA,2023-10,1256.0
MARÍLIA,2023-11,1356.0
MARÍLIA,2023-12,1665.0
MARÍLIA,2024-01,1486.0
MARÍLIA,2024-02,1330.0
MARÍLIA,2024-03,1665.0
MARÍLIA,2024-04,2240.0
MARÍLIA,2024-05,2014.0
MARÍLIA,2024-06,2124.0
MARÍLIA,2024-07,1669.0
MARÍLIA,2024-08,1464.0
MARÍLIA,2024-09,1248.0
MARÍLIA,2024-10,1170.0
MARÍLIA,2024-11,918.0
MARÍLIA,2024-12,1096.0
MARÍLIA,2025-01,1058.0
MARÍLIA,2025-02,964.0
MARÍLIA,2025-03,1355.0
MARÍLIA,2025-04,1254.0
MARÍLIA,2025-05,1129.0
MARÍLIA,2025-06,1219.0
MARÍLIA,2025-07,1157.0
MARÍLIA,2025-08,1138.0
MARÍLIA,2025-09,1239.0
MARÍLIA,2025-10,1200.0
MARÍLIA,2025-11,1230.0
MARÍLIA,2025-12,695.0
MAUÉS,2021-01,64.0
MAUÉS,2021-02,60.0
MAUÉS,2021-03,9.0
MAUÉS,2021-07,36.0
MAUÉS,2021-08,18.0
MAUÉS,2021-11,144.0
MAUÉS,2021-12,125.0
MAUÉS,2022-01,139.0
MAUÉS,2022-02,99.0
MAUÉS,2022-03,142.0
MAUÉS,2022-04,112.0
MAUÉS,2022-05,119.0
MAUÉS,2022-06,108.0
MAUÉS,2022-07,146.0
MAUÉS,2022-08,80.0
MAUÉS,2022-09,58.0
MAUÉS,2022-10,53.0
MAUÉS,2022-11,3.0
MAUÉS,2022-12,7.0
MAUÉS,2023-01,6.0
MAUÉS,2023-02,14.0
MAUÉS,2023-03,24.0
MAUÉS,2023-04,15.0
MAUÉS,2023-05,28.0
MAUÉS,2023-06,13.0
MAUÉS,2023-08,42.0
MAUÉS,2023-09,7.0
MAUÉS,2023-10,12.0
MAUÉS,2023-11,13.0
MAUÉS,2023-12,10.0
MAUÉS,2024-01,8.0
MAUÉS,2024-02,12.0
MAUÉS,2024-03,20.0
MAUÉS,2024-04,11.0
MAUÉS,2024-05,15.0
MAUÉS,2024-06,19.0
MAUÉS,2024-07,46.0
MAUÉS,2024-08,42.0
MAUÉS,2024-09,30.0
MAUÉS,2024-10,32.0
MAUÉS,2024-11,29.0
MAUÉS,2024-12,35.0
MAUÉS,2025-01,31.0
MAUÉS,2025-02,30.0
MAUÉS,2025-03,32.0
MAUÉS,2025-04,30.0
MAUÉS,2025-05,33.0
MAUÉS,2025-06,23.0
MAUÉS,2025-07,38.0
MAUÉS,2025-08,26.0
MAUÉS,2025-09,18.0
MAUÉS,2025-10,18.0
MAUÉS,2025-11,21.0
MAUÉS,2025-12,25.0
MONTE ALEGRE,2021-01,48.0
MONTE ALEGRE,2021-02,20.0
MONTE ALEGRE,2021-03,0.0
MONTE ALEGRE,2021-11,29.0
MONTE ALEGRE,2021-12,2.0
MONTE ALEGRE,2022-01,1.0
MONTE ALEGRE,2022-02,1.0
MONTE ALEGRE,2022-03,7.0
MONTE ALEGRE,2022-04,0.0
MONTE ALEGRE,2022-05,0.0
MONTE ALEGRE,2022-06,0.0
MONTE ALEGRE,2022-07,8.0
MONTE ALEGRE,2022-08,0.0
MONTE ALEGRE,2022-09,3.0
MONTE ALEGRE,2022-10,8.0
MONTE ALEGRE,2022-11,0.0
MONTE ALEGRE,2022-12,0.0
MONTE ALEGRE,2023-01,0.0
MONTE ALEGRE,2023-02,1.0
MONTE ALEGRE,2023-03,0.0
MONTE ALEGRE,2023-04,0.0
MONTE ALEGRE,2023-05,2.0
MONTE ALEGRE,2023-06,0.0
MONTE ALEGRE,2023-07,0.0
MONTE ALEGRE,2023-08,2.0
MONTE ALEGRE,2023-09,0.0
MONTE ALEGRE,2023-10,3.0
MONTE ALEGRE,2023-11,3.0
MONTE ALEGRE,2023-12,0.0
MONTE ALEGRE,2024-01,1.0
MONTE ALEGRE,2024-02,4.0
MONTE ALEGRE,2024-03,0.0
MONTE ALEGRE,2024-04,0.0
MONTE ALEGRE,2024-05,0.0
MONTE ALEGRE,2024-06,0.0
MONTES CLAROS,2021-01,6941.0
MONTES CLAROS,2021-02,5109.0
MONTES CLAROS,2021-03,3447.0
MONTES CLAROS,2021-04,2384.0
MONTES CLAROS,2021-05,3005.0
MONTES CLAROS,2021-06,4329.0
MONTES CLAROS,2021-07,6780.0
MONTES CLAROS,2021-08,5802.0
MONTES CLAROS,2021-09,6899.0
MONTES CLAROS,2021-10,7627.0
MONTES CLAROS,2021-11,7619.0
MONTES CLAROS,2021-12,9290.0
MONTES CLAROS,2022-01,8483.0
MONTES CLAROS,2022-02,6845.0
MONTES CLAROS,2022-03,7736.0
MONTES CLAROS,2022-04,7921.0
MONTES CLAROS,2022-05,7820.0
MONTES CLAROS,2022-06,7559.0
MONTES CLAROS,2022-07,11610.0
MONTES CLAROS,2022-08,11553.0
MONTES CLAROS,2022-09,13140.0
MONTES CLAROS,2022-10,13562.0
MONTES CLAROS,2022-11,12605.0
MONTES CLAROS,2022-12,13538.0
MONTES CLAROS,2023-01,15677.0
MONTES CLAROS,2023-02,12397.0
MONTES CLAROS,2023-03,13913.0
MONTES CLAROS,2023-04,13312.0
MONTES CLAROS,2023-05,14223.0
MONTES CLAROS,2023-06,13984.0
MONTES CLAROS,2023-07,16283.0
MONTES CLAROS,2023-08,16155.0
MONTES CLAROS,2023-09,14964.0
MONTES CLAROS,2023-10,15793.0
MONTES CLAROS,2023-11,13018.0
MONTES CLAROS,2023-12,14247.0
MONTES CLAROS,2024-01,14726.0
MONTES CLAROS,2024-02,10740.0
MONTES CLAROS,2024-03,12053.0
MONTES CLAROS,2024-04,14125.0
MONTES CLAROS,2024-05,15049.0
MONTES CLAROS,2024-06,16103.0
MONTES CLAROS,2024-07,17302.0
MONTES CLAROS,2024-08,16250.0
MONTES CLAROS,2024-09,14648.0
MONTES CLAROS,2024-10,15541.0
MONTES CLAROS,2024-11,13522.0
MONTES CLAROS,2024-12,14066.0
MONTES CLAROS,2025-01,15826.0
MONTES CLAROS,2025-02,12373.0
MONTES CLAROS,2025-03,14246.0
MONTES CLAROS,2025-04,13656.0
MONTES CLAROS,2025-05,14734.0
MONTES CLAROS,2025-06,15566.0
MONTES CLAROS,2025-07,16058.0
MONTES CLAROS,2025-08,16652.0
MONTES CLAROS,2025-09,15567.0
MONTES CLAROS,2025-10,16059.0
MONTES CLAROS,2025-11,12603.0
MONTES CLAROS,2025-12,11788.0
MOSSORÓ,2021-03,472.0
MOSSORÓ,2021-04,384.0
MOSSORÓ,2021-05,633.0
MOSSORÓ,2021-06,622.0
MOSSORÓ,2021-07,1124.0
MOSSORÓ,2021-08,1310.0
MOSSORÓ,2021-09,1267.0
MOSSORÓ,2021-10,1228.0
MOSSORÓ,2021-11,1594.0
MOSSORÓ,2021-12,1408.0
MOSSORÓ,2022-01,1099.0
MOSSORÓ,2022-02,1130.0
MOSSORÓ,2022-03,1550.0
MOSSORÓ,2022-04,1451.0
MOSSORÓ,2022-05,1661.0
MOSSORÓ,2022-06,1573.0
MOSSORÓ,2022-07,1426.0
MOSSORÓ,2022-08,1571.0
MOSSORÓ,2022-09,1323.0
MOSSORÓ,2022-10,1238.0
MOSSORÓ,2022-11,1232.0
MOSSORÓ,2022-12,1316.0
MOSSORÓ,2023-01,1606.0
MOSSORÓ,2023-02,991.0
MOSSORÓ,2023-03,1020.0
MOSSORÓ,2023-04,924.0
MOSSORÓ,2023-05,1097.0
MOSSORÓ,2023-06,1136.0
MOSSORÓ,2023-07,1088.0
MOSSORÓ,2023-08,1232.0
MOSSORÓ,2023-09,1163.0
MOSSORÓ,2023-10,987.0
MOSSORÓ,2023-11,1070.0
MOSSORÓ,2023-12,1272.0
MOSSORÓ,2024-01,3584.0
MOSSORÓ,2024-02,2911.0
MOSSORÓ,2024-03,2958.0
MOSSORÓ,2024-04,2693.0
MOSSORÓ,2024-05,2978.0
MOSSORÓ,2024-06,2887.0
MOSSORÓ,2024-07,2888.0
MOSSORÓ,2024-08,2237.0
MOSSORÓ,2024-09,1280.0
MOSSORÓ,2024-10,755.0
MOSSORÓ,2024-11,725.0
MOSSORÓ,2024-12,487.0
MOSSORÓ,2025-01,821.0
MOSSORÓ,2025-02,701.0
MOSSORÓ,2025-03,115.0
NAVEGANTES,2021-01,67346.0
NAVEGANTES,2021-02,46976.0
NAVEGANTES,2021-03,33548.0
NAVEGANTES,2021-04,26748.0
NAVEGANTES,2021-05,37507.0
NAVEGANTES,2021-06,40914.0
NAVEGANTES,2021-07,61185.0
NAVEGANTES,2021-08,59478.0
NAVEGANTES,2021-09,64213.0
NAVEGANTES,2021-10,69240.0
NAVEGANTES,2021-11,78242.0
NAVEGANTES,2021-12,85006.0
NAVEGANTES,2022-01,91314.0
NAVEGANTES,2022-02,59123.0
NAVEGANTES,2022-03,74375.0
NAVEGANTES,2022-04,74336.0
NAVEGANTES,2022-05,80164.0
NAVEGANTES,2022-06,72606.0
NAVEGANTES,2022-07,88567.0
NAVEGANTES,2022-08,82120.0
NAVEGANTES,2022-09,76038.0
NAVEGANTES,2022-10,81711.0
NAVEGANTES,2022-11,76751.0
NAVEGANTES,2022-12,90714.0
NAVEGANTES,2023-01,113443.0
NAVEGANTES,2023-02,75580.0
NAVEGANTES,2023-03,88046.0
NAVEGANTES,2023-04,88837.0
NAVEGANTES,2023-05,92712.0
NAVEGANTES,2023-06,81699.0
NAVEGANTES,2023-07,104391.0
NAVEGANTES,2023-08,97102.0
NAVEGANTES,2023-09,89274.0
NAVEGANTES,2023-10,94176.0
NAVEGANTES,2023-11,84530.0
NAVEGANTES,2023-12,85701.0
NAVEGANTES,2024-01,102447.0
NAVEGANTES,2024-02,76898.0
NAVEGANTES,2024-03,91464.0
NAVEGANTES,2024-04,85455.0
NAVEGANTES,2024-05,85632.0
NAVEGANTES,2024-06,78064.0
NAVEGANTES,2024-07,100043.0
NAVEGANTES,2024-08,87696.0
NAVEGANTES,2024-09,87454.0
NAVEGANTES,2024-10,98625.0
NAVEGANTES,2024-11,87063.0
NAVEGANTES,2024-12,92572.0
NAVEGANTES,2025-01,105035.0
NAVEGANTES,2025-02,78982.0
NAVEGANTES,2025-03,90505.0
NAVEGANTES,2025-04,86322.0
NAVEGANTES,2025-05,88910.0
NAVEGANTES,2025-06,86924.0
NAVEGANTES,2025-07,105615.0
NAVEGANTES,2025-08,91029.0
NAVEGANTES,2025-09,88975.0
NAVEGANTES,2025-10,105652.0
NAVEGANTES,2025-11,96978.0
NAVEGANTES,2025-12,102463.0
NOVA MUTUM,2021-01,5.0
NOVA MUTUM,2021-02,23.0
NOVO ARIPUANÃ,2023-07,0.0
OIAPOQUE,2022-10,6.0
OIAPOQUE,2022-11,58.0
OIAPOQUE,2022-12,20.0
OIAPOQUE,2023-01,138.0
OIAPOQUE,2023-02,335.0
OIAPOQUE,2023-03,344.0
OIAPOQUE,2023-04,321.0
OIAPOQUE,2023-05,119.0
OIAPOQUE,2023-06,112.0
OIAPOQUE,2024-10,0.0
OIAPOQUE,2025-04,0.0
OIAPOQUE,2025-08,105.0
OIAPOQUE,2025-10,504.0
OIAPOQUE,2025-11,543.0
OIAPOQUE,2025-12,670.0
ORIXIMINÁ,2021-01,172.0
ORIXIMINÁ,2021-02,136.0
ORIXIMINÁ,2021-03,89.0
ORIXIMINÁ,2021-04,80.0
ORIXIMINÁ,2021-05,111.0
ORIXIMINÁ,2021-06,110.0
ORIXIMINÁ,2021-07,104.0
ORIXIMINÁ,2021-08,137.0
ORIXIMINÁ,2021-09,90.0
ORIXIMINÁ,2021-10,108.0
ORIXIMINÁ,2021-11,173.0
ORIXIMINÁ,2021-12,322.0
ORIXIMINÁ,2022-01,163.0
ORIXIMINÁ,2022-02,51.0
ORIXIMINÁ,2022-03,71.0
ORIXIMINÁ,2022-04,93.0
ORIXIMINÁ,2022-05,55.0
ORIXIMINÁ,2022-06,110.0
ORIXIMINÁ,2022-07,87.0
ORIXIMINÁ,2022-08,57.0
ORIXIMINÁ,2022-09,85.0
ORIXIMINÁ,2022-10,118.0
ORIXIMINÁ,2022-11,53.0
ORIXIMINÁ,2022-12,566.0
ORIXIMINÁ,2023-01,401.0
ORIXIMINÁ,2023-02,395.0
ORIXIMINÁ,2023-03,366.0
ORIXIMINÁ,2023-04,245.0
ORIXIMINÁ,2023-05,248.0
ORIXIMINÁ,2023-06,242.0
ORIXIMINÁ,2023-07,372.0
ORIXIMINÁ,2023-08,277.0
ORIXIMINÁ,2023-09,242.0
ORIXIMINÁ,2023-10,250.0
ORIXIMINÁ,2023-11,172.0
ORIXIMINÁ,2023-12,216.0
ORIXIMINÁ,2024-01,185.0
ORIXIMINÁ,2024-02,231.0
ORIXIMINÁ,2024-03,300.0
ORIXIMINÁ,2024-04,292.0
ORIXIMINÁ,2024-05,327.0
ORIXIMINÁ,2024-06,230.0
ORIXIMINÁ,2024-07,372.0
ORIXIMINÁ,2024-08,290.0
ORIXIMINÁ,2024-09,354.0
ORIXIMINÁ,2024-10,365.0
ORIXIMINÁ,2024-11,350.0
ORIXIMINÁ,2024-12,237.0
ORIXIMINÁ,2025-01,207.0
ORIXIMINÁ,2025-02,267.0
ORIXIMINÁ,2025-03,380.0
ORIXIMINÁ,2025-04,364.0
ORIXIMINÁ,2025-05,379.0
ORIXIMINÁ,2025-06,391.0
ORIXIMINÁ,2025-07,362.0
ORIXIMINÁ,2025-08,340.0
ORIXIMINÁ,2025-09,323.0
ORIXIMINÁ,2025-10,375.0
ORIXIMINÁ,2025-11,294.0
ORIXIMINÁ,2025-12,405.0
OURILÂNDIA DO NORTE,2024-06,51.0
OURILÂNDIA DO NORTE,2024-07,93.0
OURILÂNDIA DO NORTE,2024-08,84.0
OURILÂNDIA DO NORTE,2024-09,51.0
OURILÂNDIA DO NORTE,2024-10,12.0
OURILÂNDIA DO NORTE,2024-11,47.0
OURILÂNDIA DO NORTE,2024-12,31.0
OURILÂNDIA DO NORTE,2025-01,16.0
OURILÂNDIA DO NORTE,2025-02,30.0
OURILÂNDIA DO NORTE,2025-03,18.0
OURILÂNDIA DO NORTE,2025-04,24.0
OURILÂNDIA DO NORTE,2025-05,17.0
OURILÂNDIA DO NORTE,2025-06,38.0
OURILÂNDIA DO NORTE,2025-07,40.0
OURILÂNDIA DO NORTE,2025-08,19.0
OURILÂNDIA DO NORTE,2025-09,51.0
OURILÂNDIA DO NORTE,2025-10,57.0
OURILÂNDIA DO NORTE,2025-11,19.0
OURILÂNDIA DO NORTE,2025-12,33.0
PALMAS,2021-01,20175.0
PALMAS,2021-02,14347.0
PALMAS,2021-03,9467.0
PALMAS,2021-04,8535.0
PALMAS,2021-05,12784.0
PALMAS,2021-06,14465.0
PALMAS,2021-07,21848.0
PALMAS,2021-08,21721.0
PALMAS,2021-09,22182.0
PALMAS,2021-10,23270.0
PALMAS,2021-11,22415.0
PALMAS,2021-12,26687.0
PALMAS,2022-01,25274.0
PALMAS,2022-02,16963.0
PALMAS,2022-03,23171.0
PALMAS,2022-04,21034.0
PALMAS,2022-05,24541.0
PALMAS,2022-06,22116.0
PALMAS,2022-07,28556.0
PALMAS,2022-08,27696.0
PALMAS,2022-09,24903.0
PALMAS,2022-10,26505.0
PALMAS,2022-11,28452.0
PALMAS,2022-12,32069.0
PALMAS,2023-01,28356.0
PALMAS,2023-02,23211.0
PALMAS,2023-03,25716.0
PALMAS,2023-04,24060.0
PALMAS,2023-05,28976.0
PALMAS,2023-06,28918.0
PALMAS,2023-07,33944.0
PALMAS,2023-08,33657.0
PALMAS,2023-09,30844.0
PALMAS,2023-10,31637.0
PALMAS,2023-11,26776.0
PALMAS,2023-12,30536.0
PALMAS,2024-01,28596.0
PALMAS,2024-02,24474.0
PALMAS,2024-03,26286.0
PALMAS,2024-04,25987.0
PALMAS,2024-05,27607.0
PALMAS,2024-06,29066.0
PALMAS,2024-07,38900.0
PALMAS,2024-08,35496.0
PALMAS,2024-09,33944.0
PALMAS,2024-10,29349.0
PALMAS,2024-11,29017.0
PALMAS,2024-12,32505.0
PALMAS,2025-01,30277.0
PALMAS,2025-02,23573.0
PALMAS,2025-03,27306.0
PALMAS,2025-04,29441.0
PALMAS,2025-05,31676.0
PALMAS,2025-06,33885.0
PALMAS,2025-07,35827.0
PALMAS,2025-08,32927.0
PALMAS,2025-09,30853.0
PALMAS,2025-10,30585.0
PALMAS,2025-11,30156.0
PALMAS,2025-12,31257.0
PARACATU,2022-12,15.0
PARACATU,2023-01,26.0
PARACATU,2023-02,27.0
PARACATU,2023-03,18.0
PARACATU,2023-04,54.0
PARACATU,2023-05,40.0
PARACATU,2023-06,36.0
PARACATU,2023-07,32.0
PARACATU,2023-08,36.0
PARACATU,2023-09,35.0
PARACATU,2023-10,22.0
PARACATU,2023-11,17.0
PARACATU,2023-12,17.0
PARACATU,2024-01,20.0
PARACATU,2024-02,12.0
PARACATU,2024-03,9.0
PARACATU,2024-04,19.0
PARACATU,2024-05,39.0
PARACATU,2024-06,48.0
PARACATU,2024-07,67.0
PARACATU,2024-08,72.0
PARACATU,2024-09,43.0
PARACATU,2024-10,31.0
PARACATU,2024-11,20.0
PARACATU,2024-12,29.0
PARACATU,2025-01,11.0
PARACATU,2025-02,13.0
PARACATU,2025-03,19.0
PARACATU,2025-04,22.0
PARACATU,2025-05,17.0
PARACATU,2025-06,15.0
PARACATU,2025-07,15.0
PARACATU,2025-08,21.0
PARACATU,2025-09,19.0
PARACATU,2025-10,20.0
PARACATU,2025-11,27.0
PARACATU,2025-12,15.0
PARAGOMINAS,2021-11,34.0
PARAGOMINAS,2021-12,125.0
PARAGOMINAS,2022-01,88.0
PARAGOMINAS,2022-02,85.0
PARAGOMINAS,2022-03,101.0
PARAGOMINAS,2022-04,83.0
PARAGOMINAS,2022-05,86.0
PARAGOMINAS,2022-06,77.0
PARAGOMINAS,2022-07,105.0
PARAGOMINAS,2022-08,104.0
PARAGOMINAS,2022-09,170.0
PARAGOMINAS,2022-10,103.0
PARAGOMINAS,2022-11,57.0
PARAGOMINAS,2022-12,46.0
PARAGOMINAS,2023-01,29.0
PARAGOMINAS,2023-02,36.0
PARAGOMINAS,2023-03,66.0
PARAGOMINAS,2023-04,72.0
PARAGOMINAS,2023-05,88.0
PARAGOMINAS,2023-06,66.0
PARAGOMINAS,2023-07,55.0
PARAGOMINAS,2023-08,70.0
PARAGOMINAS,2023-09,31.0
PARAGOMINAS,2023-10,29.0
PARAGOMINAS,2023-11,17.0
PARAGOMINAS,2023-12,37.0
PARAGOMINAS,2024-01,13.0
PARAGOMINAS,2024-02,26.0
PARAGOMINAS,2024-03,21.0
PARAGOMINAS,2024-04,51.0
PARAGOMINAS,2024-05,30.0
PARAGOMINAS,2024-06,30.0
PARAGOMINAS,2024-07,36.0
PARAGOMINAS,2024-08,43.0
PARAGOMINAS,2024-09,22.0
PARAGOMINAS,2024-10,41.0
PARAGOMINAS,2024-11,27.0
PARAGOMINAS,2024-12,22.0
PARAGOMINAS,2025-01,21.0
PARAGOMINAS,2025-02,27.0
PARAGOMINAS,2025-03,3.0
PARAGOMINAS,2025-04,10.0
PARAGOMINAS,2025-05,24.0
PARAGOMINAS,2025-06,8.0
PARAGOMINAS,2025-07,25.0
PARAGOMINAS,2025-08,27.0
PARAGOMINAS,2025-09,25.0
PARAGOMINAS,2025-10,28.0
PARAGOMINAS,2025-11,8.0
PARAGOMINAS,2025-12,11.0
PARATY,2021-01,202.0
PARATY,2021-02,22.0
PARATY,2022-12,0.0
PARATY,2025-03,0.0
PARAUAPEBAS,2021-01,3566.0
PARAUAPEBAS,2021-02,4098.0
PARAUAPEBAS,2021-03,3297.0
PARAUAPEBAS,2021-04,2927.0
PARAUAPEBAS,2021-05,3341.0
PARAUAPEBAS,2021-06,3577.0
PARAUAPEBAS,2021-07,5573.0
PARAUAPEBAS,2021-08,4340.0
PARAUAPEBAS,2021-09,4655.0
PARAUAPEBAS,2021-10,4442.0
PARAUAPEBAS,2021-11,5378.0
PARAUAPEBAS,2021-12,6513.0
PARAUAPEBAS,2022-01,2770.0
PARAUAPEBAS,2022-02,4451.0
PARAUAPEBAS,2022-03,5223.0
PARAUAPEBAS,2022-04,5579.0
PARAUAPEBAS,2022-05,5672.0
PARAUAPEBAS,2022-06,5673.0
PARAUAPEBAS,2022-07,6356.0
PARAUAPEBAS,2022-08,5171.0
PARAUAPEBAS,2022-09,5349.0
PARAUAPEBAS,2022-10,5533.0
PARAUAPEBAS,2022-11,4765.0
PARAUAPEBAS,2022-12,5597.0
PARAUAPEBAS,2023-01,3627.0
PARAUAPEBAS,2023-02,3891.0
PARAUAPEBAS,2023-03,5031.0
PARAUAPEBAS,2023-04,5440.0
PARAUAPEBAS,2023-05,6682.0
PARAUAPEBAS,2023-06,6726.0
PARAUAPEBAS,2023-07,7658.0
PARAUAPEBAS,2023-08,7119.0
PARAUAPEBAS,2023-09,7024.0
PARAUAPEBAS,2023-10,7542.0
PARAUAPEBAS,2023-11,6862.0
PARAUAPEBAS,2023-12,8240.0
PARAUAPEBAS,2024-01,6761.0
PARAUAPEBAS,2024-02,6543.0
PARAUAPEBAS,2024-03,7686.0
PARAUAPEBAS,2024-04,7330.0
PARAUAPEBAS,2024-05,7562.0
PARAUAPEBAS,2024-06,7886.0
PARAUAPEBAS,2024-07,8724.0
PARAUAPEBAS,2024-08,8109.0
PARAUAPEBAS,2024-09,8200.0
PARAUAPEBAS,2024-10,8283.0
PARAUAPEBAS,2024-11,8112.0
PARAUAPEBAS,2024-12,9359.0
PARAUAPEBAS,2025-01,6987.0
PARAUAPEBAS,2025-02,7644.0
PARAUAPEBAS,2025-03,7593.0
PARAUAPEBAS,2025-04,8993.0
PARAUAPEBAS,2025-05,9182.0
PARAUAPEBAS,2025-06,8928.0
PARAUAPEBAS,2025-07,9479.0
PARAUAPEBAS,2025-08,9277.0
PARAUAPEBAS,2025-09,9076.0
PARAUAPEBAS,2025-10,9673.0
PARAUAPEBAS,2025-11,9164.0
PARAUAPEBAS,2025-12,12029.0
PARELHAS,2024-07,18.0
PARINTINS,2021-01,1183.0
PARINTINS,2021-02,969.0
PARINTINS,2021-03,905.0
PARINTINS,2021-04,907.0
PARINTINS,2021-05,1240.0
PARINTINS,2021-06,1350.0
PARINTINS,2021-07,1545.0
PARINTINS,2021-08,2569.0
PARINTINS,2021-09,2332.0
PARINTINS,2021-10,2468.0
PARINTINS,2021-11,2562.0
PARINTINS,2021-12,2515.0
PARINTINS,2022-01,2199.0
PARINTINS,2022-02,1780.0
PARINTINS,2022-03,2219.0
PARINTINS,2022-04,1680.0
PARINTINS,2022-05,2501.0
PARINTINS,2022-06,5307.0
PARINTINS,2022-07,2697.0
PARINTINS,2022-08,2342.0
PARINTINS,2022-09,1840.0
PARINTINS,2022-10,1628.0
PARINTINS,2022-11,1576.0
PARINTINS,2022-12,1981.0
PARINTINS,2023-01,2222.0
PARINTINS,2023-02,1365.0
PARINTINS,2023-03,1687.0
PARINTINS,2023-04,1513.0
PARINTINS,2023-05,1544.0
PARINTINS,2023-06,1451.0
PARINTINS,2023-07,5000.0
PARINTINS,2023-08,1220.0
PARINTINS,2023-09,819.0
PARINTINS,2023-10,1403.0
PARINTINS,2023-11,882.0
PARINTINS,2023-12,1069.0
PARINTINS,2024-01,1230.0
PARINTINS,2024-02,1060.0
PARINTINS,2024-03,1029.0
PARINTINS,2024-04,1056.0
PARINTINS,2024-05,1544.0
PARINTINS,2024-06,4331.0
PARINTINS,2024-07,4859.0
PARINTINS,2024-08,1138.0
PARINTINS,2024-09,1130.0
PARINTINS,2024-10,1548.0
PARINTINS,2024-11,1459.0
PARINTINS,2024-12,1159.0
PARINTINS,2025-01,759.0
PARINTINS,2025-02,654.0
PARINTINS,2025-03,850.0
PARINTINS,2025-04,797.0
PARINTINS,2025-05,1105.0
PARINTINS,2025-06,4439.0
PARINTINS,2025-07,1647.0
PARINTINS,2025-08,1088.0
PARINTINS,2025-09,911.0
PARINTINS,2025-10,1005.0
PARINTINS,2025-11,852.0
PARINTINS,2025-12,869.0
PARNAMIRIM,2021-09,3033.0
PARNAMIRIM,2021-11,4163.0
PARNAMIRIM,2021-12,1270.0
PARNAMIRIM,2024-02,0.0
PARNAÍBA,2021-01,1350.0
PARNAÍBA,2021-02,902.0
PARNAÍBA,2021-03,786.0
PARNAÍBA,2021-04,588.0
PARNAÍBA,2021-05,749.0
PARNAÍBA,2021-06,837.0
PARNAÍBA,2021-07,1114.0
PARNAÍBA,2021-08,1120.0
PARNAÍBA,2021-09,1135.0
PARNAÍBA,2021-10,1050.0
PARNAÍBA,2021-11,921.0
PARNAÍBA,2021-12,1337.0
PARNAÍBA,2022-01,2161.0
PARNAÍBA,2022-02,1393.0
PARNAÍBA,2022-03,1246.0
PARNAÍBA,2022-04,1015.0
PARNAÍBA,2022-05,1186.0
PARNAÍBA,2022-06,1092.0
PARNAÍBA,2022-07,1483.0
PARNAÍBA,2022-08,1402.0
PARNAÍBA,2022-09,1086.0
PARNAÍBA,2022-10,990.0
PARNAÍBA,2022-11,877.0
PARNAÍBA,2022-12,851.0
PARNAÍBA,2023-01,1269.0
PARNAÍBA,2023-02,815.0
PARNAÍBA,2023-03,605.0
PARNAÍBA,2023-04,470.0
PARNAÍBA,2023-05,430.0
PARNAÍBA,2023-06,314.0
PARNAÍBA,2023-07,412.0
PARNAÍBA,2023-08,440.0
PARNAÍBA,2023-09,253.0
PARNAÍBA,2023-10,253.0
PARNAÍBA,2023-11,243.0
PARNAÍBA,2023-12,332.0
PARNAÍBA,2024-01,507.0
PARNAÍBA,2024-02,326.0
PARNAÍBA,2024-03,248.0
PARNAÍBA,2024-04,255.0
PARNAÍBA,2024-05,279.0
PARNAÍBA,2024-06,349.0
PARNAÍBA,2024-07,695.0
PARNAÍBA,2024-08,374.0
PARNAÍBA,2024-09,263.0
PARNAÍBA,2024-10,284.0
PARNAÍBA,2024-11,240.0
PARNAÍBA,2024-12,232.0
PARNAÍBA,2025-01,438.0
PARNAÍBA,2025-02,317.0
PARNAÍBA,2025-03,111.0
PARNAÍBA,2025-09,480.0
PARNAÍBA,2025-10,924.0
PARNAÍBA,2025-11,957.0
PARNAÍBA,2025-12,700.0
PASSO FUNDO,2021-01,1164.0
PASSO FUNDO,2022-04,383.0
PASSO FUNDO,2022-05,2455.0
PASSO FUNDO,2022-06,1918.0
PASSO FUNDO,2022-07,5472.0
PASSO FUNDO,2022-08,5661.0
PASSO FUNDO,2022-09,5701.0
PASSO FUNDO,2022-10,5510.0
PASSO FUNDO,2022-11,5752.0
PASSO FUNDO,2022-12,6877.0
PASSO FUNDO,2023-01,8677.0
PASSO FUNDO,2023-02,6625.0
PASSO FUNDO,2023-03,6819.0
PASSO FUNDO,2023-04,9743.0
PASSO FUNDO,2023-05,11779.0
PASSO FUNDO,2023-06,9978.0
PASSO FUNDO,2023-07,11636.0
PASSO FUNDO,2023-08,12173.0
PASSO FUNDO,2023-09,9892.0
PASSO FUNDO,2023-10,10467.0
PASSO FUNDO,2023-11,10174.0
PASSO FUNDO,2023-12,10084.0
PASSO FUNDO,2024-01,10514.0
PASSO FUNDO,2024-02,8356.0
PASSO FUNDO,2024-03,10016.0
PASSO FUNDO,2024-04,9185.0
PASSO FUNDO,2024-05,11930.0
PASSO FUNDO,2024-06,13436.0
PASSO FUNDO,2024-07,13197.0
PASSO FUNDO,2024-08,13876.0
PASSO FUNDO,2024-09,13856.0
PASSO FUNDO,2024-10,13321.0
PASSO FUNDO,2024-11,11668.0
PASSO FUNDO,2024-12,10852.0
PASSO FUNDO,2025-01,10914.0
PASSO FUNDO,2025-02,9593.0
PASSO FUNDO,2025-03,9856.0
PASSO FUNDO,2025-04,9796.0
PASSO FUNDO,2025-05,9527.0
PASSO FUNDO,2025-06,8562.0
PASSO FUNDO,2025-07,10509.0
PASSO FUNDO,2025-08,10380.0
PASSO FUNDO,2025-09,10180.0
PASSO FUNDO,2025-10,10385.0
PASSO FUNDO,2025-11,10137.0
PASSO FUNDO,2025-12,9988.0
PASSOS,2021-07,4.0
PATO BRANCO,2021-09,5.0
PATO BRANCO,2021-10,42.0
PATO BRANCO,2021-11,11.0
PATO BRANCO,2021-12,135.0
PATO BRANCO,2022-01,538.0
PATO BRANCO,2022-02,547.0
PATO BRANCO,2022-03,568.0
PATO BRANCO,2022-04,837.0
PATO BRANCO,2022-05,1306.0
PATO BRANCO,2022-06,934.0
PATO BRANCO,2022-07,1042.0
PATO BRANCO,2022-08,1278.0
PATO BRANCO,2022-09,1010.0
PATO BRANCO,2022-10,885.0
PATO BRANCO,2022-11,1018.0
PATO BRANCO,2022-12,713.0
PATO BRANCO,2023-01,729.0
PATO BRANCO,2023-02,680.0
PATO BRANCO,2023-03,1202.0
PATO BRANCO,2023-04,1127.0
PATO BRANCO,2023-05,1529.0
PATO BRANCO,2023-06,1181.0
PATO BRANCO,2023-07,1296.0
PATO BRANCO,2023-08,1458.0
PATO BRANCO,2023-09,1176.0
PATO BRANCO,2023-10,972.0
PATO BRANCO,2023-11,603.0
PATO BRANCO,2023-12,925.0
PATO BRANCO,2024-01,936.0
PATO BRANCO,2024-02,1092.0
PATO BRANCO,2024-03,1310.0
PATO BRANCO,2024-04,1262.0
PATO BRANCO,2024-05,666.0
PATO BRANCO,2024-06,545.0
PATO BRANCO,2024-07,953.0
PATO BRANCO,2024-08,1026.0
PATO BRANCO,2024-09,1398.0
PATO BRANCO,2024-10,1904.0
PATO BRANCO,2024-11,1900.0
PATO BRANCO,2024-12,1454.0
PATO BRANCO,2025-01,1211.0
PATO BRANCO,2025-02,1425.0
PATO BRANCO,2025-03,1440.0
PATO BRANCO,2025-04,1473.0
PATO BRANCO,2025-05,1425.0
PATO BRANCO,2025-06,1377.0
PATO BRANCO,2025-07,1585.0
PATO BRANCO,2025-08,1551.0
PATO BRANCO,2025-09,1489.0
PATO BRANCO,2025-10,1492.0
PATO BRANCO,2025-11,1348.0
PATO BRANCO,2025-12,1342.0
PATOS,2021-08,101.0
PATOS,2021-09,127.0
PATOS,2021-10,146.0
PATOS,2021-11,120.0
PATOS,2021-12,172.0
PATOS,2022-01,218.0
PATOS,2022-02,131.0
PATOS,2022-03,137.0
PATOS,2022-04,137.0
PATOS,2022-05,71.0
PATOS,2022-06,33.0
PATOS,2022-07,75.0
PATOS,2022-08,77.0
PATOS,2022-09,81.0
PATOS,2022-10,65.0
PATOS,2022-11,15.0
PATOS,2022-12,74.0
PATOS,2023-01,57.0
PATOS,2023-02,43.0
PATOS,2023-03,66.0
PATOS,2023-04,58.0
PATOS,2023-05,56.0
PATOS,2023-06,75.0
PATOS,2023-07,108.0
PATOS,2023-08,91.0
PATOS,2023-09,67.0
PATOS,2023-10,84.0
PATOS,2023-11,81.0
PATOS,2023-12,52.0
PATOS,2024-01,80.0
PATOS,2024-02,43.0
PATOS,2024-03,53.0
PATOS,2024-04,76.0
PATOS,2024-05,88.0
PATOS,2024-06,143.0
PATOS,2024-07,216.0
PATOS,2024-08,50.0
PATOS,2025-03,56.0
PATOS,2025-04,105.0
PATOS,2025-05,66.0
PATOS,2025-06,30.0
PATOS,2025-07,56.0
PATOS,2025-08,22.0
PATOS,2025-09,53.0
PATOS,2025-10,61.0
PATOS,2025-11,62.0
PATOS,2025-12,34.0
PATOS DE MINAS,2022-12,40.0
PATOS DE MINAS,2023-01,36.0
PATOS DE MINAS,2023-02,38.0
PATOS DE MINAS,2023-03,61.0
PATOS DE MINAS,2023-04,42.0
PATOS DE MINAS,2023-05,49.0
PATOS DE MINAS,2023-06,32.0
PATOS DE MINAS,2023-07,31.0
PATOS DE MINAS,2023-08,23.0
PATOS DE MINAS,2023-09,49.0
PATOS DE MINAS,2023-10,49.0
PATOS DE MINAS,2023-11,60.0
PATOS DE MINAS,2023-12,352.0
PATOS DE MINAS,2024-01,424.0
PATOS DE MINAS,2024-02,244.0
PATOS DE MINAS,2024-03,257.0
PATOS DE MINAS,2024-04,261.0
PATOS DE MINAS,2024-05,191.0
PATOS DE MINAS,2024-06,212.0
PATOS DE MINAS,2024-07,539.0
PATOS DE MINAS,2024-08,684.0
PATOS DE MINAS,2024-09,652.0
PATOS DE MINAS,2024-10,614.0
PATOS DE MINAS,2024-11,757.0
PATOS DE MINAS,2024-12,798.0
PATOS DE MINAS,2025-01,791.0
PATOS DE MINAS,2025-02,679.0
PATOS DE MINAS,2025-03,685.0
PATOS DE MINAS,2025-04,563.0
PATOS DE MINAS,2025-05,676.0
PATOS DE MINAS,2025-06,521.0
PATOS DE MINAS,2025-07,506.0
PATOS DE MINAS,2025-08,609.0
PATOS DE MINAS,2025-09,636.0
PATOS DE MINAS,2025-10,71.0
PATOS DE MINAS,2025-11,70.0
PATOS DE MINAS,2025-12,79.0
PAULO AFONSO,2022-11,88.0
PAULO AFONSO,2022-12,582.0
PAULO AFONSO,2023-01,937.0
PAULO AFONSO,2023-02,643.0
PAULO AFONSO,2023-03,505.0
PAULO AFONSO,2023-04,642.0
PAULO AFONSO,2023-05,795.0
PAULO AFONSO,2023-06,747.0
PAULO AFONSO,2023-07,964.0
PAULO AFONSO,2023-08,906.0
PAULO AFONSO,2023-09,736.0
PAULO AFONSO,2023-10,736.0
PAULO AFONSO,2023-11,745.0
PAULO AFONSO,2023-12,614.0
PAULO AFONSO,2024-01,1230.0
PAULO AFONSO,2024-02,792.0
PAULO AFONSO,2024-03,614.0
PAULO AFONSO,2024-04,404.0
PAULO AFONSO,2024-05,529.0
PAULO AFONSO,2024-06,348.0
PELOTAS,2021-01,779.0
PELOTAS,2021-02,746.0
PELOTAS,2021-03,486.0
PELOTAS,2021-04,367.0
PELOTAS,2021-05,369.0
PELOTAS,2021-06,521.0
PELOTAS,2021-07,757.0
PELOTAS,2021-08,1171.0
PELOTAS,2021-09,1455.0
PELOTAS,2021-10,1688.0
PELOTAS,2021-11,1547.0
PELOTAS,2021-12,2194.0
PELOTAS,2022-01,2581.0
PELOTAS,2022-02,2031.0
PELOTAS,2022-03,3046.0
PELOTAS,2022-04,2427.0
PELOTAS,2022-05,2702.0
PELOTAS,2022-06,2889.0
PELOTAS,2022-07,2089.0
PELOTAS,2022-08,2467.0
PELOTAS,2022-09,2514.0
PELOTAS,2022-10,2526.0
PELOTAS,2022-11,2437.0
PELOTAS,2022-12,3258.0
PELOTAS,2023-01,3206.0
PELOTAS,2023-02,2154.0
PELOTAS,2023-03,2248.0
PELOTAS,2023-04,2312.0
PELOTAS,2023-05,2284.0
PELOTAS,2023-06,2274.0
PELOTAS,2023-07,2630.0
PELOTAS,2023-08,3409.0
PELOTAS,2023-09,3018.0
PELOTAS,2023-10,3804.0
PELOTAS,2023-11,3166.0
PELOTAS,2023-12,3568.0
PELOTAS,2024-01,3938.0
PELOTAS,2024-02,2647.0
PELOTAS,2024-03,3224.0
PELOTAS,2024-04,3496.0
PELOTAS,2024-05,2531.0
PELOTAS,2024-06,3968.0
PELOTAS,2024-07,3901.0
PELOTAS,2024-08,7016.0
PELOTAS,2024-09,7194.0
PELOTAS,2024-10,6242.0
PELOTAS,2024-11,3652.0
PELOTAS,2024-12,3770.0
PELOTAS,2025-01,4033.0
PELOTAS,2025-02,3802.0
PELOTAS,2025-03,3720.0
PELOTAS,2025-04,4077.0
PELOTAS,2025-05,4366.0
PELOTAS,2025-06,4315.0
PELOTAS,2025-07,4853.0
PELOTAS,2025-08,3498.0
PELOTAS,2025-09,3314.0
PELOTAS,2025-10,3612.0
PELOTAS,2025-11,3092.0
PELOTAS,2025-12,3206.0
PETROLINA,2021-01,15555.0
PETROLINA,2021-02,11432.0
PETROLINA,2021-03,6976.0
PETROLINA,2021-04,6707.0
PETROLINA,2021-05,8224.0
PETROLINA,2021-06,9727.0
PETROLINA,2021-07,15090.0
PETROLINA,2021-08,13720.0
PETROLINA,2021-09,13088.0
PETROLINA,2021-10,14354.0
PETROLINA,2021-11,15537.0
PETROLINA,2021-12,17645.0
PETROLINA,2022-01,19056.0
PETROLINA,2022-02,14527.0
PETROLINA,2022-03,16637.0
PETROLINA,2022-04,14936.0
PETROLINA,2022-05,16846.0
PETROLINA,2022-06,15125.0
PETROLINA,2022-07,19652.0
PETROLINA,2022-08,19749.0
PETROLINA,2022-09,16390.0
PETROLINA,2022-10,16974.0
PETROLINA,2022-11,17442.0
PETROLINA,2022-12,20236.0
PETROLINA,2023-01,24743.0
PETROLINA,2023-02,16376.0
PETROLINA,2023-03,19127.0
PETROLINA,2023-04,20504.0
PETROLINA,2023-05,18923.0
PETROLINA,2023-06,17849.0
PETROLINA,2023-07,21918.0
PETROLINA,2023-08,22253.0
PETROLINA,2023-09,18952.0
PETROLINA,2023-10,18852.0
PETROLINA,2023-11,20076.0
PETROLINA,2023-12,24246.0
PETROLINA,2024-01,28917.0
PETROLINA,2024-02,23858.0
PETROLINA,2024-03,18984.0
PETROLINA,2024-04,19512.0
PETROLINA,2024-05,19124.0
PETROLINA,2024-06,19069.0
PETROLINA,2024-07,27841.0
PETROLINA,2024-08,22392.0
PETROLINA,2024-09,18927.0
PETROLINA,2024-10,20385.0
PETROLINA,2024-11,19394.0
PETROLINA,2024-12,21333.0
PETROLINA,2025-01,22713.0
PETROLINA,2025-02,18592.0
PETROLINA,2025-03,17396.0
PETROLINA,2025-04,18479.0
PETROLINA,2025-05,19232.0
PETROLINA,2025-06,16948.0
PETROLINA,2025-07,20010.0
PETROLINA,2025-08,19696.0
PETROLINA,2025-09,18363.0
PETROLINA,2025-10,20681.0
PETROLINA,2025-11,22114.0
PETROLINA,2025-12,24096.0
PIRASSUNUNGA,2023-09,0.0
PONTA GROSSA,2021-01,279.0
PONTA GROSSA,2021-02,167.0
PONTA GROSSA,2021-03,20.0
PONTA GROSSA,2021-12,336.0
PONTA GROSSA,2022-01,590.0
PONTA GROSSA,2022-02,568.0
PONTA GROSSA,2022-03,974.0
PONTA GROSSA,2022-04,990.0
PONTA GROSSA,2022-05,1464.0
PONTA GROSSA,2022-06,885.0
PONTA GROSSA,2022-07,919.0
PONTA GROSSA,2022-08,1121.0
PONTA GROSSA,2022-09,1016.0
PONTA GROSSA,2022-10,993.0
PONTA GROSSA,2022-11,822.0
PONTA GROSSA,2022-12,912.0
PONTA GROSSA,2023-01,632.0
PONTA GROSSA,2023-02,658.0
PONTA GROSSA,2023-03,953.0
PONTA GROSSA,2023-04,850.0
PONTA GROSSA,2023-05,1071.0
PONTA GROSSA,2023-06,866.0
PONTA GROSSA,2023-07,1002.0
PONTA GROSSA,2023-08,1004.0
PONTA GROSSA,2023-09,1029.0
PONTA GROSSA,2023-10,992.0
PONTA GROSSA,2023-11,929.0
PONTA GROSSA,2023-12,825.0
PONTA GROSSA,2024-01,621.0
PONTA GROSSA,2024-02,720.0
PONTA GROSSA,2024-03,1074.0
PONTA GROSSA,2024-04,653.0
PONTA GROSSA,2024-05,789.0
PONTA GROSSA,2024-06,503.0
PONTA GROSSA,2024-07,887.0
PONTA GROSSA,2024-08,805.0
PONTA GROSSA,2024-09,393.0
PONTA GROSSA,2024-10,467.0
PONTA GROSSA,2024-11,433.0
PONTA GROSSA,2024-12,551.0
PONTA GROSSA,2025-01,341.0
PONTA GROSSA,2025-02,301.0
PONTA GROSSA,2025-03,235.0
PONTA PORÃ,2022-01,98.0
PONTA PORÃ,2022-02,1132.0
PONTA PORÃ,2022-03,1429.0
PONTA PORÃ,2022-04,1998.0
PONTA PORÃ,2022-05,2716.0
PONTA PORÃ,2022-06,2134.0
PONTA PORÃ,2022-07,3383.0
PONTA PORÃ,2022-08,2545.0
PONTA PORÃ,2022-09,2507.0
PONTA PORÃ,2022-10,3071.0
PONTA PORÃ,2022-11,2902.0
PONTA PORÃ,2022-12,2964.0
PONTA PORÃ,2023-01,3446.0
PONTA PORÃ,2023-02,2617.0
PONTA PORÃ,2023-03,3151.0
PONTA PORÃ,2023-04,3335.0
PONTA PORÃ,2023-05,3320.0
PONTA PORÃ,2023-06,2231.0
PONTA PORÃ,2023-07,3085.0
PONTA PORÃ,2023-08,2687.0
PONTA PORÃ,2023-09,2330.0
PONTA PORÃ,2023-10,1843.0
PONTA PORÃ,2023-11,1996.0
PONTA PORÃ,2023-12,2218.0
PONTA PORÃ,2024-01,2318.0
PONTA PORÃ,2024-02,1824.0
PONTA PORÃ,2024-03,2068.0
PONTA PORÃ,2024-04,2025.0
PONTA PORÃ,2024-05,1764.0
PONTA PORÃ,2024-06,1000.0
PONTA PORÃ,2024-07,1510.0
PONTA PORÃ,2024-08,1637.0
PONTA PORÃ,2024-09,1405.0
PONTA PORÃ,2024-10,1352.0
PONTA PORÃ,2024-11,1235.0
PONTA PORÃ,2024-12,1390.0
PONTA PORÃ,2025-01,1202.0
PONTA PORÃ,2025-02,1224.0
PONTA PORÃ,2025-03,1387.0
PONTA PORÃ,2025-04,1198.0
PONTA PORÃ,2025-05,1335.0
PONTA PORÃ,2025-06,937.0
PONTA PORÃ,2025-07,1382.0
PONTA PORÃ,2025-08,1229.0
PONTA PORÃ,2025-09,1051.0
PONTA PORÃ,2025-10,1331.0
PONTA PORÃ,2025-11,786.0
PONTA PORÃ,2025-12,1307.0
PORTO ALEGRE,2021-01,202105.0
PORTO ALEGRE,2021-02,152120.0
PORTO ALEGRE,2021-03,80032.0
PORTO ALEGRE,2021-04,82247.0
PORTO ALEGRE,2021-05,128889.0
PORTO ALEGRE,2021-06,165859.0
PORTO ALEGRE,2021-07,226852.0
PORTO ALEGRE,2021-08,224684.0
PORTO ALEGRE,2021-09,224999.0
PORTO ALEGRE,2021-10,244836.0
PORTO ALEGRE,2021-11,300520.0
PORTO ALEGRE,2021-12,304214.0
PORTO ALEGRE,2022-01,281763.0
PORTO ALEGRE,2022-02,190669.0
PORTO ALEGRE,2022-03,240300.0
PORTO ALEGRE,2022-04,242142.0
PORTO ALEGRE,2022-05,266864.0
PORTO ALEGRE,2022-06,256996.0
PORTO ALEGRE,2022-07,317214.0
PORTO ALEGRE,2022-08,289221.0
PORTO ALEGRE,2022-09,267026.0
PORTO ALEGRE,2022-10,266799.0
PORTO ALEGRE,2022-11,315567.0
PORTO ALEGRE,2022-12,294311.0
PORTO ALEGRE,2023-01,304791.0
PORTO ALEGRE,2023-02,235330.0
PORTO ALEGRE,2023-03,280123.0
PORTO ALEGRE,2023-04,269635.0
PORTO ALEGRE,2023-05,306161.0
PORTO ALEGRE,2023-06,306951.0
PORTO ALEGRE,2023-07,353120.0
PORTO ALEGRE,2023-08,342299.0
PORTO ALEGRE,2023-09,311766.0
PORTO ALEGRE,2023-10,307755.0
PORTO ALEGRE,2023-11,333164.0
PORTO ALEGRE,2023-12,321339.0
PORTO ALEGRE,2024-01,304862.0
PORTO ALEGRE,2024-02,237560.0
PORTO ALEGRE,2024-03,282634.0
PORTO ALEGRE,2024-04,279367.0
PORTO ALEGRE,2024-05,22037.0
PORTO ALEGRE,2024-06,0.0
PORTO ALEGRE,2024-10,67931.0
PORTO ALEGRE,2024-11,233284.0
PORTO ALEGRE,2024-12,244688.0
PORTO ALEGRE,2025-01,265475.0
PORTO ALEGRE,2025-02,224085.0
PORTO ALEGRE,2025-03,262542.0
PORTO ALEGRE,2025-04,281105.0
PORTO ALEGRE,2025-05,290931.0
PORTO ALEGRE,2025-06,295718.0
PORTO ALEGRE,2025-07,330219.0
PORTO ALEGRE,2025-08,314693.0
PORTO ALEGRE,2025-09,321177.0
PORTO ALEGRE,2025-10,331071.0
PORTO ALEGRE,2025-11,355337.0
PORTO ALEGRE,2025-12,356421.0
PORTO ALEGRE DO NORTE,2021-10,9.0
PORTO ALEGRE DO NORTE,2021-11,27.0
PORTO ALEGRE DO NORTE,2021-12,0.0
PORTO ALEGRE DO NORTE,2022-02,0.0
PORTO ALEGRE DO NORTE,2022-03,0.0
PORTO ALEGRE DO NORTE,2022-04,11.0
PORTO ALEGRE DO NORTE,2022-05,16.0
PORTO ALEGRE DO NORTE,2022-06,19.0
PORTO ALEGRE DO NORTE,2022-07,17.0
PORTO DE MOZ,2021-01,127.0
PORTO DE MOZ,2021-02,94.0
PORTO DE MOZ,2021-03,22.0
PORTO DE MOZ,2022-02,17.0
PORTO DE MOZ,2022-03,40.0
PORTO DE MOZ,2022-04,38.0
PORTO DE MOZ,2022-05,46.0
PORTO DE MOZ,2022-06,31.0
PORTO DE MOZ,2022-07,43.0
PORTO DE MOZ,2022-08,59.0
PORTO DE MOZ,2022-09,46.0
PORTO DE MOZ,2022-10,52.0
PORTO DE MOZ,2022-11,22.0
PORTO DE MOZ,2022-12,19.0
PORTO DE MOZ,2023-01,31.0
PORTO DE MOZ,2023-02,23.0
PORTO DE MOZ,2023-03,13.0
PORTO DE MOZ,2023-04,17.0
PORTO DE MOZ,2023-05,18.0
PORTO DE MOZ,2023-06,13.0
PORTO DE MOZ,2023-07,13.0
PORTO DE MOZ,2023-08,23.0
PORTO DE MOZ,2023-09,13.0
PORTO DE MOZ,2023-10,25.0
PORTO DE MOZ,2023-11,8.0
PORTO DE MOZ,2023-12,9.0
PORTO DE MOZ,2024-01,11.0
PORTO DE MOZ,2024-02,1.0
PORTO DE MOZ,2024-03,6.0
PORTO DE MOZ,2024-04,9.0
PORTO DE MOZ,2024-05,1.0
PORTO DE MOZ,2024-06,3.0
PORTO DE MOZ,2024-07,29.0
PORTO DE MOZ,2024-08,39.0
PORTO DE MOZ,2024-09,32.0
PORTO DE MOZ,2024-10,37.0
PORTO DE MOZ,2024-11,53.0
PORTO DE MOZ,2024-12,55.0
PORTO DE MOZ,2025-01,53.0
PORTO DE MOZ,2025-02,45.0
PORTO DE MOZ,2025-03,35.0
PORTO DE MOZ,2025-04,25.0
PORTO DE MOZ,2025-05,38.0
PORTO DE MOZ,2025-06,28.0
PORTO DE MOZ,2025-07,62.0
PORTO DE MOZ,2025-08,35.0
PORTO DE MOZ,2025-09,45.0
PORTO DE MOZ,2025-10,35.0
PORTO DE MOZ,2025-11,17.0
PORTO DE MOZ,2025-12,22.0
PORTO SEGURO,2021-01,112308.0
PORTO SEGURO,2021-02,52680.0
PORTO SEGURO,2021-03,39829.0
PORTO SEGURO,2021-04,26013.0
PORTO SEGURO,2021-05,33704.0
PORTO SEGURO,2021-06,39804.0
PORTO SEGURO,2021-07,80473.0
PORTO SEGURO,2021-08,59614.0
PORTO SEGURO,2021-09,60725.0
PORTO SEGURO,2021-10,70145.0
PORTO SEGURO,2021-11,73243.0
PORTO SEGURO,2021-12,86703.0
PORTO SEGURO,2022-01,125751.0
PORTO SEGURO,2022-02,72624.0
PORTO SEGURO,2022-03,84301.0
PORTO SEGURO,2022-04,72097.0
PORTO SEGURO,2022-05,66855.0
PORTO SEGURO,2022-06,59045.0
PORTO SEGURO,2022-07,111663.0
PORTO SEGURO,2022-08,77796.0
PORTO SEGURO,2022-09,71098.0
PORTO SEGURO,2022-10,83672.0
PORTO SEGURO,2022-11,79277.0
PORTO SEGURO,2022-12,89907.0
PORTO SEGURO,2023-01,132224.0
PORTO SEGURO,2023-02,87342.0
PORTO SEGURO,2023-03,82376.0
PORTO SEGURO,2023-04,66081.0
PORTO SEGURO,2023-05,60740.0
PORTO SEGURO,2023-06,59921.0
PORTO SEGURO,2023-07,111418.0
PORTO SEGURO,2023-08,77404.0
PORTO SEGURO,2023-09,81110.0
PORTO SEGURO,2023-10,84001.0
PORTO SEGURO,2023-11,74011.0
PORTO SEGURO,2023-12,87401.0
PORTO SEGURO,2024-01,126360.0
PORTO SEGURO,2024-02,95593.0
PORTO SEGURO,2024-03,83305.0
PORTO SEGURO,2024-04,71770.0
PORTO SEGURO,2024-05,71408.0
PORTO SEGURO,2024-06,74059.0
PORTO SEGURO,2024-07,127123.0
PORTO SEGURO,2024-08,92302.0
PORTO SEGURO,2024-09,84716.0
PORTO SEGURO,2024-10,88039.0
PORTO SEGURO,2024-11,85952.0
PORTO SEGURO,2024-12,96290.0
PORTO SEGURO,2025-01,147191.0
PORTO SEGURO,2025-02,89136.0
PORTO SEGURO,2025-03,95751.0
PORTO SEGURO,2025-04,90190.0
PORTO SEGURO,2025-05,91383.0
PORTO SEGURO,2025-06,85778.0
PORTO SEGURO,2025-07,139014.0
PORTO SEGURO,2025-08,107155.0
PORTO SEGURO,2025-09,104123.0
PORTO SEGURO,2025-10,108489.0
PORTO SEGURO,2025-11,102785.0
PORTO SEGURO,2025-12,107725.0
PORTO VELHO,2021-01,32215.0
PORTO VELHO,2021-02,20500.0
PORTO VELHO,2021-03,18328.0
PORTO VELHO,2021-04,16500.0
PORTO VELHO,2021-05,22149.0
PORTO VELHO,2021-06,24371.0
PORTO VELHO,2021-07,28536.0
PORTO VELHO,2021-08,28989.0
PORTO VELHO,2021-09,30764.0
PORTO VELHO,2021-10,32063.0
PORTO VELHO,2021-11,32642.0
PORTO VELHO,2021-12,45227.0
PORTO VELHO,2022-01,41448.0
PORTO VELHO,2022-02,26149.0
PORTO VELHO,2022-03,28675.0
PORTO VELHO,2022-04,26181.0
PORTO VELHO,2022-05,27354.0
PORTO VELHO,2022-06,25701.0
PORTO VELHO,2022-07,30229.0
PORTO VELHO,2022-08,29514.0
PORTO VELHO,2022-09,27237.0
PORTO VELHO,2022-10,27012.0
PORTO VELHO,2022-11,28251.0
PORTO VELHO,2022-12,35380.0
PORTO VELHO,2023-01,36778.0
PORTO VELHO,2023-02,24057.0
PORTO VELHO,2023-03,26652.0
PORTO VELHO,2023-04,23443.0
PORTO VELHO,2023-05,24955.0
PORTO VELHO,2023-06,21750.0
PORTO VELHO,2023-07,25009.0
PORTO VELHO,2023-08,23846.0
PORTO VELHO,2023-09,20396.0
PORTO VELHO,2023-10,19077.0
PORTO VELHO,2023-11,15328.0
PORTO VELHO,2023-12,17294.0
PORTO VELHO,2024-01,18750.0
PORTO VELHO,2024-02,16752.0
PORTO VELHO,2024-03,18329.0
PORTO VELHO,2024-04,16453.0
PORTO VELHO,2024-05,17794.0
PORTO VELHO,2024-06,16946.0
PORTO VELHO,2024-07,18608.0
PORTO VELHO,2024-08,18381.0
PORTO VELHO,2024-09,17872.0
PORTO VELHO,2024-10,22146.0
PORTO VELHO,2024-11,25952.0
PORTO VELHO,2024-12,26644.0
PORTO VELHO,2025-01,24219.0
PORTO VELHO,2025-02,21110.0
PORTO VELHO,2025-03,23586.0
PORTO VELHO,2025-04,26475.0
PORTO VELHO,2025-05,27585.0
PORTO VELHO,2025-06,27821.0
PORTO VELHO,2025-07,28558.0
PORTO VELHO,2025-08,26139.0
PORTO VELHO,2025-09,22846.0
PORTO VELHO,2025-10,24390.0
PORTO VELHO,2025-11,23572.0
PORTO VELHO,2025-12,26231.0
PRESIDENTE PRUDENTE,2021-01,7060.0
PRESIDENTE PRUDENTE,2021-02,4456.0
PRESIDENTE PRUDENTE,2021-03,2984.0
PRESIDENTE PRUDENTE,2021-04,2434.0
PRESIDENTE PRUDENTE,2021-05,3663.0
PRESIDENTE PRUDENTE,2021-06,4301.0
PRESIDENTE PRUDENTE,2021-07,6039.0
PRESIDENTE PRUDENTE,2021-08,4810.0
PRESIDENTE PRUDENTE,2021-09,6636.0
PRESIDENTE PRUDENTE,2021-10,6868.0
PRESIDENTE PRUDENTE,2021-11,7390.0
PRESIDENTE PRUDENTE,2021-12,8391.0
PRESIDENTE PRUDENTE,2022-01,7834.0
PRESIDENTE PRUDENTE,2022-02,4966.0
PRESIDENTE PRUDENTE,2022-03,7150.0
PRESIDENTE PRUDENTE,2022-04,7951.0
PRESIDENTE PRUDENTE,2022-05,8995.0
PRESIDENTE PRUDENTE,2022-06,7661.0
PRESIDENTE PRUDENTE,2022-07,8890.0
PRESIDENTE PRUDENTE,2022-08,10292.0
PRESIDENTE PRUDENTE,2022-09,10490.0
PRESIDENTE PRUDENTE,2022-10,10629.0
PRESIDENTE PRUDENTE,2022-11,10263.0
PRESIDENTE PRUDENTE,2022-12,12991.0
PRESIDENTE PRUDENTE,2023-01,12798.0
PRESIDENTE PRUDENTE,2023-02,9213.0
PRESIDENTE PRUDENTE,2023-03,10630.0
PRESIDENTE PRUDENTE,2023-04,10877.0
PRESIDENTE PRUDENTE,2023-05,10652.0
PRESIDENTE PRUDENTE,2023-06,11630.0
PRESIDENTE PRUDENTE,2023-07,14354.0
PRESIDENTE PRUDENTE,2023-08,12957.0
PRESIDENTE PRUDENTE,2023-09,11923.0
PRESIDENTE PRUDENTE,2023-10,12245.0
PRESIDENTE PRUDENTE,2023-11,10799.0
PRESIDENTE PRUDENTE,2023-12,11535.0
PRESIDENTE PRUDENTE,2024-01,11863.0
PRESIDENTE PRUDENTE,2024-02,8767.0
PRESIDENTE PRUDENTE,2024-03,11072.0
PRESIDENTE PRUDENTE,2024-04,12882.0
PRESIDENTE PRUDENTE,2024-05,13678.0
PRESIDENTE PRUDENTE,2024-06,13739.0
PRESIDENTE PRUDENTE,2024-07,15581.0
PRESIDENTE PRUDENTE,2024-08,12404.0
PRESIDENTE PRUDENTE,2024-09,11910.0
PRESIDENTE PRUDENTE,2024-10,13192.0
PRESIDENTE PRUDENTE,2024-11,13088.0
PRESIDENTE PRUDENTE,2024-12,15541.0
PRESIDENTE PRUDENTE,2025-01,15151.0
PRESIDENTE PRUDENTE,2025-02,10784.0
PRESIDENTE PRUDENTE,2025-03,11734.0
PRESIDENTE PRUDENTE,2025-04,10089.0
PRESIDENTE PRUDENTE,2025-05,10649.0
PRESIDENTE PRUDENTE,2025-06,10341.0
PRESIDENTE PRUDENTE,2025-07,12157.0
PRESIDENTE PRUDENTE,2025-08,9583.0
PRESIDENTE PRUDENTE,2025-09,9087.0
PRESIDENTE PRUDENTE,2025-10,9082.0
PRESIDENTE PRUDENTE,2025-11,8275.0
PRESIDENTE PRUDENTE,2025-12,9964.0
RECIFE,2021-01,362265.0
RECIFE,2021-02,271042.0
RECIFE,2021-03,248516.0
RECIFE,2021-04,196021.0
RECIFE,2021-05,232679.0
RECIFE,2021-06,262057.0
RECIFE,2021-07,353101.0
RECIFE,2021-08,329022.0
RECIFE,2021-09,328553.0
RECIFE,2021-10,350401.0
RECIFE,2021-11,357726.0
RECIFE,2021-12,379839.0
RECIFE,2022-01,418621.0
RECIFE,2022-02,315739.0
RECIFE,2022-03,367726.0
RECIFE,2022-04,338500.0
RECIFE,2022-05,347526.0
RECIFE,2022-06,314584.0
RECIFE,2022-07,395826.0
RECIFE,2022-08,368059.0
RECIFE,2022-09,335866.0
RECIFE,2022-10,343823.0
RECIFE,2022-11,324229.0
RECIFE,2022-12,346897.0
RECIFE,2023-01,443148.0
RECIFE,2023-02,335387.0
RECIFE,2023-03,368696.0
RECIFE,2023-04,309954.0
RECIFE,2023-05,337043.0
RECIFE,2023-06,332648.0
RECIFE,2023-07,422258.0
RECIFE,2023-08,389854.0
RECIFE,2023-09,363758.0
RECIFE,2023-10,380105.0
RECIFE,2023-11,361864.0
RECIFE,2023-12,367244.0
RECIFE,2024-01,468797.0
RECIFE,2024-02,366778.0
RECIFE,2024-03,379222.0
RECIFE,2024-04,355517.0
RECIFE,2024-05,370371.0
RECIFE,2024-06,377977.0
RECIFE,2024-07,420915.0
RECIFE,2024-08,410923.0
RECIFE,2024-09,409240.0
RECIFE,2024-10,423370.0
RECIFE,2024-11,383828.0
RECIFE,2024-12,382503.0
RECIFE,2025-01,484733.0
RECIFE,2025-02,379695.0
RECIFE,2025-03,393682.0
RECIFE,2025-04,375443.0
RECIFE,2025-05,377842.0
RECIFE,2025-06,368044.0
RECIFE,2025-07,430763.0
RECIFE,2025-08,418314.0
RECIFE,2025-09,404679.0
RECIFE,2025-10,430766.0
RECIFE,2025-11,412996.0
RECIFE,2025-12,410136.0
REDENÇÃO,2025-04,0.0
REDENÇÃO,2025-05,0.0
RIBEIRÃO PRETO,2021-01,19293.0
RIBEIRÃO PRETO,2021-02,14166.0
RIBEIRÃO PRETO,2021-03,9343.0
RIBEIRÃO PRETO,2021-04,7268.0
RIBEIRÃO PRETO,2021-05,10454.0
RIBEIRÃO PRETO,2021-06,11629.0
RIBEIRÃO PRETO,2021-07,17285.0
RIBEIRÃO PRETO,2021-08,19021.0
RIBEIRÃO PRETO,2021-09,19828.0
RIBEIRÃO PRETO,2021-10,20825.0
RIBEIRÃO PRETO,2021-11,18981.0
RIBEIRÃO PRETO,2021-12,25221.0
RIBEIRÃO PRETO,2022-01,22289.0
RIBEIRÃO PRETO,2022-02,15636.0
RIBEIRÃO PRETO,2022-03,21231.0
RIBEIRÃO PRETO,2022-04,22955.0
RIBEIRÃO PRETO,2022-05,22277.0
RIBEIRÃO PRETO,2022-06,19095.0
RIBEIRÃO PRETO,2022-07,24967.0
RIBEIRÃO PRETO,2022-08,23986.0
RIBEIRÃO PRETO,2022-09,23447.0
RIBEIRÃO PRETO,2022-10,23604.0
RIBEIRÃO PRETO,2022-11,23549.0
RIBEIRÃO PRETO,2022-12,25694.0
RIBEIRÃO PRETO,2023-01,23763.0
RIBEIRÃO PRETO,2023-02,19649.0
RIBEIRÃO PRETO,2023-03,23541.0
RIBEIRÃO PRETO,2023-04,23010.0
RIBEIRÃO PRETO,2023-05,26447.0
RIBEIRÃO PRETO,2023-06,24778.0
RIBEIRÃO PRETO,2023-07,30001.0
RIBEIRÃO PRETO,2023-08,28251.0
RIBEIRÃO PRETO,2023-09,28254.0
RIBEIRÃO PRETO,2023-10,26995.0
RIBEIRÃO PRETO,2023-11,25005.0
RIBEIRÃO PRETO,2023-12,27190.0
RIBEIRÃO PRETO,2024-01,25409.0
RIBEIRÃO PRETO,2024-02,21033.0
RIBEIRÃO PRETO,2024-03,26221.0
RIBEIRÃO PRETO,2024-04,25797.0
RIBEIRÃO PRETO,2024-05,28566.0
RIBEIRÃO PRETO,2024-06,27482.0
RIBEIRÃO PRETO,2024-07,28794.0
RIBEIRÃO PRETO,2024-08,27414.0
RIBEIRÃO PRETO,2024-09,27421.0
RIBEIRÃO PRETO,2024-10,27325.0
RIBEIRÃO PRETO,2024-11,27429.0
RIBEIRÃO PRETO,2024-12,30518.0
RIBEIRÃO PRETO,2025-01,27940.0
RIBEIRÃO PRETO,2025-02,24259.0
RIBEIRÃO PRETO,2025-03,25092.0
RIBEIRÃO PRETO,2025-04,26774.0
RIBEIRÃO PRETO,2025-05,28790.0
RIBEIRÃO PRETO,2025-06,27955.0
RIBEIRÃO PRETO,2025-07,28472.0
RIBEIRÃO PRETO,2025-08,29434.0
RIBEIRÃO PRETO,2025-09,28662.0
RIBEIRÃO PRETO,2025-10,33713.0
RIBEIRÃO PRETO,2025-11,36810.0
RIBEIRÃO PRETO,2025-12,35600.0
RIO BRANCO,2021-01,12190.0
RIO BRANCO,2021-02,9231.0
RIO BRANCO,2021-03,5896.0
RIO BRANCO,2021-04,5642.0
RIO BRANCO,2021-05,7932.0
RIO BRANCO,2021-06,8586.0
RIO BRANCO,2021-07,11947.0
RIO BRANCO,2021-08,13483.0
RIO BRANCO,2021-09,14112.0
RIO BRANCO,2021-10,14839.0
RIO BRANCO,2021-11,15563.0
RIO BRANCO,2021-12,17670.0
RIO BRANCO,2022-01,15516.0
RIO BRANCO,2022-02,13353.0
RIO BRANCO,2022-03,13361.0
RIO BRANCO,2022-04,11367.0
RIO BRANCO,2022-05,11013.0
RIO BRANCO,2022-06,9902.0
RIO BRANCO,2022-07,14108.0
RIO BRANCO,2022-08,15800.0
RIO BRANCO,2022-09,14619.0
RIO BRANCO,2022-10,14166.0
RIO BRANCO,2022-11,15210.0
RIO BRANCO,2022-12,16958.0
RIO BRANCO,2023-01,16612.0
RIO BRANCO,2023-02,13177.0
RIO BRANCO,2023-03,13377.0
RIO BRANCO,2023-04,10871.0
RIO BRANCO,2023-05,12361.0
RIO BRANCO,2023-06,11700.0
RIO BRANCO,2023-07,12011.0
RIO BRANCO,2023-08,10469.0
RIO BRANCO,2023-09,10115.0
RIO BRANCO,2023-10,10342.0
RIO BRANCO,2023-11,13510.0
RIO BRANCO,2023-12,15453.0
RIO BRANCO,2024-01,13810.0
RIO BRANCO,2024-02,13123.0
RIO BRANCO,2024-03,13165.0
RIO BRANCO,2024-04,12559.0
RIO BRANCO,2024-05,13357.0
RIO BRANCO,2024-06,14192.0
RIO BRANCO,2024-07,14778.0
RIO BRANCO,2024-08,14596.0
RIO BRANCO,2024-09,14531.0
RIO BRANCO,2024-10,15355.0
RIO BRANCO,2024-11,15060.0
RIO BRANCO,2024-12,16130.0
RIO BRANCO,2025-01,15926.0
RIO BRANCO,2025-02,13849.0
RIO BRANCO,2025-03,13713.0
RIO BRANCO,2025-04,14112.0
RIO BRANCO,2025-05,14989.0
RIO BRANCO,2025-06,14778.0
RIO BRANCO,2025-07,16207.0
RIO BRANCO,2025-08,16453.0
RIO BRANCO,2025-09,15162.0
RIO BRANCO,2025-10,16665.0
RIO BRANCO,2025-11,15096.0
RIO BRANCO,2025-12,16712.0
RIO DE JANEIRO,2021-01,512142.0
RIO DE JANEIRO,2021-02,350069.0
RIO DE JANEIRO,2021-03,259446.0
RIO DE JANEIRO,2021-04,203619.0
RIO DE JANEIRO,2021-05,288072.0
RIO DE JANEIRO,2021-06,335947.0
RIO DE JANEIRO,2021-07,465102.0
RIO DE JANEIRO,2021-08,457090.0
RIO DE JANEIRO,2021-09,518457.0
RIO DE JANEIRO,2021-10,557331.0
RIO DE JANEIRO,2021-11,623955.0
RIO DE JANEIRO,2021-12,683040.0
RIO DE JANEIRO,2022-01,675790.0
RIO DE JANEIRO,2022-02,532243.0
RIO DE JANEIRO,2022-03,635221.0
RIO DE JANEIRO,2022-04,597401.0
RIO DE JANEIRO,2022-05,617075.0
RIO DE JANEIRO,2022-06,575841.0
RIO DE JANEIRO,2022-07,684497.0
RIO DE JANEIRO,2022-08,671125.0
RIO DE JANEIRO,2022-09,682629.0
RIO DE JANEIRO,2022-10,706021.0
RIO DE JANEIRO,2022-11,739362.0
RIO DE JANEIRO,2022-12,740644.0
RIO DE JANEIRO,2023-01,866310.0
RIO DE JANEIRO,2023-02,717404.0
RIO DE JANEIRO,2023-03,793745.0
RIO DE JANEIRO,2023-04,728373.0
RIO DE JANEIRO,2023-05,768044.0
RIO DE JANEIRO,2023-06,712478.0
RIO DE JANEIRO,2023-07,855558.0
RIO DE JANEIRO,2023-08,865879.0
RIO DE JANEIRO,2023-09,814837.0
RIO DE JANEIRO,2023-10,795190.0
RIO DE JANEIRO,2023-11,802405.0
RIO DE JANEIRO,2023-12,777958.0
RIO DE JANEIRO,2024-01,874022.0
RIO DE JANEIRO,2024-02,744823.0
RIO DE JANEIRO,2024-03,780147.0
RIO DE JANEIRO,2024-04,751107.0
RIO DE JANEIRO,2024-05,778388.0
RIO DE JANEIRO,2024-06,755872.0
RIO DE JANEIRO,2024-07,929304.0
RIO DE JANEIRO,2024-08,872279.0
RIO DE JANEIRO,2024-09,893426.0
RIO DE JANEIRO,2024-10,914938.0
RIO DE JANEIRO,2024-11,899322.0
RIO DE JANEIRO,2024-12,920861.0
RIO DE JANEIRO,2025-01,1018817.0
RIO DE JANEIRO,2025-02,887635.0
RIO DE JANEIRO,2025-03,985263.0
RIO DE JANEIRO,2025-04,904310.0
RIO DE JANEIRO,2025-05,921641.0
RIO DE JANEIRO,2025-06,898197.0
RIO DE JANEIRO,2025-07,1025960.0
RIO DE JANEIRO,2025-08,994463.0
RIO DE JANEIRO,2025-09,985550.0
RIO DE JANEIRO,2025-10,1062255.0
RIO DE JANEIRO,2025-11,1019474.0
RIO DE JANEIRO,2025-12,1103901.0
RIO LARGO,2021-01,113284.0
RIO LARGO,2021-02,70181.0
RIO LARGO,2021-03,64228.0
RIO LARGO,2021-04,31967.0
RIO LARGO,2021-05,46376.0
RIO LARGO,2021-06,54745.0
RIO LARGO,2021-07,94428.0
RIO LARGO,2021-08,82051.0
RIO LARGO,2021-09,89292.0
RIO LARGO,2021-10,101119.0
RIO LARGO,2021-11,99771.0
RIO LARGO,2021-12,98827.0
RIO LARGO,2022-01,139859.0
RIO LARGO,2022-02,92521.0
RIO LARGO,2022-03,100252.0
RIO LARGO,2022-04,85617.0
RIO LARGO,2022-05,78275.0
RIO LARGO,2022-06,67122.0
RIO LARGO,2022-07,94909.0
RIO LARGO,2022-08,93062.0
RIO LARGO,2022-09,89438.0
RIO LARGO,2022-10,101556.0
RIO LARGO,2022-11,91961.0
RIO LARGO,2022-12,92454.0
RIO LARGO,2023-01,140267.0
RIO LARGO,2023-02,90749.0
RIO LARGO,2023-03,91365.0
RIO LARGO,2023-04,85910.0
RIO LARGO,2023-05,84086.0
RIO LARGO,2023-06,76267.0
RIO LARGO,2023-07,96724.0
RIO LARGO,2023-08,93311.0
RIO LARGO,2023-09,87709.0
RIO LARGO,2023-10,100282.0
RIO LARGO,2023-11,91089.0
RIO LARGO,2023-12,108786.0
RIO LARGO,2024-01,150553.0
RIO LARGO,2024-02,108724.0
RIO LARGO,2024-03,101593.0
RIO LARGO,2024-04,88210.0
RIO LARGO,2024-05,88989.0
RIO LARGO,2024-06,90770.0
RIO LARGO,2024-07,121563.0
RIO LARGO,2024-08,109844.0
RIO LARGO,2024-09,104399.0
RIO LARGO,2024-10,115478.0
RIO LARGO,2024-11,115884.0
RIO LARGO,2024-12,117493.0
RIO LARGO,2025-01,162374.0
RIO LARGO,2025-02,113272.0
RIO LARGO,2025-03,116938.0
RIO LARGO,2025-04,110575.0
RIO LARGO,2025-05,109931.0
RIO LARGO,2025-06,105048.0
RIO LARGO,2025-07,126927.0
RIO LARGO,2025-08,121189.0
RIO LARGO,2025-09,115019.0
RIO LARGO,2025-10,122316.0
RIO LARGO,2025-11,120831.0
RIO LARGO,2025-12,128306.0
RIO VERDE,2021-01,819.0
RIO VERDE,2021-02,842.0
RIO VERDE,2021-03,657.0
RIO VERDE,2021-04,403.0
RIO VERDE,2021-05,606.0
RIO VERDE,2021-06,528.0
RIO VERDE,2021-07,719.0
RIO VERDE,2021-08,1200.0
RIO VERDE,2021-09,1067.0
RIO VERDE,2021-10,1210.0
RIO VERDE,2021-11,1336.0
RIO VERDE,2021-12,1497.0
RIO VERDE,2022-01,1153.0
RIO VERDE,2022-02,1026.0
RIO VERDE,2022-03,1548.0
RIO VERDE,2022-04,1373.0
RIO VERDE,2022-05,1485.0
RIO VERDE,2022-06,1300.0
RIO VERDE,2022-07,1700.0
RIO VERDE,2022-08,1492.0
RIO VERDE,2022-09,1302.0
RIO VERDE,2022-10,1312.0
RIO VERDE,2022-11,1263.0
RIO VERDE,2022-12,1376.0
RIO VERDE,2023-01,1115.0
RIO VERDE,2023-02,1334.0
RIO VERDE,2023-03,1571.0
RIO VERDE,2023-04,1677.0
RIO VERDE,2023-05,1595.0
RIO VERDE,2023-06,1477.0
RIO VERDE,2023-07,1803.0
RIO VERDE,2023-08,1673.0
RIO VERDE,2023-09,2012.0
RIO VERDE,2023-10,1628.0
RIO VERDE,2023-11,1527.0
RIO VERDE,2023-12,1522.0
RIO VERDE,2024-01,1558.0
RIO VERDE,2024-02,1309.0
RIO VERDE,2024-03,1486.0
RIO VERDE,2024-04,3505.0
RIO VERDE,2024-05,3292.0
RIO VERDE,2024-06,3380.0
RIO VERDE,2024-07,3682.0
RIO VERDE,2024-08,2920.0
RIO VERDE,2024-09,1636.0
RIO VERDE,2024-10,1669.0
RIO VERDE,2024-11,1460.0
RIO VERDE,2024-12,1705.0
RIO VERDE,2025-01,1399.0
RIO VERDE,2025-02,1136.0
RIO VERDE,2025-03,251.0
RONDONÓPOLIS,2021-01,983.0
RONDONÓPOLIS,2021-02,1175.0
RONDONÓPOLIS,2021-03,810.0
RONDONÓPOLIS,2021-04,555.0
RONDONÓPOLIS,2021-05,912.0
RONDONÓPOLIS,2021-06,950.0
RONDONÓPOLIS,2021-07,1193.0
RONDONÓPOLIS,2021-08,1915.0
RONDONÓPOLIS,2021-09,1562.0
RONDONÓPOLIS,2021-10,1812.0
RONDONÓPOLIS,2021-11,1867.0
RONDONÓPOLIS,2021-12,2240.0
RONDONÓPOLIS,2022-01,1618.0
RONDONÓPOLIS,2022-02,1384.0
RONDONÓPOLIS,2022-03,1416.0
RONDONÓPOLIS,2022-04,1870.0
RONDONÓPOLIS,2022-05,2135.0
RONDONÓPOLIS,2022-06,1432.0
RONDONÓPOLIS,2022-07,2131.0
RONDONÓPOLIS,2022-08,1961.0
RONDONÓPOLIS,2022-09,1709.0
RONDONÓPOLIS,2022-10,1542.0
RONDONÓPOLIS,2022-11,1837.0
RONDONÓPOLIS,2022-12,1777.0
RONDONÓPOLIS,2023-01,1303.0
RONDONÓPOLIS,2023-02,1016.0
RONDONÓPOLIS,2023-03,1466.0
RONDONÓPOLIS,2023-04,2126.0
RONDONÓPOLIS,2023-05,2126.0
RONDONÓPOLIS,2023-06,2725.0
RONDONÓPOLIS,2023-07,3086.0
RONDONÓPOLIS,2023-08,2646.0
RONDONÓPOLIS,2023-09,2591.0
RONDONÓPOLIS,2023-10,2122.0
RONDONÓPOLIS,2023-11,1898.0
RONDONÓPOLIS,2023-12,2184.0
RONDONÓPOLIS,2024-01,1771.0
RONDONÓPOLIS,2024-02,1567.0
RONDONÓPOLIS,2024-03,1707.0
RONDONÓPOLIS,2024-04,1370.0
RONDONÓPOLIS,2024-05,1427.0
RONDONÓPOLIS,2024-06,1503.0
RONDONÓPOLIS,2024-07,1519.0
RONDONÓPOLIS,2024-08,1728.0
RONDONÓPOLIS,2024-09,2009.0
RONDONÓPOLIS,2024-10,1956.0
RONDONÓPOLIS,2024-11,1813.0
RONDONÓPOLIS,2024-12,1946.0
RONDONÓPOLIS,2025-01,1705.0
RONDONÓPOLIS,2025-02,1669.0
RONDONÓPOLIS,2025-03,2048.0
RONDONÓPOLIS,2025-04,2151.0
RONDONÓPOLIS,2025-05,2067.0
RONDONÓPOLIS,2025-06,2131.0
RONDONÓPOLIS,2025-07,2082.0
RONDONÓPOLIS,2025-08,2236.0
RONDONÓPOLIS,2025-09,2168.0
RONDONÓPOLIS,2025-10,2210.0
RONDONÓPOLIS,2025-11,1906.0
RONDONÓPOLIS,2025-12,2114.0
SALINAS,2024-01,57.0
SALINAS,2024-02,49.0
SALINAS,2024-03,79.0
SALINAS,2024-04,49.0
SALINAS,2024-05,37.0
SALINAS,2024-06,64.0
SALINAS,2024-07,117.0
SALINAS,2024-08,96.0
SALINAS,2024-09,91.0
SALINAS,2024-10,71.0
SALINAS,2024-11,52.0
SALINAS,2024-12,46.0
SALINAS,2025-01,33.0
SALINAS,2025-02,37.0
SALINAS,2025-03,82.0
SALINAS,2025-04,76.0
SALINAS,2025-05,96.0
SALINAS,2025-06,39.0
SALINAS,2025-07,117.0
SALINAS,2025-08,61.0
SALINAS,2025-09,83.0
SALINAS,2025-10,70.0
SALINAS,2025-11,60.0
SALINAS,2025-12,51.0
SALINÓPOLIS,2022-06,7.0
SALINÓPOLIS,2022-07,61.0
SALINÓPOLIS,2022-08,20.0
SALINÓPOLIS,2022-09,30.0
SALINÓPOLIS,2022-10,17.0
SALINÓPOLIS,2022-11,0.0
SALINÓPOLIS,2022-12,1.0
SALINÓPOLIS,2023-01,10.0
SALINÓPOLIS,2023-02,1.0
SALINÓPOLIS,2023-03,1.0
SALINÓPOLIS,2023-04,9.0
SALINÓPOLIS,2023-05,9.0
SALINÓPOLIS,2023-06,18.0
SALINÓPOLIS,2023-07,41.0
SALINÓPOLIS,2023-08,31.0
SALINÓPOLIS,2023-09,37.0
SALINÓPOLIS,2023-10,33.0
SALINÓPOLIS,2023-11,15.0
SALINÓPOLIS,2023-12,23.0
SALINÓPOLIS,2024-01,16.0
SALINÓPOLIS,2024-02,10.0
SALINÓPOLIS,2024-03,8.0
SALINÓPOLIS,2024-04,9.0
SALINÓPOLIS,2024-05,11.0
SALINÓPOLIS,2024-06,3.0
SALINÓPOLIS,2024-07,34.0
SALINÓPOLIS,2024-08,17.0
SALINÓPOLIS,2024-09,16.0
SALINÓPOLIS,2024-10,4.0
SALINÓPOLIS,2024-11,6.0
SALINÓPOLIS,2024-12,6.0
SALINÓPOLIS,2025-01,10.0
SALINÓPOLIS,2025-02,11.0
SALINÓPOLIS,2025-03,2.0
SALINÓPOLIS,2025-04,7.0
SALINÓPOLIS,2025-05,7.0
SALINÓPOLIS,2025-06,4.0
SALINÓPOLIS,2025-07,16.0
SALINÓPOLIS,2025-08,1.0
SALINÓPOLIS,2025-09,0.0
SALINÓPOLIS,2025-10,8.0
SALINÓPOLIS,2025-11,1.0
SALINÓPOLIS,2025-12,0.0
SALVADOR,2021-01,316083.0
SALVADOR,2021-02,212613.0
SALVADOR,2021-03,147817.0
SALVADOR,2021-04,96775.0
SALVADOR,2021-05,131934.0
SALVADOR,2021-06,170300.0
SALVADOR,2021-07,247040.0
SALVADOR,2021-08,218751.0
SALVADOR,2021-09,247704.0
SALVADOR,2021-10,276045.0
SALVADOR,2021-11,285548.0
SALVADOR,2021-12,311646.0
SALVADOR,2022-01,362106.0
SALVADOR,2022-02,257181.0
SALVADOR,2022-03,288096.0
SALVADOR,2022-04,257341.0
SALVADOR,2022-05,240726.0
SALVADOR,2022-06,230826.0
SALVADOR,2022-07,278381.0
SALVADOR,2022-08,256277.0
SALVADOR,2022-09,241611.0
SALVADOR,2022-10,248325.0
SALVADOR,2022-11,272560.0
SALVADOR,2022-12,291789.0
SALVADOR,2023-01,347345.0
SALVADOR,2023-02,274818.0
SALVADOR,2023-03,286239.0
SALVADOR,2023-04,258714.0
SALVADOR,2023-05,262322.0
SALVADOR,2023-06,255380.0
SALVADOR,2023-07,319451.0
SALVADOR,2023-08,316670.0
SALVADOR,2023-09,298768.0
SALVADOR,2023-10,310377.0
SALVADOR,2023-11,297652.0
SALVADOR,2023-12,315513.0
SALVADOR,2024-01,383007.0
SALVADOR,2024-02,312578.0
SALVADOR,2024-03,292612.0
SALVADOR,2024-04,266501.0
SALVADOR,2024-05,268729.0
SALVADOR,2024-06,282013.0
SALVADOR,2024-07,338043.0
SALVADOR,2024-08,305773.0
SALVADOR,2024-09,298031.0
SALVADOR,2024-10,313441.0
SALVADOR,2024-11,299266.0
SALVADOR,2024-12,310624.0
SALVADOR,2025-01,382971.0
SALVADOR,2025-02,297436.0
SALVADOR,2025-03,332112.0
SALVADOR,2025-04,301631.0
SALVADOR,2025-05,287506.0
SALVADOR,2025-06,294355.0
SALVADOR,2025-07,351424.0
SALVADOR,2025-08,331384.0
SALVADOR,2025-09,316679.0
SALVADOR,2025-10,337480.0
SALVADOR,2025-11,336474.0
SALVADOR,2025-12,356952.0
SANTA CRUZ DO SUL,2021-08,33.0
SANTA CRUZ DO SUL,2021-09,36.0
SANTA CRUZ DO SUL,2021-10,47.0
SANTA CRUZ DO SUL,2021-11,44.0
SANTA CRUZ DO SUL,2021-12,75.0
SANTA CRUZ DO SUL,2022-01,43.0
SANTA CRUZ DO SUL,2022-02,29.0
SANTA CRUZ DO SUL,2022-03,17.0
SANTA CRUZ DO SUL,2022-04,26.0
SANTA CRUZ DO SUL,2022-05,22.0
SANTA CRUZ DO SUL,2022-06,12.0
SANTA CRUZ DO SUL,2022-07,14.0
SANTA CRUZ DO SUL,2022-08,19.0
SANTA CRUZ DO SUL,2022-09,11.0
SANTA CRUZ DO SUL,2022-10,9.0
SANTA CRUZ DO SUL,2022-11,13.0
SANTA CRUZ DO SUL,2022-12,6.0
SANTA CRUZ DO SUL,2023-01,2.0
SANTA CRUZ DO SUL,2023-02,7.0
SANTA CRUZ DO SUL,2023-03,13.0
SANTA CRUZ DO SUL,2023-04,5.0
SANTA CRUZ DO SUL,2023-05,8.0
SANTA CRUZ DO SUL,2023-06,15.0
SANTA CRUZ DO SUL,2023-07,9.0
SANTA CRUZ DO SUL,2023-08,10.0
SANTA CRUZ DO SUL,2023-09,17.0
SANTA CRUZ DO SUL,2023-10,16.0
SANTA CRUZ DO SUL,2023-11,13.0
SANTA CRUZ DO SUL,2023-12,15.0
SANTA CRUZ DO SUL,2024-01,12.0
SANTA CRUZ DO SUL,2024-02,4.0
SANTA CRUZ DO SUL,2024-03,2.0
SANTA CRUZ DO SUL,2024-04,4.0
SANTA CRUZ DO SUL,2024-05,0.0
SANTA ISABEL DO RIO NEGRO,2022-12,14.0
SANTA ISABEL DO RIO NEGRO,2023-01,22.0
SANTA ISABEL DO RIO NEGRO,2023-02,31.0
SANTA ISABEL DO RIO NEGRO,2023-03,16.0
SANTA ISABEL DO RIO NEGRO,2023-04,22.0
SANTA ISABEL DO RIO NEGRO,2023-05,14.0
SANTA ISABEL DO RIO NEGRO,2023-06,13.0
SANTA ISABEL DO RIO NEGRO,2023-07,12.0
SANTA ISABEL DO RIO NEGRO,2023-08,10.0
SANTA ISABEL DO RIO NEGRO,2023-09,57.0
SANTA ISABEL DO RIO NEGRO,2023-10,95.0
SANTA ISABEL DO RIO NEGRO,2023-11,102.0
SANTA ISABEL DO RIO NEGRO,2023-12,32.0
SANTA ISABEL DO RIO NEGRO,2024-01,0.0
SANTA ISABEL DO RIO NEGRO,2024-02,5.0
SANTA ISABEL DO RIO NEGRO,2024-03,2.0
SANTA ISABEL DO RIO NEGRO,2024-04,6.0
SANTA ISABEL DO RIO NEGRO,2024-05,5.0
SANTA ISABEL DO RIO NEGRO,2024-06,10.0
SANTA ISABEL DO RIO NEGRO,2024-07,9.0
SANTA ISABEL DO RIO NEGRO,2024-08,6.0
SANTA ISABEL DO RIO NEGRO,2024-09,13.0
SANTA ISABEL DO RIO NEGRO,2024-10,23.0
SANTA ISABEL DO RIO NEGRO,2024-11,22.0
SANTA ISABEL DO RIO NEGRO,2024-12,17.0
SANTA ISABEL DO RIO NEGRO,2025-01,12.0
SANTA ISABEL DO RIO NEGRO,2025-02,11.0
SANTA ISABEL DO RIO NEGRO,2025-03,8.0
SANTA ISABEL DO RIO NEGRO,2025-04,4.0
SANTA ISABEL DO RIO NEGRO,2025-05,1.0
SANTA ISABEL DO RIO NEGRO,2025-06,6.0
SANTA ISABEL DO RIO NEGRO,2025-07,28.0
SANTA ISABEL DO RIO NEGRO,2025-08,0.0
SANTA MARIA,2021-01,1136.0
SANTA MARIA,2021-02,977.0
SANTA MARIA,2021-03,696.0
SANTA MARIA,2021-04,583.0
SANTA MARIA,2021-05,559.0
SANTA MARIA,2021-06,709.0
SANTA MARIA,2021-07,802.0
SANTA MARIA,2021-08,1266.0
SANTA MARIA,2021-09,1335.0
SANTA MARIA,2021-10,1482.0
SANTA MARIA,2021-11,1547.0
SANTA MARIA,2021-12,2089.0
SANTA MARIA,2022-01,1814.0
SANTA MARIA,2022-02,733.0
SANTA MARIA,2022-03,1367.0
SANTA MARIA,2022-04,1302.0
SANTA MARIA,2022-05,1417.0
SANTA MARIA,2022-06,1283.0
SANTA MARIA,2022-07,880.0
SANTA MARIA,2022-08,1065.0
SANTA MARIA,2022-09,1215.0
SANTA MARIA,2022-10,1292.0
SANTA MARIA,2022-11,1457.0
SANTA MARIA,2022-12,1832.0
SANTA MARIA,2023-01,1797.0
SANTA MARIA,2023-02,1128.0
SANTA MARIA,2023-03,1233.0
SANTA MARIA,2023-04,1544.0
SANTA MARIA,2023-05,1369.0
SANTA MARIA,2023-06,1940.0
SANTA MARIA,2023-07,2057.0
SANTA MARIA,2023-08,2253.0
SANTA MARIA,2023-09,2138.0
SANTA MARIA,2023-10,2260.0
SANTA MARIA,2023-11,2013.0
SANTA MARIA,2023-12,2218.0
SANTA MARIA,2024-01,2205.0
SANTA MARIA,2024-02,1874.0
SANTA MARIA,2024-03,1907.0
SANTA MARIA,2024-04,1836.0
SANTA MARIA,2024-05,758.0
SANTA MARIA,2024-06,1274.0
SANTA MARIA,2024-07,1494.0
SANTA MARIA,2024-08,2648.0
SANTA MARIA,2024-09,2683.0
SANTA MARIA,2024-10,2612.0
SANTA MARIA,2024-11,2318.0
SANTA MARIA,2024-12,2005.0
SANTA MARIA,2025-01,2258.0
SANTA MARIA,2025-02,2185.0
SANTA MARIA,2025-03,1824.0
SANTA MARIA,2025-04,1601.0
SANTA MARIA,2025-05,1526.0
SANTA MARIA,2025-06,1265.0
SANTA MARIA,2025-07,1401.0
SANTA MARIA,2025-08,634.0
SANTA MARIA,2025-09,665.0
SANTA MARIA,2025-10,659.0
SANTA MARIA,2025-11,673.0
SANTA MARIA,2025-12,468.0
SANTA RITA,2021-01,76602.0
SANTA RITA,2021-02,44809.0
SANTA RITA,2021-03,29818.0
SANTA RITA,2021-04,18261.0
SANTA RITA,2021-05,24376.0
SANTA RITA,2021-06,32056.0
SANTA RITA,2021-07,54294.0
SANTA RITA,2021-08,40990.0
SANTA RITA,2021-09,41212.0
SANTA RITA,2021-10,45461.0
SANTA RITA,2021-11,48599.0
SANTA RITA,2021-12,53058.0
SANTA RITA,2022-01,60660.0
SANTA RITA,2022-02,45953.0
SANTA RITA,2022-03,51539.0
SANTA RITA,2022-04,46619.0
SANTA RITA,2022-05,44929.0
SANTA RITA,2022-06,41304.0
SANTA RITA,2022-07,57939.0
SANTA RITA,2022-08,53936.0
SANTA RITA,2022-09,47570.0
SANTA RITA,2022-10,52184.0
SANTA RITA,2022-11,52352.0
SANTA RITA,2022-12,52657.0
SANTA RITA,2023-01,75081.0
SANTA RITA,2023-02,53812.0
SANTA RITA,2023-03,53619.0
SANTA RITA,2023-04,53364.0
SANTA RITA,2023-05,53967.0
SANTA RITA,2023-06,48879.0
SANTA RITA,2023-07,60765.0
SANTA RITA,2023-08,58334.0
SANTA RITA,2023-09,54099.0
SANTA RITA,2023-10,59602.0
SANTA RITA,2023-11,59120.0
SANTA RITA,2023-12,61875.0
SANTA RITA,2024-01,86792.0
SANTA RITA,2024-02,63155.0
SANTA RITA,2024-03,58143.0
SANTA RITA,2024-04,52318.0
SANTA RITA,2024-05,50394.0
SANTA RITA,2024-06,53482.0
SANTA RITA,2024-07,76678.0
SANTA RITA,2024-08,64532.0
SANTA RITA,2024-09,63694.0
SANTA RITA,2024-10,73735.0
SANTA RITA,2024-11,73195.0
SANTA RITA,2024-12,68702.0
SANTA RITA,2025-01,90059.0
SANTA RITA,2025-02,67816.0
SANTA RITA,2025-03,72812.0
SANTA RITA,2025-04,69266.0
SANTA RITA,2025-05,70784.0
SANTA RITA,2025-06,68253.0
SANTA RITA,2025-07,86345.0
SANTA RITA,2025-08,77664.0
SANTA RITA,2025-09,76873.0
SANTA RITA,2025-10,82242.0
SANTA RITA,2025-11,79739.0
SANTA RITA,2025-12,79915.0
SANTA ROSA,2021-08,67.0
SANTA ROSA,2021-09,30.0
SANTA ROSA,2021-10,52.0
SANTA ROSA,2021-11,62.0
SANTA ROSA,2021-12,58.0
SANTA ROSA,2022-01,67.0
SANTA ROSA,2022-02,57.0
SANTA ROSA,2022-03,52.0
SANTA ROSA,2022-04,65.0
SANTA ROSA,2022-05,34.0
SANTA ROSA,2022-06,23.0
SANTA ROSA,2022-07,38.0
SANTA ROSA,2022-08,23.0
SANTA ROSA,2022-09,37.0
SANTA ROSA,2022-10,21.0
SANTA ROSA,2022-11,4.0
SANTA ROSA,2022-12,14.0
SANTA ROSA,2023-01,10.0
SANTA ROSA,2023-02,4.0
SANTA ROSA,2023-03,13.0
SANTA ROSA,2023-04,31.0
SANTA ROSA,2023-05,35.0
SANTA ROSA,2023-06,28.0
SANTA ROSA,2023-07,27.0
SANTA ROSA,2023-08,32.0
SANTA ROSA,2023-09,0.0
SANTA ROSA,2023-10,6.0
SANTA ROSA,2023-11,13.0
SANTA ROSA,2023-12,20.0
SANTA ROSA,2024-01,13.0
SANTA ROSA,2024-02,2.0
SANTA ROSA,2024-03,5.0
SANTA ROSA,2024-04,5.0
SANTANA DO PARAÍSO,2021-12,4410.0
SANTANA DO PARAÍSO,2022-01,3970.0
SANTANA DO PARAÍSO,2022-02,5681.0
SANTANA DO PARAÍSO,2022-03,5778.0
SANTANA DO PARAÍSO,2022-04,5626.0
SANTANA DO PARAÍSO,2022-05,5007.0
SANTANA DO PARAÍSO,2022-06,4333.0
SANTANA DO PARAÍSO,2022-07,4935.0
SANTANA DO PARAÍSO,2022-08,5519.0
SANTANA DO PARAÍSO,2022-09,6114.0
SANTANA DO PARAÍSO,2022-10,6488.0
SANTANA DO PARAÍSO,2022-11,7147.0
SANTANA DO PARAÍSO,2022-12,8022.0
SANTANA DO PARAÍSO,2023-01,8831.0
SANTANA DO PARAÍSO,2023-02,8086.0
SANTANA DO PARAÍSO,2023-03,9138.0
SANTANA DO PARAÍSO,2023-04,8698.0
SANTANA DO PARAÍSO,2023-05,7945.0
SANTANA DO PARAÍSO,2023-06,7277.0
SANTANA DO PARAÍSO,2023-07,7235.0
SANTANA DO PARAÍSO,2023-08,7808.0
SANTANA DO PARAÍSO,2023-09,7257.0
SANTANA DO PARAÍSO,2023-10,7515.0
SANTANA DO PARAÍSO,2023-11,6105.0
SANTANA DO PARAÍSO,2023-12,5962.0
SANTANA DO PARAÍSO,2024-01,6366.0
SANTANA DO PARAÍSO,2024-02,5862.0
SANTANA DO PARAÍSO,2024-03,7686.0
SANTANA DO PARAÍSO,2024-04,8768.0
SANTANA DO PARAÍSO,2024-05,7738.0
SANTANA DO PARAÍSO,2024-06,6447.0
SANTANA DO PARAÍSO,2024-07,7236.0
SANTANA DO PARAÍSO,2024-08,7549.0
SANTANA DO PARAÍSO,2024-09,6834.0
SANTANA DO PARAÍSO,2024-10,7568.0
SANTANA DO PARAÍSO,2024-11,7475.0
SANTANA DO PARAÍSO,2024-12,6595.0
SANTANA DO PARAÍSO,2025-01,6867.0
SANTANA DO PARAÍSO,2025-02,6606.0
SANTANA DO PARAÍSO,2025-03,7077.0
SANTANA DO PARAÍSO,2025-04,6280.0
SANTANA DO PARAÍSO,2025-05,5508.0
SANTANA DO PARAÍSO,2025-06,4780.0
SANTANA DO PARAÍSO,2025-07,4852.0
SANTANA DO PARAÍSO,2025-08,5181.0
SANTANA DO PARAÍSO,2025-09,5238.0
SANTANA DO PARAÍSO,2025-10,5729.0
SANTANA DO PARAÍSO,2025-11,5156.0
SANTANA DO PARAÍSO,2025-12,4877.0
SANTARÉM,2021-01,23292.0
SANTARÉM,2021-02,9371.0
SANTARÉM,2021-03,9340.0
SANTARÉM,2021-04,8493.0
SANTARÉM,2021-05,12626.0
SANTARÉM,2021-06,13822.0
SANTARÉM,2021-07,21132.0
SANTARÉM,2021-08,20007.0
SANTARÉM,2021-09,21526.0
SANTARÉM,2021-10,23864.0
SANTARÉM,2021-11,23745.0
SANTARÉM,2021-12,26515.0
SANTARÉM,2022-01,28067.0
SANTARÉM,2022-02,15672.0
SANTARÉM,2022-03,16916.0
SANTARÉM,2022-04,13775.0
SANTARÉM,2022-05,15534.0
SANTARÉM,2022-06,14736.0
SANTARÉM,2022-07,22921.0
SANTARÉM,2022-08,18721.0
SANTARÉM,2022-09,16880.0
SANTARÉM,2022-10,15092.0
SANTARÉM,2022-11,16345.0
SANTARÉM,2022-12,17651.0
SANTARÉM,2023-01,19509.0
SANTARÉM,2023-02,13338.0
SANTARÉM,2023-03,14222.0
SANTARÉM,2023-04,15482.0
SANTARÉM,2023-05,16960.0
SANTARÉM,2023-06,16263.0
SANTARÉM,2023-07,21287.0
SANTARÉM,2023-08,19565.0
SANTARÉM,2023-09,20857.0
SANTARÉM,2023-10,21337.0
SANTARÉM,2023-11,19658.0
SANTARÉM,2023-12,20652.0
SANTARÉM,2024-01,22143.0
SANTARÉM,2024-02,16496.0
SANTARÉM,2024-03,18351.0
SANTARÉM,2024-04,16715.0
SANTARÉM,2024-05,18838.0
SANTARÉM,2024-06,20729.0
SANTARÉM,2024-07,26948.0
SANTARÉM,2024-08,26355.0
SANTARÉM,2024-09,26666.0
SANTARÉM,2024-10,25677.0
SANTARÉM,2024-11,21509.0
SANTARÉM,2024-12,21612.0
SANTARÉM,2025-01,21476.0
SANTARÉM,2025-02,16596.0
SANTARÉM,2025-03,19153.0
SANTARÉM,2025-04,19732.0
SANTARÉM,2025-05,21178.0
SANTARÉM,2025-06,21680.0
SANTARÉM,2025-07,22292.0
SANTARÉM,2025-08,22525.0
SANTARÉM,2025-09,21672.0
SANTARÉM,2025-10,23313.0
SANTARÉM,2025-11,23149.0
SANTARÉM,2025-12,21633.0
SANTO ANTÔNIO DO LEVERGER,2023-07,0.0
SANTO ANTÔNIO DO LEVERGER,2025-05,0.0
SANTO ÂNGELO,2021-02,586.0
SANTO ÂNGELO,2021-03,436.0
SANTO ÂNGELO,2021-04,500.0
SANTO ÂNGELO,2021-05,317.0
SANTO ÂNGELO,2021-06,434.0
SANTO ÂNGELO,2021-07,624.0
SANTO ÂNGELO,2021-08,1136.0
SANTO ÂNGELO,2021-09,1140.0
SANTO ÂNGELO,2021-10,1231.0
SANTO ÂNGELO,2021-11,1247.0
SANTO ÂNGELO,2021-12,948.0
SANTO ÂNGELO,2022-01,721.0
SANTO ÂNGELO,2022-02,804.0
SANTO ÂNGELO,2022-03,1222.0
SANTO ÂNGELO,2022-04,1189.0
SANTO ÂNGELO,2022-05,1492.0
SANTO ÂNGELO,2022-06,1294.0
SANTO ÂNGELO,2022-07,1064.0
SANTO ÂNGELO,2022-08,1232.0
SANTO ÂNGELO,2022-09,1532.0
SANTO ÂNGELO,2022-10,1923.0
SANTO ÂNGELO,2022-11,2159.0
SANTO ÂNGELO,2022-12,2459.0
SANTO ÂNGELO,2023-01,2840.0
SANTO ÂNGELO,2023-02,2196.0
SANTO ÂNGELO,2023-03,2474.0
SANTO ÂNGELO,2023-04,2404.0
SANTO ÂNGELO,2023-05,2529.0
SANTO ÂNGELO,2023-06,2665.0
SANTO ÂNGELO,2023-07,3498.0
SANTO ÂNGELO,2023-08,3680.0
SANTO ÂNGELO,2023-09,3015.0
SANTO ÂNGELO,2023-10,3345.0
SANTO ÂNGELO,2023-11,3220.0
SANTO ÂNGELO,2023-12,2974.0
SANTO ÂNGELO,2024-01,3633.0
SANTO ÂNGELO,2024-02,3148.0
SANTO ÂNGELO,2024-03,3018.0
SANTO ÂNGELO,2024-04,3155.0
SANTO ÂNGELO,2024-05,1755.0
SANTO ÂNGELO,2024-06,2259.0
SANTO ÂNGELO,2024-07,2501.0
SANTO ÂNGELO,2024-08,2487.0
SANTO ÂNGELO,2024-09,1925.0
SANTO ÂNGELO,2024-10,2252.0
SANTO ÂNGELO,2024-11,2589.0
SANTO ÂNGELO,2024-12,2582.0
SANTO ÂNGELO,2025-01,3036.0
SANTO ÂNGELO,2025-02,2583.0
SANTO ÂNGELO,2025-03,2378.0
SANTO ÂNGELO,2025-04,2409.0
SANTO ÂNGELO,2025-05,2434.0
SANTO ÂNGELO,2025-06,2210.0
SANTO ÂNGELO,2025-07,2724.0
SANTO ÂNGELO,2025-08,2515.0
SANTO ÂNGELO,2025-09,2315.0
SANTO ÂNGELO,2025-10,2594.0
SANTO ÂNGELO,2025-11,2262.0
SANTO ÂNGELO,2025-12,2191.0
SERRA TALHADA,2021-01,296.0
SERRA TALHADA,2021-02,282.0
SERRA TALHADA,2021-03,294.0
SERRA TALHADA,2021-04,207.0
SERRA TALHADA,2021-05,143.0
SERRA TALHADA,2021-06,270.0
SERRA TALHADA,2021-07,270.0
SERRA TALHADA,2021-08,233.0
SERRA TALHADA,2021-09,265.0
SERRA TALHADA,2021-10,242.0
SERRA TALHADA,2021-11,177.0
SERRA TALHADA,2021-12,227.0
SERRA TALHADA,2022-01,354.0
SERRA TALHADA,2022-02,132.0
SERRA TALHADA,2022-03,203.0
SERRA TALHADA,2022-04,128.0
SERRA TALHADA,2022-05,141.0
SERRA TALHADA,2022-06,80.0
SERRA TALHADA,2022-07,183.0
SERRA TALHADA,2022-08,105.0
SERRA TALHADA,2022-09,62.0
SERRA TALHADA,2022-10,35.0
SERRA TALHADA,2022-11,15.0
SERRA TALHADA,2022-12,21.0
SERRA TALHADA,2023-01,27.0
SERRA TALHADA,2023-02,14.0
SERRA TALHADA,2023-03,23.0
SERRA TALHADA,2023-04,29.0
SERRA TALHADA,2023-05,35.0
SERRA TALHADA,2023-06,27.0
SERRA TALHADA,2023-07,22.0
SERRA TALHADA,2023-08,28.0
SERRA TALHADA,2023-09,24.0
SERRA TALHADA,2023-10,31.0
SERRA TALHADA,2023-11,29.0
SERRA TALHADA,2023-12,29.0
SERRA TALHADA,2024-01,24.0
SERRA TALHADA,2024-02,13.0
SERRA TALHADA,2024-03,25.0
SERRA TALHADA,2024-04,30.0
SERRA TALHADA,2024-05,25.0
SERRA TALHADA,2024-06,42.0
SERRA TALHADA,2024-07,66.0
SERRA TALHADA,2024-08,124.0
SERRA TALHADA,2024-09,118.0
SERRA TALHADA,2024-10,69.0
SERRA TALHADA,2024-11,33.0
SERRA TALHADA,2024-12,32.0
SERRA TALHADA,2025-01,47.0
SERRA TALHADA,2025-02,41.0
SERRA TALHADA,2025-03,21.0
SERRA TALHADA,2025-04,19.0
SERRA TALHADA,2025-05,28.0
SERRA TALHADA,2025-06,21.0
SERRA TALHADA,2025-07,30.0
SERRA TALHADA,2025-08,23.0
SERRA TALHADA,2025-09,18.0
SERRA TALHADA,2025-10,20.0
SERRA TALHADA,2025-11,13.0
SERRA TALHADA,2025-12,11.0
SETUBINHA,2024-07,0.0
SINOP,2021-01,6943.0
SINOP,2021-02,4983.0
SINOP,2021-03,4380.0
SINOP,2021-04,2091.0
SINOP,2021-05,3412.0
SINOP,2021-06,4457.0
SINOP,2021-07,8861.0
SINOP,2021-08,10561.0
SINOP,2021-09,9801.0
SINOP,2021-10,9572.0
SINOP,2021-11,9636.0
SINOP,2021-12,11952.0
SINOP,2022-01,8573.0
SINOP,2022-02,8494.0
SINOP,2022-03,9238.0
SINOP,2022-04,10461.0
SINOP,2022-05,13391.0
SINOP,2022-06,10877.0
SINOP,2022-07,15320.0
SINOP,2022-08,16352.0
SINOP,2022-09,14192.0
SINOP,2022-10,13896.0
SINOP,2022-11,13765.0
SINOP,2022-12,19143.0
SINOP,2023-01,16572.0
SINOP,2023-02,13047.0
SINOP,2023-03,16006.0
SINOP,2023-04,13951.0
SINOP,2023-05,13948.0
SINOP,2023-06,13023.0
SINOP,2023-07,13340.0
SINOP,2023-08,14126.0
SINOP,2023-09,12035.0
SINOP,2023-10,12622.0
SINOP,2023-11,14220.0
SINOP,2023-12,16005.0
SINOP,2024-01,15042.0
SINOP,2024-02,14094.0
SINOP,2024-03,16115.0
SINOP,2024-04,16979.0
SINOP,2024-05,18122.0
SINOP,2024-06,16689.0
SINOP,2024-07,17131.0
SINOP,2024-08,16933.0
SINOP,2024-09,16331.0
SINOP,2024-10,16404.0
SINOP,2024-11,17420.0
SINOP,2024-12,18839.0
SINOP,2025-01,17553.0
SINOP,2025-02,16057.0
SINOP,2025-03,18400.0
SINOP,2025-04,17414.0
SINOP,2025-05,18466.0
SINOP,2025-06,17762.0
SINOP,2025-07,21433.0
SINOP,2025-08,22211.0
SINOP,2025-09,19184.0
SINOP,2025-10,19872.0
SINOP,2025-11,19044.0
SINOP,2025-12,20701.0
SOBRAL,2022-11,0.0
SOBRAL,2022-12,3.0
SOBRAL,2023-01,20.0
SOBRAL,2023-02,11.0
SOBRAL,2023-09,6.0
SOBRAL,2023-10,5.0
SOBRAL,2023-11,3.0
SOBRAL,2024-01,4.0
SOBRAL,2024-02,1.0
SOBRAL,2024-03,2.0
SOBRAL,2024-04,1.0
SOBRAL,2024-05,1.0
SOBRAL,2024-06,5.0
SOBRAL,2024-07,2.0
SOBRAL,2024-08,9.0
SOBRAL,2024-09,4.0
SOBRAL,2024-10,4.0
SOBRAL,2024-11,12.0
SOBRAL,2024-12,5.0
SOBRAL,2025-01,2.0
SOROCABA,2021-02,0.0
SOROCABA,2021-04,0.0
SOROCABA,2021-06,0.0
SOROCABA,2021-08,0.0
SOROCABA,2021-09,0.0
SOROCABA,2021-10,0.0
SOROCABA,2021-11,0.0
SOROCABA,2021-12,0.0
SOROCABA,2022-03,0.0
SOROCABA,2022-04,0.0
SOROCABA,2022-05,0.0
SOROCABA,2022-07,0.0
SOROCABA,2022-11,0.0
SOROCABA,2023-02,0.0
SOROCABA,2023-03,0.0
SOROCABA,2023-04,0.0
SOROCABA,2023-05,0.0
SOROCABA,2023-08,0.0
SOROCABA,2024-01,0.0
SOROCABA,2024-02,0.0
SOROCABA,2024-03,0.0
SOROCABA,2024-04,0.0
SOROCABA,2024-05,0.0
SOROCABA,2024-06,0.0
SOROCABA,2024-08,0.0
SOROCABA,2025-03,0.0
SOROCABA,2025-08,116.0
SOROCABA,2025-09,63.0
SOROCABA,2025-10,51.0
SOROCABA,2025-11,0.0
SOROCABA,2025-12,0.0
SORRISO,2021-01,1249.0
SORRISO,2021-02,1031.0
SORRISO,2021-03,173.0
SORRISO,2021-10,969.0
SORRISO,2021-11,2490.0
SORRISO,2021-12,2726.0
SORRISO,2022-01,1731.0
SORRISO,2022-02,942.0
SORRISO,2022-03,2278.0
SORRISO,2022-04,1987.0
SORRISO,2022-05,2506.0
SORRISO,2022-06,2312.0
SORRISO,2022-07,3360.0
SORRISO,2022-08,2228.0
SORRISO,2022-09,1866.0
SORRISO,2022-10,1689.0
SORRISO,2022-11,1878.0
SORRISO,2022-12,1985.0
SORRISO,2023-01,2007.0
SORRISO,2023-02,1970.0
SORRISO,2023-03,2368.0
SORRISO,2023-04,2326.0
SORRISO,2023-05,2300.0
SORRISO,2023-06,2139.0
SORRISO,2023-07,2106.0
SORRISO,2023-08,2429.0
SORRISO,2023-09,1820.0
SORRISO,2023-10,1956.0
SORRISO,2023-11,1308.0
SORRISO,2023-12,1901.0
SORRISO,2024-01,1523.0
SORRISO,2024-02,1327.0
SORRISO,2024-03,2022.0
SORRISO,2024-04,1668.0
SORRISO,2024-05,1706.0
SORRISO,2024-06,1344.0
SORRISO,2024-07,1890.0
SORRISO,2024-08,2015.0
SORRISO,2024-09,1524.0
SORRISO,2024-10,1619.0
SORRISO,2024-11,988.0
SORRISO,2024-12,2166.0
SORRISO,2025-01,1788.0
SORRISO,2025-02,2031.0
SORRISO,2025-03,2133.0
SORRISO,2025-04,2452.0
SORRISO,2025-05,2632.0
SORRISO,2025-06,1990.0
SORRISO,2025-07,1614.0
SORRISO,2025-08,1845.0
SORRISO,2025-09,2364.0
SORRISO,2025-10,2524.0
SORRISO,2025-11,2554.0
SORRISO,2025-12,2521.0
SÃO BENEDITO,2022-11,0.0
SÃO BENEDITO,2022-12,9.0
SÃO BENEDITO,2023-01,20.0
SÃO BENEDITO,2023-02,8.0
SÃO BENEDITO,2023-03,5.0
SÃO BENEDITO,2023-04,5.0
SÃO BENEDITO,2023-05,11.0
SÃO BENEDITO,2023-06,18.0
SÃO BENEDITO,2023-07,41.0
SÃO BENEDITO,2023-08,19.0
SÃO BENEDITO,2023-09,30.0
SÃO BENEDITO,2023-10,28.0
SÃO BENEDITO,2023-11,6.0
SÃO BENEDITO,2023-12,4.0
SÃO BENEDITO,2024-01,24.0
SÃO BENEDITO,2024-02,10.0
SÃO BENEDITO,2024-03,10.0
SÃO BENEDITO,2024-04,6.0
SÃO BENEDITO,2024-05,10.0
SÃO BENEDITO,2024-06,4.0
SÃO BENEDITO,2024-07,18.0
SÃO BENEDITO,2024-08,6.0
SÃO BENEDITO,2024-09,10.0
SÃO BENEDITO,2024-10,17.0
SÃO BENEDITO,2024-11,18.0
SÃO BENEDITO,2024-12,7.0
SÃO BENEDITO,2025-01,4.0
SÃO BENEDITO,2025-02,4.0
SÃO BORJA,2021-08,38.0
SÃO BORJA,2021-09,23.0
SÃO BORJA,2021-10,74.0
SÃO BORJA,2021-11,38.0
SÃO BORJA,2021-12,78.0
SÃO BORJA,2022-01,56.0
SÃO BORJA,2022-02,49.0
SÃO BORJA,2022-03,63.0
SÃO BORJA,2022-04,60.0
SÃO BORJA,2022-05,40.0
SÃO BORJA,2022-06,32.0
SÃO BORJA,2022-07,42.0
SÃO CARLOS,2021-01,0.0
SÃO CARLOS,2021-02,0.0
SÃO CARLOS,2021-03,0.0
SÃO CARLOS,2021-04,0.0
SÃO CARLOS,2021-05,0.0
SÃO CARLOS,2021-06,0.0
SÃO CARLOS,2021-07,0.0
SÃO CARLOS,2021-08,0.0
SÃO CARLOS,2021-09,0.0
SÃO CARLOS,2021-10,0.0
SÃO CARLOS,2021-11,0.0
SÃO CARLOS,2021-12,0.0
SÃO CARLOS,2022-01,0.0
SÃO CARLOS,2022-02,0.0
SÃO CARLOS,2022-03,0.0
SÃO CARLOS,2022-04,0.0
SÃO CARLOS,2022-05,0.0
SÃO CARLOS,2022-06,0.0
SÃO CARLOS,2022-07,0.0
SÃO CARLOS,2022-08,0.0
SÃO CARLOS,2022-09,0.0
SÃO CARLOS,2022-10,0.0
SÃO CARLOS,2022-11,0.0
SÃO CARLOS,2022-12,0.0
SÃO CARLOS,2023-01,0.0
SÃO CARLOS,2023-02,0.0
SÃO CARLOS,2023-03,0.0
SÃO CARLOS,2023-04,0.0
SÃO CARLOS,2023-05,0.0
SÃO CARLOS,2023-06,0.0
SÃO CARLOS,2023-07,0.0
SÃO CARLOS,2023-08,0.0
SÃO CARLOS,2023-09,0.0
SÃO CARLOS,2023-10,0.0
SÃO CARLOS,2023-11,0.0
SÃO CARLOS,2023-12,0.0
SÃO CARLOS,2024-01,0.0
SÃO CARLOS,2024-02,0.0
SÃO CARLOS,2024-03,0.0
SÃO CARLOS,2024-04,0.0
SÃO CARLOS,2024-05,0.0
SÃO CARLOS,2024-06,0.0
SÃO CARLOS,2024-07,0.0
SÃO CARLOS,2024-08,0.0
SÃO CARLOS,2024-09,0.0
SÃO CARLOS,2024-10,0.0
SÃO CARLOS,2024-11,0.0
SÃO CARLOS,2024-12,0.0
SÃO CARLOS,2025-01,0.0
SÃO CARLOS,2025-02,0.0
SÃO CARLOS,2025-03,0.0
SÃO CARLOS,2025-04,0.0
SÃO CARLOS,2025-05,0.0
SÃO CARLOS,2025-06,0.0
SÃO CARLOS,2025-07,0.0
SÃO CARLOS,2025-08,0.0
SÃO CARLOS,2025-09,0.0
SÃO CARLOS,2025-10,0.0
SÃO CARLOS,2025-11,0.0
SÃO CARLOS,2025-12,0.0
SÃO FÉLIX DO ARAGUAIA,2021-01,36.0
SÃO FÉLIX DO ARAGUAIA,2021-02,44.0
SÃO FÉLIX DO ARAGUAIA,2021-03,76.0
SÃO FÉLIX DO ARAGUAIA,2021-04,48.0
SÃO FÉLIX DO ARAGUAIA,2021-05,54.0
SÃO FÉLIX DO ARAGUAIA,2021-06,54.0
SÃO FÉLIX DO ARAGUAIA,2021-07,58.0
SÃO FÉLIX DO ARAGUAIA,2021-08,59.0
SÃO FÉLIX DO ARAGUAIA,2021-09,30.0
SÃO FÉLIX DO ARAGUAIA,2021-10,9.0
SÃO FÉLIX DO ARAGUAIA,2021-11,39.0
SÃO FÉLIX DO ARAGUAIA,2021-12,20.0
SÃO FÉLIX DO ARAGUAIA,2022-01,16.0
SÃO FÉLIX DO ARAGUAIA,2022-02,4.0
SÃO FÉLIX DO ARAGUAIA,2022-03,28.0
SÃO FÉLIX DO ARAGUAIA,2022-04,33.0
SÃO FÉLIX DO ARAGUAIA,2022-05,18.0
SÃO FÉLIX DO ARAGUAIA,2022-06,19.0
SÃO FÉLIX DO ARAGUAIA,2022-07,23.0
SÃO GABRIEL DA CACHOEIRA,2021-01,703.0
SÃO GABRIEL DA CACHOEIRA,2021-02,494.0
SÃO GABRIEL DA CACHOEIRA,2021-03,565.0
SÃO GABRIEL DA CACHOEIRA,2021-04,469.0
SÃO GABRIEL DA CACHOEIRA,2021-05,570.0
SÃO GABRIEL DA CACHOEIRA,2021-06,596.0
SÃO GABRIEL DA CACHOEIRA,2021-07,657.0
SÃO GABRIEL DA CACHOEIRA,2021-08,1237.0
SÃO GABRIEL DA CACHOEIRA,2021-09,1226.0
SÃO GABRIEL DA CACHOEIRA,2021-10,1172.0
SÃO GABRIEL DA CACHOEIRA,2021-11,1389.0
SÃO GABRIEL DA CACHOEIRA,2021-12,1360.0
SÃO GABRIEL DA CACHOEIRA,2022-01,1151.0
SÃO GABRIEL DA CACHOEIRA,2022-02,786.0
SÃO GABRIEL DA CACHOEIRA,2022-03,831.0
SÃO GABRIEL DA CACHOEIRA,2022-04,876.0
SÃO GABRIEL DA CACHOEIRA,2022-05,720.0
SÃO GABRIEL DA CACHOEIRA,2022-06,654.0
SÃO GABRIEL DA CACHOEIRA,2022-07,1096.0
SÃO GABRIEL DA CACHOEIRA,2022-08,744.0
SÃO GABRIEL DA CACHOEIRA,2022-09,769.0
SÃO GABRIEL DA CACHOEIRA,2022-10,514.0
SÃO GABRIEL DA CACHOEIRA,2022-11,837.0
SÃO GABRIEL DA CACHOEIRA,2022-12,876.0
SÃO GABRIEL DA CACHOEIRA,2023-01,788.0
SÃO GABRIEL DA CACHOEIRA,2023-02,604.0
SÃO GABRIEL DA CACHOEIRA,2023-03,515.0
SÃO GABRIEL DA CACHOEIRA,2023-04,694.0
SÃO GABRIEL DA CACHOEIRA,2023-05,778.0
SÃO GABRIEL DA CACHOEIRA,2023-06,735.0
SÃO GABRIEL DA CACHOEIRA,2023-07,987.0
SÃO GABRIEL DA CACHOEIRA,2023-08,870.0
SÃO GABRIEL DA CACHOEIRA,2023-09,815.0
SÃO GABRIEL DA CACHOEIRA,2023-10,637.0
SÃO GABRIEL DA CACHOEIRA,2023-11,817.0
SÃO GABRIEL DA CACHOEIRA,2023-12,937.0
SÃO GABRIEL DA CACHOEIRA,2024-01,979.0
SÃO GABRIEL DA CACHOEIRA,2024-02,789.0
SÃO GABRIEL DA CACHOEIRA,2024-03,804.0
SÃO GABRIEL DA CACHOEIRA,2024-04,660.0
SÃO GABRIEL DA CACHOEIRA,2024-05,679.0
SÃO GABRIEL DA CACHOEIRA,2024-06,846.0
SÃO GABRIEL DA CACHOEIRA,2024-07,835.0
SÃO GABRIEL DA CACHOEIRA,2024-08,781.0
SÃO GABRIEL DA CACHOEIRA,2024-09,735.0
SÃO GABRIEL DA CACHOEIRA,2024-10,772.0
SÃO GABRIEL DA CACHOEIRA,2024-11,910.0
SÃO GABRIEL DA CACHOEIRA,2024-12,994.0
SÃO GABRIEL DA CACHOEIRA,2025-01,943.0
SÃO GABRIEL DA CACHOEIRA,2025-02,844.0
SÃO GABRIEL DA CACHOEIRA,2025-03,1095.0
SÃO GABRIEL DA CACHOEIRA,2025-04,888.0
SÃO GABRIEL DA CACHOEIRA,2025-05,957.0
SÃO GABRIEL DA CACHOEIRA,2025-06,815.0
SÃO GABRIEL DA CACHOEIRA,2025-07,1163.0
SÃO GABRIEL DA CACHOEIRA,2025-08,974.0
SÃO GABRIEL DA CACHOEIRA,2025-09,1090.0
SÃO GABRIEL DA CACHOEIRA,2025-10,1060.0
SÃO GABRIEL DA CACHOEIRA,2025-11,1062.0
SÃO GABRIEL DA CACHOEIRA,2025-12,1063.0
SÃO GONÇALO DO AMARANTE,2021-01,105278.0
SÃO GONÇALO DO AMARANTE,2021-02,63146.0
SÃO GONÇALO DO AMARANTE,2021-03,51515.0
SÃO GONÇALO DO AMARANTE,2021-04,30805.0
SÃO GONÇALO DO AMARANTE,2021-05,46202.0
SÃO GONÇALO DO AMARANTE,2021-06,57988.0
SÃO GONÇALO DO AMARANTE,2021-07,95678.0
SÃO GONÇALO DO AMARANTE,2021-08,84331.0
SÃO GONÇALO DO AMARANTE,2021-09,79874.0
SÃO GONÇALO DO AMARANTE,2021-10,89599.0
SÃO GONÇALO DO AMARANTE,2021-11,89662.0
SÃO GONÇALO DO AMARANTE,2021-12,99235.0
SÃO GONÇALO DO AMARANTE,2022-01,133664.0
SÃO GONÇALO DO AMARANTE,2022-02,89410.0
SÃO GONÇALO DO AMARANTE,2022-03,95141.0
SÃO GONÇALO DO AMARANTE,2022-04,78614.0
SÃO GONÇALO DO AMARANTE,2022-05,79111.0
SÃO GONÇALO DO AMARANTE,2022-06,74307.0
SÃO GONÇALO DO AMARANTE,2022-07,106059.0
SÃO GONÇALO DO AMARANTE,2022-08,104096.0
SÃO GONÇALO DO AMARANTE,2022-09,89842.0
SÃO GONÇALO DO AMARANTE,2022-10,99224.0
SÃO GONÇALO DO AMARANTE,2022-11,94099.0
SÃO GONÇALO DO AMARANTE,2022-12,97085.0
SÃO GONÇALO DO AMARANTE,2023-01,140001.0
SÃO GONÇALO DO AMARANTE,2023-02,96894.0
SÃO GONÇALO DO AMARANTE,2023-03,98210.0
SÃO GONÇALO DO AMARANTE,2023-04,82382.0
SÃO GONÇALO DO AMARANTE,2023-05,83590.0
SÃO GONÇALO DO AMARANTE,2023-06,75559.0
SÃO GONÇALO DO AMARANTE,2023-07,94760.0
SÃO GONÇALO DO AMARANTE,2023-08,91091.0
SÃO GONÇALO DO AMARANTE,2023-09,85340.0
SÃO GONÇALO DO AMARANTE,2023-10,84843.0
SÃO GONÇALO DO AMARANTE,2023-11,86920.0
SÃO GONÇALO DO AMARANTE,2023-12,92130.0
SÃO GONÇALO DO AMARANTE,2024-01,126433.0
SÃO GONÇALO DO AMARANTE,2024-02,95200.0
SÃO GONÇALO DO AMARANTE,2024-03,88401.0
SÃO GONÇALO DO AMARANTE,2024-04,82302.0
SÃO GONÇALO DO AMARANTE,2024-05,83474.0
SÃO GONÇALO DO AMARANTE,2024-06,85468.0
SÃO GONÇALO DO AMARANTE,2024-07,107814.0
SÃO GONÇALO DO AMARANTE,2024-08,101447.0
SÃO GONÇALO DO AMARANTE,2024-09,96982.0
SÃO GONÇALO DO AMARANTE,2024-10,101827.0
SÃO GONÇALO DO AMARANTE,2024-11,102204.0
SÃO GONÇALO DO AMARANTE,2024-12,100149.0
SÃO GONÇALO DO AMARANTE,2025-01,126103.0
SÃO GONÇALO DO AMARANTE,2025-02,98446.0
SÃO GONÇALO DO AMARANTE,2025-03,101318.0
SÃO GONÇALO DO AMARANTE,2025-04,84544.0
SÃO GONÇALO DO AMARANTE,2025-05,85972.0
SÃO GONÇALO DO AMARANTE,2025-06,84702.0
SÃO GONÇALO DO AMARANTE,2025-07,104088.0
SÃO GONÇALO DO AMARANTE,2025-08,100305.0
SÃO GONÇALO DO AMARANTE,2025-09,89756.0
SÃO GONÇALO DO AMARANTE,2025-10,98059.0
SÃO GONÇALO DO AMARANTE,2025-11,102687.0
SÃO GONÇALO DO AMARANTE,2025-12,102431.0
SÃO JOSÉ DO RIO PRETO,2021-01,17160.0
SÃO JOSÉ DO RIO PRETO,2021-02,13054.0
SÃO JOSÉ DO RIO PRETO,2021-03,9201.0
SÃO JOSÉ DO RIO PRETO,2021-04,7066.0
SÃO JOSÉ DO RIO PRETO,2021-05,10900.0
SÃO JOSÉ DO RIO PRETO,2021-06,11663.0
SÃO JOSÉ DO RIO PRETO,2021-07,16660.0
SÃO JOSÉ DO RIO PRETO,2021-08,17522.0
SÃO JOSÉ DO RIO PRETO,2021-09,22273.0
SÃO JOSÉ DO RIO PRETO,2021-10,24438.0
SÃO JOSÉ DO RIO PRETO,2021-11,25086.0
SÃO JOSÉ DO RIO PRETO,2021-12,29673.0
SÃO JOSÉ DO RIO PRETO,2022-01,25299.0
SÃO JOSÉ DO RIO PRETO,2022-02,18655.0
SÃO JOSÉ DO RIO PRETO,2022-03,24787.0
SÃO JOSÉ DO RIO PRETO,2022-04,22605.0
SÃO JOSÉ DO RIO PRETO,2022-05,23469.0
SÃO JOSÉ DO RIO PRETO,2022-06,21764.0
SÃO JOSÉ DO RIO PRETO,2022-07,30215.0
SÃO JOSÉ DO RIO PRETO,2022-08,29099.0
SÃO JOSÉ DO RIO PRETO,2022-09,29268.0
SÃO JOSÉ DO RIO PRETO,2022-10,30526.0
SÃO JOSÉ DO RIO PRETO,2022-11,27513.0
SÃO JOSÉ DO RIO PRETO,2022-12,30953.0
SÃO JOSÉ DO RIO PRETO,2023-01,28727.0
SÃO JOSÉ DO RIO PRETO,2023-02,23509.0
SÃO JOSÉ DO RIO PRETO,2023-03,28488.0
SÃO JOSÉ DO RIO PRETO,2023-04,30222.0
SÃO JOSÉ DO RIO PRETO,2023-05,30669.0
SÃO JOSÉ DO RIO PRETO,2023-06,29337.0
SÃO JOSÉ DO RIO PRETO,2023-07,32498.0
SÃO JOSÉ DO RIO PRETO,2023-08,33063.0
SÃO JOSÉ DO RIO PRETO,2023-09,32027.0
SÃO JOSÉ DO RIO PRETO,2023-10,32174.0
SÃO JOSÉ DO RIO PRETO,2023-11,28148.0
SÃO JOSÉ DO RIO PRETO,2023-12,29966.0
SÃO JOSÉ DO RIO PRETO,2024-01,30893.0
SÃO JOSÉ DO RIO PRETO,2024-02,24180.0
SÃO JOSÉ DO RIO PRETO,2024-03,28856.0
SÃO JOSÉ DO RIO PRETO,2024-04,28792.0
SÃO JOSÉ DO RIO PRETO,2024-05,29271.0
SÃO JOSÉ DO RIO PRETO,2024-06,31399.0
SÃO JOSÉ DO RIO PRETO,2024-07,34531.0
SÃO JOSÉ DO RIO PRETO,2024-08,36194.0
SÃO JOSÉ DO RIO PRETO,2024-09,31946.0
SÃO JOSÉ DO RIO PRETO,2024-10,34039.0
SÃO JOSÉ DO RIO PRETO,2024-11,31062.0
SÃO JOSÉ DO RIO PRETO,2024-12,35036.0
SÃO JOSÉ DO RIO PRETO,2025-01,34341.0
SÃO JOSÉ DO RIO PRETO,2025-02,29096.0
SÃO JOSÉ DO RIO PRETO,2025-03,35727.0
SÃO JOSÉ DO RIO PRETO,2025-04,36885.0
SÃO JOSÉ DO RIO PRETO,2025-05,38791.0
SÃO JOSÉ DO RIO PRETO,2025-06,37269.0
SÃO JOSÉ DO RIO PRETO,2025-07,39973.0
SÃO JOSÉ DO RIO PRETO,2025-08,42761.0
SÃO JOSÉ DO RIO PRETO,2025-09,40029.0
SÃO JOSÉ DO RIO PRETO,2025-10,40797.0
SÃO JOSÉ DO RIO PRETO,2025-11,36735.0
SÃO JOSÉ DO RIO PRETO,2025-12,37474.0
SÃO JOSÉ DOS CAMPOS,2021-01,1.0
SÃO JOSÉ DOS CAMPOS,2021-02,0.0
SÃO JOSÉ DOS CAMPOS,2021-03,0.0
SÃO JOSÉ DOS CAMPOS,2021-05,0.0
SÃO JOSÉ DOS CAMPOS,2021-06,0.0
SÃO JOSÉ DOS CAMPOS,2021-07,18.0
SÃO JOSÉ DOS CAMPOS,2021-08,0.0
SÃO JOSÉ DOS CAMPOS,2021-09,0.0
SÃO JOSÉ DOS CAMPOS,2021-10,0.0
SÃO JOSÉ DOS CAMPOS,2021-11,0.0
SÃO JOSÉ DOS CAMPOS,2021-12,4.0
SÃO JOSÉ DOS CAMPOS,2022-01,26.0
SÃO JOSÉ DOS CAMPOS,2022-02,15.0
SÃO JOSÉ DOS CAMPOS,2022-03,0.0
SÃO JOSÉ DOS CAMPOS,2022-04,0.0
SÃO JOSÉ DOS CAMPOS,2022-05,0.0
SÃO JOSÉ DOS CAMPOS,2022-06,0.0
SÃO JOSÉ DOS CAMPOS,2022-07,0.0
SÃO JOSÉ DOS CAMPOS,2022-08,0.0
SÃO JOSÉ DOS CAMPOS,2022-09,0.0
SÃO JOSÉ DOS CAMPOS,2022-11,0.0
SÃO JOSÉ DOS CAMPOS,2022-12,0.0
SÃO JOSÉ DOS CAMPOS,2023-01,0.0
SÃO JOSÉ DOS CAMPOS,2023-02,0.0
SÃO JOSÉ DOS CAMPOS,2023-03,0.0
SÃO JOSÉ DOS CAMPOS,2023-04,0.0
SÃO JOSÉ DOS CAMPOS,2023-05,0.0
SÃO JOSÉ DOS CAMPOS,2023-06,0.0
SÃO JOSÉ DOS CAMPOS,2023-07,0.0
SÃO JOSÉ DOS CAMPOS,2023-08,0.0
SÃO JOSÉ DOS CAMPOS,2023-09,0.0
SÃO JOSÉ DOS CAMPOS,2023-10,0.0
SÃO JOSÉ DOS CAMPOS,2023-11,0.0
SÃO JOSÉ DOS CAMPOS,2023-12,0.0
SÃO JOSÉ DOS CAMPOS,2024-01,0.0
SÃO JOSÉ DOS CAMPOS,2024-02,0.0
SÃO JOSÉ DOS CAMPOS,2024-03,179.0
SÃO JOSÉ DOS CAMPOS,2024-04,1512.0
SÃO JOSÉ DOS CAMPOS,2024-05,1608.0
SÃO JOSÉ DOS CAMPOS,2024-06,1174.0
SÃO JOSÉ DOS CAMPOS,2024-07,2578.0
SÃO JOSÉ DOS CAMPOS,2024-08,1143.0
SÃO JOSÉ DOS CAMPOS,2024-09,1629.0
SÃO JOSÉ DOS CAMPOS,2024-10,1476.0
SÃO JOSÉ DOS CAMPOS,2024-11,1176.0
SÃO JOSÉ DOS CAMPOS,2024-12,1177.0
SÃO JOSÉ DOS CAMPOS,2025-01,637.0
SÃO JOSÉ DOS CAMPOS,2025-02,795.0
SÃO JOSÉ DOS CAMPOS,2025-03,1034.0
SÃO JOSÉ DOS CAMPOS,2025-04,948.0
SÃO JOSÉ DOS CAMPOS,2025-05,1292.0
SÃO JOSÉ DOS CAMPOS,2025-06,1330.0
SÃO JOSÉ DOS CAMPOS,2025-07,1328.0
SÃO JOSÉ DOS CAMPOS,2025-08,2138.0
SÃO JOSÉ DOS CAMPOS,2025-09,2009.0
SÃO JOSÉ DOS CAMPOS,2025-10,1948.0
SÃO JOSÉ DOS CAMPOS,2025-11,1864.0
SÃO JOSÉ DOS CAMPOS,2025-12,2181.0
SÃO JOSÉ DOS PINHAIS,2021-01,126440.0
SÃO JOSÉ DOS PINHAIS,2021-02,103850.0
SÃO JOSÉ DOS PINHAIS,2021-03,65544.0
SÃO JOSÉ DOS PINHAIS,2021-04,60542.0
SÃO JOSÉ DOS PINHAIS,2021-05,84434.0
SÃO JOSÉ DOS PINHAIS,2021-06,94827.0
SÃO JOSÉ DOS PINHAIS,2021-07,126020.0
SÃO JOSÉ DOS PINHAIS,2021-08,129201.0
SÃO JOSÉ DOS PINHAIS,2021-09,155361.0
SÃO JOSÉ DOS PINHAIS,2021-10,176873.0
SÃO JOSÉ DOS PINHAIS,2021-11,191687.0
SÃO JOSÉ DOS PINHAIS,2021-12,212843.0
SÃO JOSÉ DOS PINHAIS,2022-01,174182.0
SÃO JOSÉ DOS PINHAIS,2022-02,134734.0
SÃO JOSÉ DOS PINHAIS,2022-03,178826.0
SÃO JOSÉ DOS PINHAIS,2022-04,185854.0
SÃO JOSÉ DOS PINHAIS,2022-05,201920.0
SÃO JOSÉ DOS PINHAIS,2022-06,189378.0
SÃO JOSÉ DOS PINHAIS,2022-07,226078.0
SÃO JOSÉ DOS PINHAIS,2022-08,222969.0
SÃO JOSÉ DOS PINHAIS,2022-09,215811.0
SÃO JOSÉ DOS PINHAIS,2022-10,216396.0
SÃO JOSÉ DOS PINHAIS,2022-11,228055.0
SÃO JOSÉ DOS PINHAIS,2022-12,220749.0
SÃO JOSÉ DOS PINHAIS,2023-01,207425.0
SÃO JOSÉ DOS PINHAIS,2023-02,179618.0
SÃO JOSÉ DOS PINHAIS,2023-03,222506.0
SÃO JOSÉ DOS PINHAIS,2023-04,217011.0
SÃO JOSÉ DOS PINHAIS,2023-05,236426.0
SÃO JOSÉ DOS PINHAIS,2023-06,218878.0
SÃO JOSÉ DOS PINHAIS,2023-07,253932.0
SÃO JOSÉ DOS PINHAIS,2023-08,249557.0
SÃO JOSÉ DOS PINHAIS,2023-09,234169.0
SÃO JOSÉ DOS PINHAIS,2023-10,228322.0
SÃO JOSÉ DOS PINHAIS,2023-11,238250.0
SÃO JOSÉ DOS PINHAIS,2023-12,248066.0
SÃO JOSÉ DOS PINHAIS,2024-01,213855.0
SÃO JOSÉ DOS PINHAIS,2024-02,187719.0
SÃO JOSÉ DOS PINHAIS,2024-03,239767.0
SÃO JOSÉ DOS PINHAIS,2024-04,232550.0
SÃO JOSÉ DOS PINHAIS,2024-05,230952.0
SÃO JOSÉ DOS PINHAIS,2024-06,223241.0
SÃO JOSÉ DOS PINHAIS,2024-07,249519.0
SÃO JOSÉ DOS PINHAIS,2024-08,239634.0
SÃO JOSÉ DOS PINHAIS,2024-09,243498.0
SÃO JOSÉ DOS PINHAIS,2024-10,239827.0
SÃO JOSÉ DOS PINHAIS,2024-11,238333.0
SÃO JOSÉ DOS PINHAIS,2024-12,240565.0
SÃO JOSÉ DOS PINHAIS,2025-01,223218.0
SÃO JOSÉ DOS PINHAIS,2025-02,214997.0
SÃO JOSÉ DOS PINHAIS,2025-03,243580.0
SÃO JOSÉ DOS PINHAIS,2025-04,241851.0
SÃO JOSÉ DOS PINHAIS,2025-05,258223.0
SÃO JOSÉ DOS PINHAIS,2025-06,246202.0
SÃO JOSÉ DOS PINHAIS,2025-07,267786.0
SÃO JOSÉ DOS PINHAIS,2025-08,255253.0
SÃO JOSÉ DOS PINHAIS,2025-09,255406.0
SÃO JOSÉ DOS PINHAIS,2025-10,260088.0
SÃO JOSÉ DOS PINHAIS,2025-11,260726.0
SÃO JOSÉ DOS PINHAIS,2025-12,273002.0
SÃO JOÃO DA BOA VISTA,2024-07,0.0
SÃO JOÃO DA BOA VISTA,2024-11,0.0
SÃO LUÍS,2021-01,55819.0
SÃO LUÍS,2021-02,37505.0
SÃO LUÍS,2021-03,26938.0
SÃO LUÍS,2021-04,21402.0
SÃO LUÍS,2021-05,27863.0
SÃO LUÍS,2021-06,36872.0
SÃO LUÍS,2021-07,52377.0
SÃO LUÍS,2021-08,50344.0
SÃO LUÍS,2021-09,49511.0
SÃO LUÍS,2021-10,49733.0
SÃO LUÍS,2021-11,55168.0
SÃO LUÍS,2021-12,61246.0
SÃO LUÍS,2022-01,67842.0
SÃO LUÍS,2022-02,46974.0
SÃO LUÍS,2022-03,46780.0
SÃO LUÍS,2022-04,44401.0
SÃO LUÍS,2022-05,46792.0
SÃO LUÍS,2022-06,51316.0
SÃO LUÍS,2022-07,71674.0
SÃO LUÍS,2022-08,72438.0
SÃO LUÍS,2022-09,59944.0
SÃO LUÍS,2022-10,59411.0
SÃO LUÍS,2022-11,60282.0
SÃO LUÍS,2022-12,58916.0
SÃO LUÍS,2023-01,72179.0
SÃO LUÍS,2023-02,51600.0
SÃO LUÍS,2023-03,55067.0
SÃO LUÍS,2023-04,54707.0
SÃO LUÍS,2023-05,59696.0
SÃO LUÍS,2023-06,71333.0
SÃO LUÍS,2023-07,81575.0
SÃO LUÍS,2023-08,77066.0
SÃO LUÍS,2023-09,61484.0
SÃO LUÍS,2023-10,60251.0
SÃO LUÍS,2023-11,57891.0
SÃO LUÍS,2023-12,60728.0
SÃO LUÍS,2024-01,66719.0
SÃO LUÍS,2024-02,56853.0
SÃO LUÍS,2024-03,54937.0
SÃO LUÍS,2024-04,56169.0
SÃO LUÍS,2024-05,62112.0
SÃO LUÍS,2024-06,69263.0
SÃO LUÍS,2024-07,83690.0
SÃO LUÍS,2024-08,78807.0
SÃO LUÍS,2024-09,71997.0
SÃO LUÍS,2024-10,66615.0
SÃO LUÍS,2024-11,63903.0
SÃO LUÍS,2024-12,61409.0
SÃO LUÍS,2025-01,65148.0
SÃO LUÍS,2025-02,59079.0
SÃO LUÍS,2025-03,60701.0
SÃO LUÍS,2025-04,65905.0
SÃO LUÍS,2025-05,75330.0
SÃO LUÍS,2025-06,82961.0
SÃO LUÍS,2025-07,96337.0
SÃO LUÍS,2025-08,93434.0
SÃO LUÍS,2025-09,83253.0
SÃO LUÍS,2025-10,79440.0
SÃO LUÍS,2025-11,73005.0
SÃO LUÍS,2025-12,75413.0
SÃO MIGUEL DO OESTE,2021-09,9.0
SÃO MIGUEL DO OESTE,2021-10,33.0
SÃO MIGUEL DO OESTE,2021-11,28.0
SÃO MIGUEL DO OESTE,2021-12,23.0
SÃO MIGUEL DO OESTE,2022-01,18.0
SÃO PAULO,2021-01,401576.0
SÃO PAULO,2021-02,315272.0
SÃO PAULO,2021-03,208902.0
SÃO PAULO,2021-04,129456.0
SÃO PAULO,2021-05,214574.0
SÃO PAULO,2021-06,262995.0
SÃO PAULO,2021-07,430667.0
SÃO PAULO,2021-08,393369.0
SÃO PAULO,2021-09,471063.0
SÃO PAULO,2021-10,550586.0
SÃO PAULO,2021-11,588627.0
SÃO PAULO,2021-12,735795.0
SÃO PAULO,2022-01,642109.0
SÃO PAULO,2022-02,502502.0
SÃO PAULO,2022-03,585830.0
SÃO PAULO,2022-04,689571.0
SÃO PAULO,2022-05,726872.0
SÃO PAULO,2022-06,704849.0
SÃO PAULO,2022-07,837201.0
SÃO PAULO,2022-08,814063.0
SÃO PAULO,2022-09,779068.0
SÃO PAULO,2022-10,812358.0
SÃO PAULO,2022-11,855440.0
SÃO PAULO,2022-12,891215.0
SÃO PAULO,2023-01,852040.0
SÃO PAULO,2023-02,730012.0
SÃO PAULO,2023-03,877285.0
SÃO PAULO,2023-04,821062.0
SÃO PAULO,2023-05,857337.0
SÃO PAULO,2023-06,872028.0
SÃO PAULO,2023-07,1010848.0
SÃO PAULO,2023-08,995863.0
SÃO PAULO,2023-09,953137.0
SÃO PAULO,2023-10,999192.0
SÃO PAULO,2023-11,945339.0
SÃO PAULO,2023-12,997816.0
SÃO PAULO,2024-01,906974.0
SÃO PAULO,2024-02,812184.0
SÃO PAULO,2024-03,945342.0
SÃO PAULO,2024-04,911938.0
SÃO PAULO,2024-05,894505.0
SÃO PAULO,2024-06,892239.0
SÃO PAULO,2024-07,990571.0
SÃO PAULO,2024-08,948740.0
SÃO PAULO,2024-09,953110.0
SÃO PAULO,2024-10,1005497.0
SÃO PAULO,2024-11,997126.0
SÃO PAULO,2024-12,1074028.0
SÃO PAULO,2025-01,960356.0
SÃO PAULO,2025-02,890820.0
SÃO PAULO,2025-03,935401.0
SÃO PAULO,2025-04,946352.0
SÃO PAULO,2025-05,960032.0
SÃO PAULO,2025-06,994950.0
SÃO PAULO,2025-07,1033880.0
SÃO PAULO,2025-08,1015362.0
SÃO PAULO,2025-09,983330.0
SÃO PAULO,2025-10,1070482.0
SÃO PAULO,2025-11,1062482.0
SÃO PAULO,2025-12,1124238.0
SÃO PAULO DE OLIVENÇA,2023-05,41.0
SÃO PAULO DE OLIVENÇA,2023-06,93.0
SÃO PAULO DE OLIVENÇA,2023-07,65.0
SÃO PAULO DE OLIVENÇA,2023-08,60.0
SÃO PAULO DE OLIVENÇA,2023-09,37.0
SÃO PAULO DE OLIVENÇA,2023-10,47.0
SÃO PAULO DE OLIVENÇA,2023-11,22.0
SÃO PAULO DE OLIVENÇA,2023-12,37.0
SÃO RAIMUNDO NONATO,2022-12,142.0
SÃO RAIMUNDO NONATO,2023-01,177.0
SÃO RAIMUNDO NONATO,2023-02,218.0
SÃO RAIMUNDO NONATO,2023-03,158.0
SÃO RAIMUNDO NONATO,2023-04,159.0
SÃO RAIMUNDO NONATO,2023-05,162.0
SÃO RAIMUNDO NONATO,2023-06,154.0
SÃO RAIMUNDO NONATO,2023-07,209.0
SÃO RAIMUNDO NONATO,2023-08,167.0
SÃO RAIMUNDO NONATO,2023-09,173.0
SÃO RAIMUNDO NONATO,2023-10,194.0
SÃO RAIMUNDO NONATO,2023-11,233.0
SÃO RAIMUNDO NONATO,2023-12,278.0
SÃO RAIMUNDO NONATO,2024-01,331.0
SÃO RAIMUNDO NONATO,2024-02,322.0
SÃO RAIMUNDO NONATO,2024-03,267.0
SÃO RAIMUNDO NONATO,2024-04,187.0
SÃO RAIMUNDO NONATO,2024-05,283.0
SÃO RAIMUNDO NONATO,2024-06,178.0
SÃO RAIMUNDO NONATO,2024-07,371.0
SÃO RAIMUNDO NONATO,2024-08,307.0
SÃO RAIMUNDO NONATO,2024-09,238.0
SÃO RAIMUNDO NONATO,2024-10,387.0
SÃO RAIMUNDO NONATO,2024-11,312.0
SÃO RAIMUNDO NONATO,2024-12,461.0
SÃO RAIMUNDO NONATO,2025-01,654.0
SÃO RAIMUNDO NONATO,2025-02,426.0
SÃO RAIMUNDO NONATO,2025-03,117.0
SÃO ROQUE,2022-03,32.0
SÃO ROQUE,2025-06,0.0
TABATINGA,2021-01,1802.0
TABATINGA,2021-02,1389.0
TABATINGA,2021-03,1596.0
TABATINGA,2021-04,1755.0
TABATINGA,2021-05,1829.0
TABATINGA,2021-06,1886.0
TABATINGA,2021-07,1842.0
TABATINGA,2021-08,2368.0
TABATINGA,2021-09,2128.0
TABATINGA,2021-10,2115.0
TABATINGA,2021-11,2291.0
TABATINGA,2021-12,2719.0
TABATINGA,2022-01,3701.0
TABATINGA,2022-02,2364.0
TABATINGA,2022-03,2292.0
TABATINGA,2022-04,2150.0
TABATINGA,2022-05,2553.0
TABATINGA,2022-06,2748.0
TABATINGA,2022-07,2627.0
TABATINGA,2022-08,2661.0
TABATINGA,2022-09,2470.0
TABATINGA,2022-10,2379.0
TABATINGA,2022-11,2279.0
TABATINGA,2022-12,2113.0
TABATINGA,2023-01,2620.0
TABATINGA,2023-02,1954.0
TABATINGA,2023-03,2059.0
TABATINGA,2023-04,1896.0
TABATINGA,2023-05,2139.0
TABATINGA,2023-06,1941.0
TABATINGA,2023-07,2160.0
TABATINGA,2023-08,2273.0
TABATINGA,2023-09,1659.0
TABATINGA,2023-10,1911.0
TABATINGA,2023-11,1682.0
TABATINGA,2023-12,1745.0
TABATINGA,2024-01,2390.0
TABATINGA,2024-02,2061.0
TABATINGA,2024-03,1931.0
TABATINGA,2024-04,1968.0
TABATINGA,2024-05,2439.0
TABATINGA,2024-06,2293.0
TABATINGA,2024-07,2404.0
TABATINGA,2024-08,2724.0
TABATINGA,2024-09,2223.0
TABATINGA,2024-10,2749.0
TABATINGA,2024-11,2240.0
TABATINGA,2024-12,2695.0
TABATINGA,2025-01,2705.0
TABATINGA,2025-02,2688.0
TABATINGA,2025-03,2472.0
TABATINGA,2025-04,2728.0
TABATINGA,2025-05,2542.0
TABATINGA,2025-06,2738.0
TABATINGA,2025-07,3024.0
TABATINGA,2025-08,3017.0
TABATINGA,2025-09,2800.0
TABATINGA,2025-10,2356.0
TABATINGA,2025-11,2401.0
TABATINGA,2025-12,2701.0
TANGARÁ DA SERRA,2021-01,82.0
TANGARÁ DA SERRA,2021-02,69.0
TANGARÁ DA SERRA,2021-03,24.0
TANGARÁ DA SERRA,2021-04,176.0
TANGARÁ DA SERRA,2021-05,151.0
TANGARÁ DA SERRA,2021-06,130.0
TANGARÁ DA SERRA,2021-07,131.0
TANGARÁ DA SERRA,2021-08,84.0
TANGARÁ DA SERRA,2021-09,71.0
TANGARÁ DA SERRA,2021-10,73.0
TANGARÁ DA SERRA,2021-11,61.0
TANGARÁ DA SERRA,2021-12,4.0
TANGARÁ DA SERRA,2022-01,7.0
TANGARÁ DA SERRA,2022-02,0.0
TANGARÁ DA SERRA,2022-03,0.0
TANGARÁ DA SERRA,2022-04,0.0
TANGARÁ DA SERRA,2022-05,2.0
TANGARÁ DA SERRA,2022-06,2.0
TANGARÁ DA SERRA,2022-07,0.0
TANGARÁ DA SERRA,2023-01,0.0
TANGARÁ DA SERRA,2023-04,0.0
TEFÉ,2021-01,1390.0
TEFÉ,2021-02,695.0
TEFÉ,2021-03,1638.0
TEFÉ,2021-04,1578.0
TEFÉ,2021-05,1390.0
TEFÉ,2021-06,1225.0
TEFÉ,2021-07,1040.0
TEFÉ,2021-08,1504.0
TEFÉ,2021-09,1595.0
TEFÉ,2021-10,1490.0
TEFÉ,2021-11,1624.0
TEFÉ,2021-12,1787.0
TEFÉ,2022-01,1452.0
TEFÉ,2022-02,1265.0
TEFÉ,2022-03,1548.0
TEFÉ,2022-04,1441.0
TEFÉ,2022-05,1547.0
TEFÉ,2022-06,1635.0
TEFÉ,2022-07,2035.0
TEFÉ,2022-08,1500.0
TEFÉ,2022-09,1111.0
TEFÉ,2022-10,1397.0
TEFÉ,2022-11,1330.0
TEFÉ,2022-12,1389.0
TEFÉ,2023-01,1332.0
TEFÉ,2023-02,991.0
TEFÉ,2023-03,1129.0
TEFÉ,2023-04,939.0
TEFÉ,2023-05,1428.0
TEFÉ,2023-06,1308.0
TEFÉ,2023-07,1739.0
TEFÉ,2023-08,1594.0
TEFÉ,2023-09,856.0
TEFÉ,2023-10,1032.0
TEFÉ,2023-11,789.0
TEFÉ,2023-12,868.0
TEFÉ,2024-01,1131.0
TEFÉ,2024-02,1041.0
TEFÉ,2024-03,1309.0
TEFÉ,2024-04,1462.0
TEFÉ,2024-05,2117.0
TEFÉ,2024-06,1845.0
TEFÉ,2024-07,2177.0
TEFÉ,2024-08,2233.0
TEFÉ,2024-09,2181.0
TEFÉ,2024-10,2970.0
TEFÉ,2024-11,1994.0
TEFÉ,2024-12,1767.0
TEFÉ,2025-01,1273.0
TEFÉ,2025-02,1187.0
TEFÉ,2025-03,1348.0
TEFÉ,2025-04,1032.0
TEFÉ,2025-05,1171.0
TEFÉ,2025-06,1100.0
TEFÉ,2025-07,975.0
TEFÉ,2025-08,1028.0
TEFÉ,2025-09,996.0
TEFÉ,2025-10,1050.0
TEFÉ,2025-11,786.0
TEFÉ,2025-12,1084.0
TEIXEIRA DE FREITAS,2021-01,1736.0
TEIXEIRA DE FREITAS,2021-02,811.0
TEIXEIRA DE FREITAS,2021-03,810.0
TEIXEIRA DE FREITAS,2021-04,625.0
TEIXEIRA DE FREITAS,2021-05,670.0
TEIXEIRA DE FREITAS,2021-06,855.0
TEIXEIRA DE FREITAS,2021-07,1395.0
TEIXEIRA DE FREITAS,2021-08,1576.0
TEIXEIRA DE FREITAS,2021-09,1622.0
TEIXEIRA DE FREITAS,2021-10,1299.0
TEIXEIRA DE FREITAS,2021-11,1200.0
TEIXEIRA DE FREITAS,2021-12,1041.0
TEIXEIRA DE FREITAS,2022-01,714.0
TEIXEIRA DE FREITAS,2022-10,69.0
TEIXEIRA DE FREITAS,2022-11,355.0
TEIXEIRA DE FREITAS,2022-12,576.0
TEIXEIRA DE FREITAS,2023-01,572.0
TEIXEIRA DE FREITAS,2023-02,294.0
TEIXEIRA DE FREITAS,2023-03,364.0
TEIXEIRA DE FREITAS,2023-04,731.0
TEIXEIRA DE FREITAS,2023-05,469.0
TEIXEIRA DE FREITAS,2023-06,399.0
TEIXEIRA DE FREITAS,2023-07,471.0
TEIXEIRA DE FREITAS,2023-08,361.0
TEIXEIRA DE FREITAS,2023-09,492.0
TEIXEIRA DE FREITAS,2023-10,395.0
TEIXEIRA DE FREITAS,2023-11,410.0
TEIXEIRA DE FREITAS,2023-12,402.0
TEIXEIRA DE FREITAS,2024-01,330.0
TEIXEIRA DE FREITAS,2024-02,316.0
TEIXEIRA DE FREITAS,2024-03,254.0
TELÊMACO BORBA,2022-01,19.0
TELÊMACO BORBA,2022-02,49.0
TELÊMACO BORBA,2022-03,62.0
TELÊMACO BORBA,2022-04,65.0
TELÊMACO BORBA,2022-05,31.0
TELÊMACO BORBA,2022-06,12.0
TELÊMACO BORBA,2022-07,32.0
TELÊMACO BORBA,2022-08,9.0
TELÊMACO BORBA,2022-09,3.0
TELÊMACO BORBA,2022-10,7.0
TELÊMACO BORBA,2022-11,4.0
TELÊMACO BORBA,2022-12,12.0
TELÊMACO BORBA,2023-01,5.0
TELÊMACO BORBA,2023-02,5.0
TELÊMACO BORBA,2023-03,15.0
TELÊMACO BORBA,2023-04,8.0
TELÊMACO BORBA,2023-05,14.0
TELÊMACO BORBA,2023-06,7.0
TELÊMACO BORBA,2023-07,5.0
TELÊMACO BORBA,2023-08,4.0
TELÊMACO BORBA,2023-09,122.0
TELÊMACO BORBA,2023-10,7.0
TELÊMACO BORBA,2023-11,9.0
TELÊMACO BORBA,2023-12,8.0
TELÊMACO BORBA,2024-01,4.0
TELÊMACO BORBA,2024-02,1.0
TELÊMACO BORBA,2024-03,10.0
TELÊMACO BORBA,2024-04,5.0
TELÊMACO BORBA,2024-05,4.0
TELÊMACO BORBA,2024-06,5.0
TELÊMACO BORBA,2024-07,10.0
TELÊMACO BORBA,2024-08,24.0
TELÊMACO BORBA,2024-09,10.0
TELÊMACO BORBA,2024-10,13.0
TELÊMACO BORBA,2024-11,2.0
TELÊMACO BORBA,2024-12,3.0
TELÊMACO BORBA,2025-01,9.0
TELÊMACO BORBA,2025-02,70.0
TELÊMACO BORBA,2025-03,22.0
TELÊMACO BORBA,2025-04,0.0
TELÊMACO BORBA,2025-05,6.0
TELÊMACO BORBA,2025-06,2.0
TELÊMACO BORBA,2025-07,2.0
TELÊMACO BORBA,2025-08,3.0
TELÊMACO BORBA,2025-09,12.0
TELÊMACO BORBA,2025-10,6.0
TELÊMACO BORBA,2025-11,8.0
TELÊMACO BORBA,2025-12,16.0
TERESINA,2021-01,44799.0
TERESINA,2021-02,30603.0
TERESINA,2021-03,20479.0
TERESINA,2021-04,18851.0
TERESINA,2021-05,24505.0
TERESINA,2021-06,26954.0
TERESINA,2021-07,40469.0
TERESINA,2021-08,37382.0
TERESINA,2021-09,35203.0
TERESINA,2021-10,38700.0
TERESINA,2021-11,40092.0
TERESINA,2021-12,43450.0
TERESINA,2022-01,47305.0
TERESINA,2022-02,37132.0
TERESINA,2022-03,35659.0
TERESINA,2022-04,33388.0
TERESINA,2022-05,34455.0
TERESINA,2022-06,32806.0
TERESINA,2022-07,40598.0
TERESINA,2022-08,39570.0
TERESINA,2022-09,35407.0
TERESINA,2022-10,36627.0
TERESINA,2022-11,39395.0
TERESINA,2022-12,42048.0
TERESINA,2023-01,51811.0
TERESINA,2023-02,39167.0
TERESINA,2023-03,39666.0
TERESINA,2023-04,40679.0
TERESINA,2023-05,42444.0
TERESINA,2023-06,40426.0
TERESINA,2023-07,48620.0
TERESINA,2023-08,49909.0
TERESINA,2023-09,40424.0
TERESINA,2023-10,41393.0
TERESINA,2023-11,42228.0
TERESINA,2023-12,43690.0
TERESINA,2024-01,56147.0
TERESINA,2024-02,43781.0
TERESINA,2024-03,40963.0
TERESINA,2024-04,41691.0
TERESINA,2024-05,41681.0
TERESINA,2024-06,43075.0
TERESINA,2024-07,50924.0
TERESINA,2024-08,48544.0
TERESINA,2024-09,41376.0
TERESINA,2024-10,47252.0
TERESINA,2024-11,41052.0
TERESINA,2024-12,40862.0
TERESINA,2025-01,48682.0
TERESINA,2025-02,40197.0
TERESINA,2025-03,41335.0
TERESINA,2025-04,42814.0
TERESINA,2025-05,47464.0
TERESINA,2025-06,45214.0
TERESINA,2025-07,48440.0
TERESINA,2025-08,47704.0
TERESINA,2025-09,43910.0
TERESINA,2025-10,45312.0
TERESINA,2025-11,44060.0
TERESINA,2025-12,47582.0
TEÓFILO OTONI,2022-12,23.0
TEÓFILO OTONI,2023-01,81.0
TEÓFILO OTONI,2023-02,62.0
TEÓFILO OTONI,2023-03,69.0
TEÓFILO OTONI,2023-04,68.0
TEÓFILO OTONI,2023-05,58.0
TEÓFILO OTONI,2023-06,34.0
TEÓFILO OTONI,2023-07,71.0
TEÓFILO OTONI,2023-08,73.0
TEÓFILO OTONI,2023-09,72.0
TEÓFILO OTONI,2023-10,106.0
TEÓFILO OTONI,2023-11,134.0
TEÓFILO OTONI,2023-12,84.0
TEÓFILO OTONI,2024-01,54.0
TEÓFILO OTONI,2024-02,44.0
TEÓFILO OTONI,2024-03,126.0
TEÓFILO OTONI,2024-04,129.0
TEÓFILO OTONI,2024-05,162.0
TEÓFILO OTONI,2024-06,205.0
TEÓFILO OTONI,2024-07,204.0
TEÓFILO OTONI,2024-08,207.0
TEÓFILO OTONI,2024-09,180.0
TEÓFILO OTONI,2024-10,125.0
TEÓFILO OTONI,2024-11,94.0
TEÓFILO OTONI,2024-12,87.0
TEÓFILO OTONI,2025-01,99.0
TEÓFILO OTONI,2025-02,93.0
TEÓFILO OTONI,2025-03,85.0
TEÓFILO OTONI,2025-04,47.0
TEÓFILO OTONI,2025-05,9.0
TEÓFILO OTONI,2025-06,0.0
TEÓFILO OTONI,2025-07,105.0
TEÓFILO OTONI,2025-08,46.0
TEÓFILO OTONI,2025-09,106.0
TEÓFILO OTONI,2025-10,58.0
TEÓFILO OTONI,2025-11,56.0
TEÓFILO OTONI,2025-12,61.0
TOLEDO,2021-12,251.0
TOLEDO,2022-01,648.0
TOLEDO,2022-02,492.0
TOLEDO,2022-03,405.0
TOLEDO,2022-04,809.0
TOLEDO,2022-05,1277.0
TOLEDO,2022-06,1193.0
TOLEDO,2022-07,1071.0
TOLEDO,2022-08,1115.0
TOLEDO,2022-09,753.0
TOLEDO,2022-10,645.0
TOLEDO,2022-11,686.0
TOLEDO,2022-12,585.0
TOLEDO,2023-01,538.0
TOLEDO,2023-02,489.0
TOLEDO,2023-03,941.0
TOLEDO,2023-04,1038.0
TOLEDO,2023-05,1134.0
TOLEDO,2023-06,959.0
TOLEDO,2023-07,1153.0
TOLEDO,2023-08,1039.0
TOLEDO,2023-09,1053.0
TOLEDO,2023-10,952.0
TOLEDO,2023-11,804.0
TOLEDO,2023-12,124.0
TORRES,2021-01,225.0
TRÊS LAGOAS,2021-02,440.0
TRÊS LAGOAS,2021-03,689.0
TRÊS LAGOAS,2021-04,581.0
TRÊS LAGOAS,2021-05,616.0
TRÊS LAGOAS,2021-06,558.0
TRÊS LAGOAS,2021-07,724.0
TRÊS LAGOAS,2021-08,1243.0
TRÊS LAGOAS,2021-09,1261.0
TRÊS LAGOAS,2021-10,1458.0
TRÊS LAGOAS,2021-11,1692.0
TRÊS LAGOAS,2021-12,1513.0
TRÊS LAGOAS,2022-01,1147.0
TRÊS LAGOAS,2022-02,692.0
TRÊS LAGOAS,2022-03,1067.0
TRÊS LAGOAS,2022-04,1220.0
TRÊS LAGOAS,2022-05,1698.0
TRÊS LAGOAS,2022-06,1190.0
TRÊS LAGOAS,2022-07,1127.0
TRÊS LAGOAS,2022-08,1255.0
TRÊS LAGOAS,2022-09,1081.0
TRÊS LAGOAS,2022-10,1006.0
TRÊS LAGOAS,2022-11,874.0
TRÊS LAGOAS,2022-12,990.0
TRÊS LAGOAS,2023-01,1065.0
TRÊS LAGOAS,2023-02,861.0
TRÊS LAGOAS,2023-03,1152.0
TRÊS LAGOAS,2023-04,1096.0
TRÊS LAGOAS,2023-05,1227.0
TRÊS LAGOAS,2023-06,980.0
TRÊS LAGOAS,2023-07,1174.0
TRÊS LAGOAS,2023-08,1186.0
TRÊS LAGOAS,2023-09,1038.0
TRÊS LAGOAS,2023-10,934.0
TRÊS LAGOAS,2023-11,996.0
TRÊS LAGOAS,2023-12,1232.0
TRÊS LAGOAS,2024-01,907.0
TRÊS LAGOAS,2024-02,1004.0
TRÊS LAGOAS,2024-03,1217.0
TRÊS LAGOAS,2024-04,1029.0
TRÊS LAGOAS,2024-05,1140.0
TRÊS LAGOAS,2024-06,1126.0
TRÊS LAGOAS,2024-07,1145.0
TRÊS LAGOAS,2024-08,1038.0
TRÊS LAGOAS,2024-09,982.0
TRÊS LAGOAS,2024-10,820.0
TRÊS LAGOAS,2024-11,718.0
TRÊS LAGOAS,2024-12,782.0
TRÊS LAGOAS,2025-01,675.0
TRÊS LAGOAS,2025-02,651.0
TRÊS LAGOAS,2025-03,130.0
TUCURUÍ,2021-11,43.0
TUCURUÍ,2021-12,118.0
TUCURUÍ,2022-01,140.0
TUCURUÍ,2022-02,211.0
TUCURUÍ,2022-03,214.0
TUCURUÍ,2022-04,209.0
TUCURUÍ,2022-05,217.0
TUCURUÍ,2022-06,170.0
TUCURUÍ,2022-07,276.0
TUCURUÍ,2022-08,260.0
TUCURUÍ,2022-09,135.0
TUCURUÍ,2022-10,68.0
TUCURUÍ,2022-11,35.0
TUCURUÍ,2022-12,3.0
TUCURUÍ,2023-02,5.0
TUCURUÍ,2023-03,27.0
TUCURUÍ,2023-04,38.0
TUCURUÍ,2023-05,56.0
TUCURUÍ,2023-06,40.0
TUCURUÍ,2023-07,29.0
TUCURUÍ,2023-08,60.0
TUCURUÍ,2023-09,26.0
TUCURUÍ,2023-10,46.0
TUCURUÍ,2023-11,42.0
TUCURUÍ,2023-12,40.0
TUCURUÍ,2024-01,40.0
TUCURUÍ,2024-02,40.0
TUCURUÍ,2024-03,37.0
TUCURUÍ,2024-04,45.0
TUCURUÍ,2024-05,28.0
TUCURUÍ,2024-06,33.0
TUCURUÍ,2024-07,19.0
TUCURUÍ,2024-08,39.0
TUCURUÍ,2024-09,35.0
TUCURUÍ,2024-10,32.0
TUCURUÍ,2024-11,34.0
TUCURUÍ,2024-12,33.0
TUCURUÍ,2025-01,17.0
TUCURUÍ,2025-02,24.0
TUCURUÍ,2025-03,11.0
TUCURUÍ,2025-04,32.0
TUCURUÍ,2025-05,14.0
TUCURUÍ,2025-06,18.0
TUCURUÍ,2025-07,24.0
TUCURUÍ,2025-08,11.0
TUCURUÍ,2025-09,26.0
TUCURUÍ,2025-10,15.0
TUCURUÍ,2025-11,5.0
TUCURUÍ,2025-12,19.0
UBATUBA,2021-01,149.0
UBERABA,2021-02,1099.0
UBERABA,2021-03,1110.0
UBERABA,2021-04,876.0
UBERABA,2021-05,1025.0
UBERABA,2021-06,1174.0
UBERABA,2021-07,1885.0
UBERABA,2021-08,1705.0
UBERABA,2021-09,2626.0
UBERABA,2021-10,3047.0
UBERABA,2021-11,3418.0
UBERABA,2021-12,4487.0
UBERABA,2022-01,3843.0
UBERABA,2022-02,3256.0
UBERABA,2022-03,3383.0
UBERABA,2022-04,3010.0
UBERABA,2022-05,4608.0
UBERABA,2022-06,3695.0
UBERABA,2022-07,3941.0
UBERABA,2022-08,3562.0
UBERABA,2022-09,3533.0
UBERABA,2022-10,4097.0
UBERABA,2022-11,4002.0
UBERABA,2022-12,4216.0
UBERABA,2023-01,3947.0
UBERABA,2023-02,2820.0
UBERABA,2023-03,2462.0
UBERABA,2023-04,2879.0
UBERABA,2023-05,2350.0
UBERABA,2023-06,1675.0
UBERABA,2023-07,3613.0
UBERABA,2023-08,3440.0
UBERABA,2023-09,2713.0
UBERABA,2023-10,3409.0
UBERABA,2023-11,3234.0
UBERABA,2023-12,3761.0
UBERABA,2024-01,3896.0
UBERABA,2024-02,2942.0
UBERABA,2024-03,3760.0
UBERABA,2024-04,4254.0
UBERABA,2024-05,4329.0
UBERABA,2024-06,3333.0
UBERABA,2024-07,4541.0
UBERABA,2024-08,4453.0
UBERABA,2024-09,4257.0
UBERABA,2024-10,4839.0
UBERABA,2024-11,4000.0
UBERABA,2024-12,4791.0
UBERABA,2025-01,5238.0
UBERABA,2025-02,4089.0
UBERABA,2025-03,4154.0
UBERABA,2025-04,4013.0
UBERABA,2025-05,4451.0
UBERABA,2025-06,2664.0
UBERABA,2025-07,4076.0
UBERABA,2025-08,2031.0
UBERABA,2025-09,1805.0
UBERABA,2025-10,1819.0
UBERABA,2025-11,1628.0
UBERABA,2025-12,1647.0
UBERLÂNDIA,2021-01,29764.0
UBERLÂNDIA,2021-02,20552.0
UBERLÂNDIA,2021-03,12430.0
UBERLÂNDIA,2021-04,11005.0
UBERLÂNDIA,2021-05,16250.0
UBERLÂNDIA,2021-06,17897.0
UBERLÂNDIA,2021-07,24503.0
UBERLÂNDIA,2021-08,26102.0
UBERLÂNDIA,2021-09,28436.0
UBERLÂNDIA,2021-10,32313.0
UBERLÂNDIA,2021-11,31591.0
UBERLÂNDIA,2021-12,35964.0
UBERLÂNDIA,2022-01,32339.0
UBERLÂNDIA,2022-02,22982.0
UBERLÂNDIA,2022-03,29089.0
UBERLÂNDIA,2022-04,29339.0
UBERLÂNDIA,2022-05,30336.0
UBERLÂNDIA,2022-06,26270.0
UBERLÂNDIA,2022-07,39370.0
UBERLÂNDIA,2022-08,37615.0
UBERLÂNDIA,2022-09,36044.0
UBERLÂNDIA,2022-10,38619.0
UBERLÂNDIA,2022-11,37610.0
UBERLÂNDIA,2022-12,43245.0
UBERLÂNDIA,2023-01,43428.0
UBERLÂNDIA,2023-02,36003.0
UBERLÂNDIA,2023-03,44797.0
UBERLÂNDIA,2023-04,43256.0
UBERLÂNDIA,2023-05,44724.0
UBERLÂNDIA,2023-06,43824.0
UBERLÂNDIA,2023-07,51375.0
UBERLÂNDIA,2023-08,52460.0
UBERLÂNDIA,2023-09,50330.0
UBERLÂNDIA,2023-10,46686.0
UBERLÂNDIA,2023-11,42684.0
UBERLÂNDIA,2023-12,43798.0
UBERLÂNDIA,2024-01,39602.0
UBERLÂNDIA,2024-02,31281.0
UBERLÂNDIA,2024-03,42187.0
UBERLÂNDIA,2024-04,43206.0
UBERLÂNDIA,2024-05,44287.0
UBERLÂNDIA,2024-06,42848.0
UBERLÂNDIA,2024-07,45536.0
UBERLÂNDIA,2024-08,46076.0
UBERLÂNDIA,2024-09,43207.0
UBERLÂNDIA,2024-10,43195.0
UBERLÂNDIA,2024-11,42273.0
UBERLÂNDIA,2024-12,46020.0
UBERLÂNDIA,2025-01,43568.0
UBERLÂNDIA,2025-02,35839.0
UBERLÂNDIA,2025-03,41824.0
UBERLÂNDIA,2025-04,41006.0
UBERLÂNDIA,2025-05,43476.0
UBERLÂNDIA,2025-06,40813.0
UBERLÂNDIA,2025-07,48478.0
UBERLÂNDIA,2025-08,46695.0
UBERLÂNDIA,2025-09,44222.0
UBERLÂNDIA,2025-10,48191.0
UBERLÂNDIA,2025-11,43868.0
UBERLÂNDIA,2025-12,46533.0
UMUARAMA,2022-01,11.0
UMUARAMA,2022-02,70.0
UMUARAMA,2022-03,94.0
UMUARAMA,2022-04,58.0
UMUARAMA,2022-05,48.0
UMUARAMA,2022-06,34.0
UMUARAMA,2022-07,33.0
UMUARAMA,2022-08,42.0
UMUARAMA,2022-09,26.0
UMUARAMA,2022-10,23.0
UMUARAMA,2022-11,0.0
UMUARAMA,2022-12,32.0
UMUARAMA,2023-01,43.0
UMUARAMA,2023-02,31.0
UMUARAMA,2023-03,41.0
UMUARAMA,2023-04,32.0
UMUARAMA,2023-05,60.0
UMUARAMA,2023-06,44.0
UMUARAMA,2023-07,51.0
UMUARAMA,2023-08,45.0
UMUARAMA,2023-09,37.0
UMUARAMA,2023-10,26.0
UMUARAMA,2023-11,20.0
UMUARAMA,2023-12,37.0
UMUARAMA,2024-01,11.0
UMUARAMA,2024-02,23.0
UMUARAMA,2024-03,24.0
UMUARAMA,2024-04,14.0
UMUARAMA,2024-05,25.0
UMUARAMA,2024-06,49.0
UMUARAMA,2024-07,57.0
UMUARAMA,2024-08,60.0
UMUARAMA,2024-09,67.0
UMUARAMA,2024-10,53.0
UMUARAMA,2024-11,56.0
UMUARAMA,2024-12,35.0
UMUARAMA,2025-01,51.0
UMUARAMA,2025-02,30.0
UMUARAMA,2025-03,54.0
UMUARAMA,2025-04,56.0
UMUARAMA,2025-05,44.0
UMUARAMA,2025-06,25.0
UMUARAMA,2025-07,44.0
UMUARAMA,2025-08,39.0
UMUARAMA,2025-09,38.0
UMUARAMA,2025-10,32.0
UMUARAMA,2025-11,45.0
UMUARAMA,2025-12,19.0
UNA,2021-01,2603.0
UNA,2021-02,373.0
UNA,2021-03,20.0
UNA,2021-04,160.0
UNA,2021-06,257.0
UNA,2021-07,2381.0
UNA,2021-08,1327.0
UNA,2021-09,1755.0
UNA,2021-10,2675.0
UNA,2021-11,1687.0
UNA,2021-12,2012.0
UNA,2022-01,3039.0
UNA,2022-02,1730.0
UNA,2022-03,1884.0
UNA,2022-04,1660.0
UNA,2022-05,1280.0
UNA,2022-06,940.0
UNA,2022-07,2863.0
UNA,2022-08,996.0
UNA,2022-09,1802.0
UNA,2022-10,2020.0
UNA,2022-11,1379.0
UNA,2022-12,1527.0
UNA,2023-01,3402.0
UNA,2023-02,2067.0
UNA,2023-03,1526.0
UNA,2023-04,2030.0
UNA,2023-05,1604.0
UNA,2023-06,1354.0
UNA,2023-07,3113.0
UNA,2023-08,865.0
UNA,2023-09,1538.0
UNA,2023-10,1954.0
UNA,2023-11,1626.0
UNA,2023-12,1898.0
UNA,2024-01,3038.0
UNA,2024-02,1686.0
UNA,2024-03,1803.0
UNA,2024-04,2278.0
UNA,2024-05,914.0
UNA,2024-06,1477.0
UNA,2024-07,2162.0
UNA,2024-08,1186.0
UNA,2024-09,1855.0
UNA,2024-10,1360.0
UNA,2024-11,1158.0
UNA,2024-12,1394.0
UNA,2025-01,1820.0
UNA,2025-02,1261.0
UNA,2025-03,1290.0
UNA,2025-04,2333.0
UNA,2025-05,794.0
UNA,2025-06,1210.0
UNA,2025-07,1647.0
UNA,2025-08,1774.0
UNA,2025-09,1246.0
UNA,2025-10,1261.0
UNA,2025-11,1434.0
UNA,2025-12,1253.0
UNIÃO DA VITÓRIA,2022-01,8.0
UNIÃO DA VITÓRIA,2022-02,50.0
UNIÃO DA VITÓRIA,2022-03,54.0
UNIÃO DA VITÓRIA,2022-04,60.0
UNIÃO DA VITÓRIA,2022-05,32.0
UNIÃO DA VITÓRIA,2022-06,19.0
UNIÃO DA VITÓRIA,2022-07,26.0
UNIÃO DA VITÓRIA,2022-08,7.0
UNIÃO DA VITÓRIA,2022-09,1.0
UNIÃO DA VITÓRIA,2022-10,3.0
UNIÃO DA VITÓRIA,2022-11,6.0
UNIÃO DA VITÓRIA,2022-12,8.0
UNIÃO DA VITÓRIA,2023-01,0.0
UNIÃO DA VITÓRIA,2023-02,1.0
UNIÃO DA VITÓRIA,2023-03,8.0
UNIÃO DA VITÓRIA,2023-04,13.0
UNIÃO DA VITÓRIA,2023-05,9.0
UNIÃO DA VITÓRIA,2023-06,17.0
UNIÃO DA VITÓRIA,2023-07,8.0
UNIÃO DA VITÓRIA,2023-08,9.0
UNIÃO DA VITÓRIA,2023-09,5.0
UNIÃO DA VITÓRIA,2023-10,3.0
UNIÃO DA VITÓRIA,2023-11,6.0
UNIÃO DA VITÓRIA,2023-12,13.0
UNIÃO DA VITÓRIA,2024-01,3.0
UNIÃO DA VITÓRIA,2024-02,9.0
UNIÃO DA VITÓRIA,2024-03,18.0
UNIÃO DA VITÓRIA,2024-04,16.0
UNIÃO DA VITÓRIA,2024-05,6.0
UNIÃO DA VITÓRIA,2024-06,9.0
UNIÃO DA VITÓRIA,2024-07,15.0
UNIÃO DA VITÓRIA,2024-08,33.0
UNIÃO DA VITÓRIA,2024-09,25.0
UNIÃO DA VITÓRIA,2024-10,4.0
UNIÃO DA VITÓRIA,2024-11,4.0
UNIÃO DA VITÓRIA,2024-12,1.0
UNIÃO DA VITÓRIA,2025-01,3.0
UNIÃO DA VITÓRIA,2025-02,4.0
UNIÃO DA VITÓRIA,2025-03,1.0
UNIÃO DA VITÓRIA,2025-04,2.0
UNIÃO DA VITÓRIA,2025-05,15.0
UNIÃO DA VITÓRIA,2025-06,3.0
UNIÃO DA VITÓRIA,2025-07,7.0
UNIÃO DA VITÓRIA,2025-08,2.0
UNIÃO DA VITÓRIA,2025-09,0.0
UNIÃO DA VITÓRIA,2025-10,2.0
UNIÃO DA VITÓRIA,2025-11,5.0
UNIÃO DA VITÓRIA,2025-12,20.0
URUGUAIANA,2021-02,497.0
URUGUAIANA,2021-03,477.0
URUGUAIANA,2021-04,477.0
URUGUAIANA,2021-05,451.0
URUGUAIANA,2021-06,633.0
URUGUAIANA,2021-07,838.0
URUGUAIANA,2021-08,900.0
URUGUAIANA,2021-09,1116.0
URUGUAIANA,2021-10,1149.0
URUGUAIANA,2021-11,1249.0
URUGUAIANA,2021-12,1164.0
URUGUAIANA,2022-01,1167.0
URUGUAIANA,2022-02,789.0
URUGUAIANA,2022-03,1257.0
URUGUAIANA,2022-04,1130.0
URUGUAIANA,2022-05,1780.0
URUGUAIANA,2022-06,1395.0
URUGUAIANA,2022-07,1453.0
URUGUAIANA,2022-08,1609.0
URUGUAIANA,2022-09,1620.0
URUGUAIANA,2022-10,1463.0
URUGUAIANA,2022-11,1411.0
URUGUAIANA,2022-12,1586.0
URUGUAIANA,2023-01,1619.0
URUGUAIANA,2023-02,1193.0
URUGUAIANA,2023-03,1256.0
URUGUAIANA,2023-04,1272.0
URUGUAIANA,2023-05,1363.0
URUGUAIANA,2023-06,1674.0
URUGUAIANA,2023-07,2161.0
URUGUAIANA,2023-08,2409.0
URUGUAIANA,2023-09,1895.0
URUGUAIANA,2023-10,1872.0
URUGUAIANA,2023-11,1852.0
URUGUAIANA,2023-12,1610.0
URUGUAIANA,2024-01,1993.0
URUGUAIANA,2024-02,1842.0
URUGUAIANA,2024-03,2106.0
URUGUAIANA,2024-04,1988.0
URUGUAIANA,2024-05,401.0
URUGUAIANA,2024-06,553.0
URUGUAIANA,2024-07,801.0
URUGUAIANA,2024-08,856.0
URUGUAIANA,2024-09,841.0
URUGUAIANA,2024-10,787.0
URUGUAIANA,2024-11,493.0
URUGUAIANA,2024-12,390.0
URUGUAIANA,2025-01,521.0
URUGUAIANA,2025-02,437.0
URUGUAIANA,2025-03,676.0
URUGUAIANA,2025-04,829.0
URUGUAIANA,2025-05,849.0
URUGUAIANA,2025-06,802.0
URUGUAIANA,2025-07,701.0
URUGUAIANA,2025-08,930.0
URUGUAIANA,2025-09,818.0
URUGUAIANA,2025-10,1005.0
URUGUAIANA,2025-11,831.0
URUGUAIANA,2025-12,858.0
VACARIA,2021-08,19.0
VACARIA,2021-09,17.0
VACARIA,2021-10,44.0
VACARIA,2021-11,49.0
VACARIA,2021-12,73.0
VACARIA,2022-01,75.0
VACARIA,2022-02,52.0
VACARIA,2022-03,61.0
VACARIA,2022-04,52.0
VACARIA,2022-05,44.0
VACARIA,2022-06,43.0
VACARIA,2022-07,57.0
VACARIA,2022-08,39.0
VACARIA,2022-09,40.0
VACARIA,2022-10,26.0
VACARIA,2022-11,14.0
VACARIA,2022-12,2.0
VARGINHA,2022-08,0.0
VARGINHA,2022-12,37.0
VARGINHA,2023-01,82.0
VARGINHA,2023-02,41.0
VARGINHA,2023-03,73.0
VARGINHA,2023-04,35.0
VARGINHA,2023-05,45.0
VARGINHA,2023-06,14.0
VARGINHA,2023-07,43.0
VARGINHA,2023-08,47.0
VARGINHA,2023-09,64.0
VARGINHA,2023-10,47.0
VARGINHA,2023-11,58.0
VARGINHA,2023-12,81.0
VARGINHA,2024-01,52.0
VARGINHA,2024-02,63.0
VARGINHA,2024-03,95.0
VARGINHA,2024-04,104.0
VARGINHA,2024-05,103.0
VARGINHA,2024-06,130.0
VARGINHA,2024-07,113.0
VARGINHA,2024-08,40.0
VARGINHA,2024-09,13.0
VARGINHA,2024-10,45.0
VARGINHA,2024-11,47.0
VARGINHA,2024-12,6.0
VARGINHA,2025-01,4.0
VARGINHA,2025-02,45.0
VARGINHA,2025-03,24.0
VARGINHA,2025-04,33.0
VARGINHA,2025-05,0.0
VARGINHA,2025-06,0.0
VARGINHA,2025-07,32.0
VARGINHA,2025-08,33.0
VARGINHA,2025-09,41.0
VARGINHA,2025-10,41.0
VARGINHA,2025-11,37.0
VARGINHA,2025-12,56.0
VIAMÃO,2024-05,0.0
VILHENA,2021-06,1452.0
VILHENA,2021-07,2694.0
VILHENA,2021-08,2674.0
VILHENA,2021-09,2745.0
VILHENA,2021-10,2813.0
VILHENA,2021-11,2949.0
VILHENA,2021-12,3210.0
VILHENA,2022-01,2793.0
VILHENA,2022-02,1625.0
VILHENA,2022-03,2660.0
VILHENA,2022-04,2287.0
VILHENA,2022-05,2518.0
VILHENA,2022-06,2192.0
VILHENA,2022-07,2899.0
VILHENA,2022-08,2514.0
VILHENA,2022-09,2303.0
VILHENA,2022-10,2019.0
VILHENA,2022-11,1898.0
VILHENA,2022-12,2325.0
VILHENA,2023-01,2398.0
VILHENA,2023-02,1618.0
VILHENA,2023-03,1877.0
VILHENA,2023-04,1648.0
VILHENA,2023-05,1893.0
VILHENA,2023-06,1361.0
VILHENA,2023-07,1644.0
VILHENA,2023-08,1800.0
VILHENA,2023-09,1363.0
VILHENA,2023-10,1031.0
VILHENA,2023-11,907.0
VILHENA,2023-12,920.0
VILHENA,2024-01,1000.0
VILHENA,2024-02,758.0
VILHENA,2024-03,931.0
VILHENA,2024-04,1003.0
VILHENA,2024-05,872.0
VILHENA,2024-06,1116.0
VILHENA,2024-07,1016.0
VILHENA,2024-08,615.0
VILHENA,2024-09,533.0
VILHENA,2024-10,640.0
VILHENA,2024-11,815.0
VILHENA,2024-12,717.0
VILHENA,2025-01,723.0
VILHENA,2025-02,795.0
VILHENA,2025-03,1018.0
VILHENA,2025-04,738.0
VILHENA,2025-05,1012.0
VILHENA,2025-06,994.0
VILHENA,2025-07,933.0
VILHENA,2025-08,1166.0
VILHENA,2025-09,959.0
VILHENA,2025-10,1068.0
VILHENA,2025-11,895.0
VILHENA,2025-12,1244.0
VITÓRIA,2021-01,105310.0
VITÓRIA,2021-02,69353.0
VITÓRIA,2021-03,47731.0
VITÓRIA,2021-04,39431.0
VITÓRIA,2021-05,53090.0
VITÓRIA,2021-06,62766.0
VITÓRIA,2021-07,87423.0
VITÓRIA,2021-08,86387.0
VITÓRIA,2021-09,95467.0
VITÓRIA,2021-10,107603.0
VITÓRIA,2021-11,109258.0
VITÓRIA,2021-12,111671.0
VITÓRIA,2022-01,115385.0
VITÓRIA,2022-02,81216.0
VITÓRIA,2022-03,97218.0
VITÓRIA,2022-04,96154.0
VITÓRIA,2022-05,99082.0
VITÓRIA,2022-06,94233.0
VITÓRIA,2022-07,117662.0
VITÓRIA,2022-08,118038.0
VITÓRIA,2022-09,112442.0
VITÓRIA,2022-10,114406.0
VITÓRIA,2022-11,110831.0
VITÓRIA,2022-12,110619.0
VITÓRIA,2023-01,133681.0
VITÓRIA,2023-02,99204.0
VITÓRIA,2023-03,118709.0
VITÓRIA,2023-04,120879.0
VITÓRIA,2023-05,129587.0
VITÓRIA,2023-06,125872.0
VITÓRIA,2023-07,147017.0
VITÓRIA,2023-08,153887.0
VITÓRIA,2023-09,135275.0
VITÓRIA,2023-10,125673.0
VITÓRIA,2023-11,123227.0
VITÓRIA,2023-12,116532.0
VITÓRIA,2024-01,128931.0
VITÓRIA,2024-02,99602.0
VITÓRIA,2024-03,115224.0
VITÓRIA,2024-04,119069.0
VITÓRIA,2024-05,126330.0
VITÓRIA,2024-06,123421.0
VITÓRIA,2024-07,136053.0
VITÓRIA,2024-08,135597.0
VITÓRIA,2024-09,131300.0
VITÓRIA,2024-10,134570.0
VITÓRIA,2024-11,134680.0
VITÓRIA,2024-12,121939.0
VITÓRIA,2025-01,142161.0
VITÓRIA,2025-02,109296.0
VITÓRIA,2025-03,127929.0
VITÓRIA,2025-04,135810.0
VITÓRIA,2025-05,140664.0
VITÓRIA,2025-06,135437.0
VITÓRIA,2025-07,153282.0
VITÓRIA,2025-08,158099.0
VITÓRIA,2025-09,155838.0
VITÓRIA,2025-10,165956.0
VITÓRIA,2025-11,150568.0
VITÓRIA,2025-12,149812.0
VITÓRIA DA CONQUISTA,2021-01,15316.0
VITÓRIA DA CONQUISTA,2021-02,11630.0
VITÓRIA DA CONQUISTA,2021-03,8393.0
VITÓRIA DA CONQUISTA,2021-04,5587.0
VITÓRIA DA CONQUISTA,2021-05,7339.0
VITÓRIA DA CONQUISTA,2021-06,8049.0
VITÓRIA DA CONQUISTA,2021-07,13270.0
VITÓRIA DA CONQUISTA,2021-08,10031.0
VITÓRIA DA CONQUISTA,2021-09,10418.0
VITÓRIA DA CONQUISTA,2021-10,11002.0
VITÓRIA DA CONQUISTA,2021-11,11071.0
VITÓRIA DA CONQUISTA,2021-12,16197.0
VITÓRIA DA CONQUISTA,2022-01,18222.0
VITÓRIA DA CONQUISTA,2022-02,13656.0
VITÓRIA DA CONQUISTA,2022-03,14030.0
VITÓRIA DA CONQUISTA,2022-04,12561.0
VITÓRIA DA CONQUISTA,2022-05,13463.0
VITÓRIA DA CONQUISTA,2022-06,11653.0
VITÓRIA DA CONQUISTA,2022-07,15327.0
VITÓRIA DA CONQUISTA,2022-08,13967.0
VITÓRIA DA CONQUISTA,2022-09,13061.0
VITÓRIA DA CONQUISTA,2022-10,13566.0
VITÓRIA DA CONQUISTA,2022-11,15762.0
VITÓRIA DA CONQUISTA,2022-12,18159.0
VITÓRIA DA CONQUISTA,2023-01,22600.0
VITÓRIA DA CONQUISTA,2023-02,16993.0
VITÓRIA DA CONQUISTA,2023-03,17918.0
VITÓRIA DA CONQUISTA,2023-04,19173.0
VITÓRIA DA CONQUISTA,2023-05,20079.0
VITÓRIA DA CONQUISTA,2023-06,18442.0
VITÓRIA DA CONQUISTA,2023-07,19777.0
VITÓRIA DA CONQUISTA,2023-08,18847.0
VITÓRIA DA CONQUISTA,2023-09,17275.0
VITÓRIA DA CONQUISTA,2023-10,16972.0
VITÓRIA DA CONQUISTA,2023-11,14671.0
VITÓRIA DA CONQUISTA,2023-12,19260.0
VITÓRIA DA CONQUISTA,2024-01,23889.0
VITÓRIA DA CONQUISTA,2024-02,17318.0
VITÓRIA DA CONQUISTA,2024-03,16620.0
VITÓRIA DA CONQUISTA,2024-04,15791.0
VITÓRIA DA CONQUISTA,2024-05,16665.0
VITÓRIA DA CONQUISTA,2024-06,16380.0
VITÓRIA DA CONQUISTA,2024-07,22267.0
VITÓRIA DA CONQUISTA,2024-08,17950.0
VITÓRIA DA CONQUISTA,2024-09,14844.0
VITÓRIA DA CONQUISTA,2024-10,15853.0
VITÓRIA DA CONQUISTA,2024-11,12668.0
VITÓRIA DA CONQUISTA,2024-12,13288.0
VITÓRIA DA CONQUISTA,2025-01,14062.0
VITÓRIA DA CONQUISTA,2025-02,11664.0
VITÓRIA DA CONQUISTA,2025-03,12694.0
VITÓRIA DA CONQUISTA,2025-04,13406.0
VITÓRIA DA CONQUISTA,2025-05,14164.0
VITÓRIA DA CONQUISTA,2025-06,15187.0
VITÓRIA DA CONQUISTA,2025-07,19919.0
VITÓRIA DA CONQUISTA,2025-08,18534.0
VITÓRIA DA CONQUISTA,2025-09,18538.0
VITÓRIA DA CONQUISTA,2025-10,19462.0
VITÓRIA DA CONQUISTA,2025-11,18180.0
VITÓRIA DA CONQUISTA,2025-12,20729.0
VÁRZEA GRANDE,2021-01,97803.0
VÁRZEA GRANDE,2021-02,67501.0
VÁRZEA GRANDE,2021-03,48566.0
VÁRZEA GRANDE,2021-04,45295.0
VÁRZEA GRANDE,2021-05,57476.0
VÁRZEA GRANDE,2021-06,73038.0
VÁRZEA GRANDE,2021-07,91516.0
VÁRZEA GRANDE,2021-08,96697.0
VÁRZEA GRANDE,2021-09,97811.0
VÁRZEA GRANDE,2021-10,104466.0
VÁRZEA GRANDE,2021-11,114137.0
VÁRZEA GRANDE,2021-12,149879.0
VÁRZEA GRANDE,2022-01,131322.0
VÁRZEA GRANDE,2022-02,89114.0
VÁRZEA GRANDE,2022-03,111790.0
VÁRZEA GRANDE,2022-04,111491.0
VÁRZEA GRANDE,2022-05,114412.0
VÁRZEA GRANDE,2022-06,105292.0
VÁRZEA GRANDE,2022-07,142079.0
VÁRZEA GRANDE,2022-08,135673.0
VÁRZEA GRANDE,2022-09,125773.0
VÁRZEA GRANDE,2022-10,122824.0
VÁRZEA GRANDE,2022-11,121109.0
VÁRZEA GRANDE,2022-12,150994.0
VÁRZEA GRANDE,2023-01,144758.0
VÁRZEA GRANDE,2023-02,107826.0
VÁRZEA GRANDE,2023-03,118706.0
VÁRZEA GRANDE,2023-04,111005.0
VÁRZEA GRANDE,2023-05,121942.0
VÁRZEA GRANDE,2023-06,114282.0
VÁRZEA GRANDE,2023-07,123737.0
VÁRZEA GRANDE,2023-08,132991.0
VÁRZEA GRANDE,2023-09,107645.0
VÁRZEA GRANDE,2023-10,104780.0
VÁRZEA GRANDE,2023-11,102606.0
VÁRZEA GRANDE,2023-12,111354.0
VÁRZEA GRANDE,2024-01,101808.0
VÁRZEA GRANDE,2024-02,85359.0
VÁRZEA GRANDE,2024-03,101819.0
VÁRZEA GRANDE,2024-04,109518.0
VÁRZEA GRANDE,2024-05,115299.0
VÁRZEA GRANDE,2024-06,109528.0
VÁRZEA GRANDE,2024-07,133498.0
VÁRZEA GRANDE,2024-08,125421.0
VÁRZEA GRANDE,2024-09,114887.0
VÁRZEA GRANDE,2024-10,118033.0
VÁRZEA GRANDE,2024-11,113633.0
VÁRZEA GRANDE,2024-12,115491.0
VÁRZEA GRANDE,2025-01,102079.0
VÁRZEA GRANDE,2025-02,93146.0
VÁRZEA GRANDE,2025-03,103421.0
VÁRZEA GRANDE,2025-04,106108.0
VÁRZEA GRANDE,2025-05,111744.0
VÁRZEA GRANDE,2025-06,103927.0
VÁRZEA GRANDE,2025-07,109223.0
VÁRZEA GRANDE,2025-08,96628.0
VÁRZEA GRANDE,2025-09,100809.0
VÁRZEA GRANDE,2025-10,102715.0
VÁRZEA GRANDE,2025-11,99243.0
VÁRZEA GRANDE,2025-12,121642.0
ÁGUA BOA,2021-01,119.0
ÁGUA BOA,2021-02,108.0
ÁGUA BOA,2021-03,154.0
ÁGUA BOA,2021-04,147.0
ÁGUA BOA,2021-05,124.0
ÁGUA BOA,2021-06,141.0
ÁGUA BOA,2021-07,145.0
ÁGUA BOA,2021-08,139.0
ÁGUA BOA,2021-09,74.0
ÁGUA BOA,2021-10,79.0
ÁGUA BOA,2021-11,46.0
ÁGUA BOA,2021-12,93.0
ÁGUA BOA,2022-01,73.0
ÁGUA BOA,2022-02,20.0
ÁGUA BOA,2022-03,116.0
ÁGUA BOA,2022-04,119.0
ÁGUA BOA,2022-05,63.0
ÁGUA BOA,2022-06,79.0
ÁGUA BOA,2022-07,61.0
ÁGUA BOA,2022-08,39.0
ÁGUA BOA,2022-09,53.0
ÁGUA BOA,2022-10,2.0
ÁGUA BOA,2022-11,24.0
ÁGUA BOA,2022-12,15.0
ÁGUA BOA,2023-01,12.0
ÁGUA BOA,2023-02,9.0
ÁGUA BOA,2023-03,12.0
ÁGUA BOA,2023-04,19.0
ÁGUA BOA,2023-05,14.0
ÁGUA BOA,2023-06,22.0
ÁGUA BOA,2023-07,27.0
ÁGUA BOA,2023-08,0.0
ÓBIDOS,2021-01,44.0
ÓBIDOS,2021-02,20.0
ÓBIDOS,2021-03,0.0
ÓBIDOS,2021-11,28.0
ÓBIDOS,2021-12,3.0
ÓBIDOS,2022-01,4.0
ÓBIDOS,2022-02,1.0
ÓBIDOS,2022-03,6.0
ÓBIDOS,2022-04,1.0
ÓBIDOS,2022-05,6.0
ÓBIDOS,2022-06,6.0
ÓBIDOS,2022-07,4.0
ÓBIDOS,2022-08,4.0
ÓBIDOS,2022-09,0.0
ÓBIDOS,2022-10,0.0
ÓBIDOS,2022-11,1.0
ÓBIDOS,2022-12,1.0
ÓBIDOS,2023-01,5.0
