"Tabela 9514 - População residente, por sexo, idade e forma de declaração da idade"
"Variável - População residente (Pessoas)"
"Cód.";"Município";"Forma de declaração da idade";"Ano x Sexo x Idade"
"Cód.";"Município";"Forma de declaração da idade";"2022"
"Cód.";"Município";"Forma de declaração da idade";"Total"
"Cód.";"Município";"Forma de declaração da idade";"Total"
"1100015";"Alta Floresta D'Oeste (RO)";"Total";"21494"
"1100023";"Ariquemes (RO)";"Total";"96833"
"1100031";"Cabixi (RO)";"Total";"5351"
"1100049";"Cacoal (RO)";"Total";"86887"
"1100056";"Cerejeiras (RO)";"Total";"15890"
"1100064";"Colorado do Oeste (RO)";"Total";"15663"
"1100072";"Corumbiara (RO)";"Total";"7519"
"1100080";"Costa Marques (RO)";"Total";"12627"
"1100098";"Espigão D'Oeste (RO)";"Total";"29414"
"1100106";"Guajará-Mirim (RO)";"Total";"39387"
"1100114";"Jaru (RO)";"Total";"50591"
"1100122";"Ji-Paraná (RO)";"Total";"124333"
"1100130";"Machadinho D'Oeste (RO)";"Total";"30707"
"1100148";"Nova Brasilândia D'Oeste (RO)";"Total";"15679"
"1100155";"Ouro Preto do Oeste (RO)";"Total";"35044"
"1100189";"Pimenta Bueno (RO)";"Total";"35079"
"1100205";"Porto Velho (RO)";"Total";"460434"
"1100254";"Presidente Médici (RO)";"Total";"19327"
"1100262";"Rio Crespo (RO)";"Total";"3471"
"1100288";"Rolim de Moura (RO)";"Total";"56406"
"1100296";"Santa Luzia D'Oeste (RO)";"Total";"7419"
"1100304";"Vilhena (RO)";"Total";"95832"
"1100320";"São Miguel do Guaporé (RO)";"Total";"21635"
"1100338";"Nova Mamoré (RO)";"Total";"25444"
"1100346";"Alvorada D'Oeste (RO)";"Total";"13117"
"1100379";"Alto Alegre dos Parecis (RO)";"Total";"11479"
"1100403";"Alto Paraíso (RO)";"Total";"16320"
"1100452";"Buritis (RO)";"Total";"27992"
"1100502";"Novo Horizonte do Oeste (RO)";"Total";"7667"
"1100601";"Cacaulândia (RO)";"Total";"4150"
"1100700";"Campo Novo de Rondônia (RO)";"Total";"8844"
"1100809";"Candeias do Jamari (RO)";"Total";"22310"
"1100908";"Castanheiras (RO)";"Total";"3233"
"1100924";"Chupinguaia (RO)";"Total";"9324"
"1100940";"Cujubim (RO)";"Total";"14863"
"1101005";"Governador Jorge Teixeira (RO)";"Total";"8001"
"1101104";"Itapuã do Oeste (RO)";"Total";"8548"
"1101203";"Ministro Andreazza (RO)";"Total";"6466"
"1101302";"Mirante da Serra (RO)";"Total";"9235"
"1101401";"Monte Negro (RO)";"Total";"11548"
"1101435";"Nova União (RO)";"Total";"6200"
"1101450";"Parecis (RO)";"Total";"4125"
"1101468";"Pimenteiras do Oeste (RO)";"Total";"2156"
"1101476";"Primavera de Rondônia (RO)";"Total";"3076"
"1101484";"São Felipe D'Oeste (RO)";"Total";"5258"
"1101492";"São Francisco do Guaporé (RO)";"Total";"16286"
"1101500";"Seringueiras (RO)";"Total";"11171"
"1101559";"Teixeirópolis (RO)";"Total";"4256"
"1101609";"Theobroma (RO)";"Total";"8113"
"1101708";"Urupá (RO)";"Total";"10725"
"1101757";"Vale do Anari (RO)";"Total";"7788"
"1101807";"Vale do Paraíso (RO)";"Total";"6479"
"1200013";"Acrelândia (AC)";"Total";"14021"
"1200054";"Assis Brasil (AC)";"Total";"8100"
"1200104";"Brasiléia (AC)";"Total";"26000"
"1200138";"Bujari (AC)";"Total";"12917"
"1200179";"Capixaba (AC)";"Total";"10392"
"1200203";"Cruzeiro do Sul (AC)";"Total";"91888"
"1200252";"Epitaciolândia (AC)";"Total";"18757"
"1200302";"Feijó (AC)";"Total";"35426"
"1200328";"Jordão (AC)";"Total";"9222"
"1200336";"Mâncio Lima (AC)";"Total";"19294"
"1200344";"Manoel Urbano (AC)";"Total";"11996"
"1200351";"Marechal Thaumaturgo (AC)";"Total";"17093"
"1200385";"Plácido de Castro (AC)";"Total";"16560"
"1200393";"Porto Walter (AC)";"Total";"10735"
"1200401";"Rio Branco (AC)";"Total";"364756"
"1200427";"Rodrigues Alves (AC)";"Total";"14938"
"1200435";"Santa Rosa do Purus (AC)";"Total";"6723"
"1200450";"Senador Guiomard (AC)";"Total";"21454"
"1200500";"Sena Madureira (AC)";"Total";"41343"
"1200609";"Tarauacá (AC)";"Total";"43467"
"1200708";"Xapuri (AC)";"Total";"18243"
"1200807";"Porto Acre (AC)";"Total";"16693"
"1300029";"Alvarães (AM)";"Total";"15866"
"1300060";"Amaturá (AM)";"Total";"10819"
"1300086";"Anamã (AM)";"Total";"9962"
"1300102";"Anori (AM)";"Total";"17194"
"1300144";"Apuí (AM)";"Total";"20647"
"1300201";"Atalaia do Norte (AM)";"Total";"15314"
"1300300";"Autazes (AM)";"Total";"41564"
"1300409";"Barcelos (AM)";"Total";"18834"
"1300508";"Barreirinha (AM)";"Total";"31051"
"1300607";"Benjamin Constant (AM)";"Total";"37648"
"1300631";"Beruri (AM)";"Total";"20718"
"1300680";"Boa Vista do Ramos (AM)";"Total";"23785"
"1300706";"Boca do Acre (AM)";"Total";"35447"
"1300805";"Borba (AM)";"Total";"33080"
"1300839";"Caapiranga (AM)";"Total";"13469"
"1300904";"Canutama (AM)";"Total";"16869"
"1301001";"Carauari (AM)";"Total";"28742"
"1301100";"Careiro (AM)";"Total";"30792"
"1301159";"Careiro da Várzea (AM)";"Total";"19637"
"1301209";"Coari (AM)";"Total";"70616"
"1301308";"Codajás (AM)";"Total";"23549"
"1301407";"Eirunepé (AM)";"Total";"33170"
"1301506";"Envira (AM)";"Total";"17186"
"1301605";"Fonte Boa (AM)";"Total";"25871"
"1301654";"Guajará (AM)";"Total";"13815"
"1301704";"Humaitá (AM)";"Total";"57473"
"1301803";"Ipixuna (AM)";"Total";"24311"
"1301852";"Iranduba (AM)";"Total";"61163"
"1301902";"Itacoatiara (AM)";"Total";"103598"
"1301951";"Itamarati (AM)";"Total";"10937"
"1302009";"Itapiranga (AM)";"Total";"10162"
"1302108";"Japurá (AM)";"Total";"8858"
"1302207";"Juruá (AM)";"Total";"10742"
"1302306";"Jutaí (AM)";"Total";"25172"
"1302405";"Lábrea (AM)";"Total";"45448"
"1302504";"Manacapuru (AM)";"Total";"101883"
"1302553";"Manaquiri (AM)";"Total";"17107"
"1302603";"Manaus (AM)";"Total";"2063689"
"1302702";"Manicoré (AM)";"Total";"53914"
"1302801";"Maraã (AM)";"Total";"15529"
"1302900";"Maués (AM)";"Total";"61204"
"1303007";"Nhamundá (AM)";"Total";"20136"
"1303106";"Nova Olinda do Norte (AM)";"Total";"27062"
"1303205";"Novo Airão (AM)";"Total";"15761"
"1303304";"Novo Aripuanã (AM)";"Total";"23818"
"1303403";"Parintins (AM)";"Total";"96372"
"1303502";"Pauini (AM)";"Total";"19373"
"1303536";"Presidente Figueiredo (AM)";"Total";"30668"
"1303569";"Rio Preto da Eva (AM)";"Total";"24936"
"1303601";"Santa Isabel do Rio Negro (AM)";"Total";"14164"
"1303700";"Santo Antônio do Içá (AM)";"Total";"28211"
"1303809";"São Gabriel da Cachoeira (AM)";"Total";"51795"
"1303908";"São Paulo de Olivença (AM)";"Total";"32967"
"1303957";"São Sebastião do Uatumã (AM)";"Total";"11670"
"1304005";"Silves (AM)";"Total";"11559"
"1304062";"Tabatinga (AM)";"Total";"66764"
"1304104";"Tapauá (AM)";"Total";"19599"
"1304203";"Tefé (AM)";"Total";"73669"
"1304237";"Tonantins (AM)";"Total";"19247"
"1304260";"Uarini (AM)";"Total";"14431"
"1304302";"Urucará (AM)";"Total";"18631"
"1304401";"Urucurituba (AM)";"Total";"23945"
"1400027";"Amajari (RR)";"Total";"13927"
"1400050";"Alto Alegre (RR)";"Total";"21096"
"1400100";"Boa Vista (RR)";"Total";"413486"
"1400159";"Bonfim (RR)";"Total";"13923"
"1400175";"Cantá (RR)";"Total";"18682"
"1400209";"Caracaraí (RR)";"Total";"20957"
"1400233";"Caroebe (RR)";"Total";"10656"
"1400282";"Iracema (RR)";"Total";"10023"
"1400308";"Mucajaí (RR)";"Total";"18095"
"1400407";"Normandia (RR)";"Total";"13986"
"1400456";"Pacaraima (RR)";"Total";"19305"
"1400472";"Rorainópolis (RR)";"Total";"32647"
"1400506";"São João da Baliza (RR)";"Total";"8858"
"1400605";"São Luiz (RR)";"Total";"7315"
"1400704";"Uiramutã (RR)";"Total";"13751"
"1500107";"Abaetetuba (PA)";"Total";"158188"
"1500131";"Abel Figueiredo (PA)";"Total";"6136"
"1500206";"Acará (PA)";"Total";"59023"
"1500305";"Afuá (PA)";"Total";"37765"
"1500347";"Água Azul do Norte (PA)";"Total";"18080"
"1500404";"Alenquer (PA)";"Total";"69377"
"1500503";"Almeirim (PA)";"Total";"34280"
"1500602";"Altamira (PA)";"Total";"126279"
"1500701";"Anajás (PA)";"Total";"28011"
"1500800";"Ananindeua (PA)";"Total";"478778"
"1500859";"Anapu (PA)";"Total";"31850"
"1500909";"Augusto Corrêa (PA)";"Total";"44573"
"1500958";"Aurora do Pará (PA)";"Total";"23774"
"1501006";"Aveiro (PA)";"Total";"18290"
"1501105";"Bagre (PA)";"Total";"31892"
"1501204";"Baião (PA)";"Total";"51641"
"1501253";"Bannach (PA)";"Total";"4031"
"1501303";"Barcarena (PA)";"Total";"126650"
"1501402";"Belém (PA)";"Total";"1303403"
"1501451";"Belterra (PA)";"Total";"18099"
"1501501";"Benevides (PA)";"Total";"63567"
"1501576";"Bom Jesus do Tocantins (PA)";"Total";"18005"
"1501600";"Bonito (PA)";"Total";"12622"
"1501709";"Bragança (PA)";"Total";"123082"
"1501725";"Brasil Novo (PA)";"Total";"24718"
"1501758";"Brejo Grande do Araguaia (PA)";"Total";"6783"
"1501782";"Breu Branco (PA)";"Total";"45712"
"1501808";"Breves (PA)";"Total";"106968"
"1501907";"Bujaru (PA)";"Total";"24383"
"1501956";"Cachoeira do Piriá (PA)";"Total";"19630"
"1502004";"Cachoeira do Arari (PA)";"Total";"23981"
"1502103";"Cametá (PA)";"Total";"134184"
"1502152";"Canaã dos Carajás (PA)";"Total";"77079"
"1502202";"Capanema (PA)";"Total";"70394"
"1502301";"Capitão Poço (PA)";"Total";"56506"
"1502400";"Castanhal (PA)";"Total";"192256"
"1502509";"Chaves (PA)";"Total";"20757"
"1502608";"Colares (PA)";"Total";"12868"
"1502707";"Conceição do Araguaia (PA)";"Total";"44617"
"1502756";"Concórdia do Pará (PA)";"Total";"26881"
"1502764";"Cumaru do Norte (PA)";"Total";"14036"
"1502772";"Curionópolis (PA)";"Total";"19950"
"1502806";"Curralinho (PA)";"Total";"33903"
"1502855";"Curuá (PA)";"Total";"14117"
"1502905";"Curuçá (PA)";"Total";"41262"
"1502939";"Dom Eliseu (PA)";"Total";"58484"
"1502954";"Eldorado do Carajás (PA)";"Total";"28192"
"1503002";"Faro (PA)";"Total";"8728"
"1503044";"Floresta do Araguaia (PA)";"Total";"17898"
"1503077";"Garrafão do Norte (PA)";"Total";"24703"
"1503093";"Goianésia do Pará (PA)";"Total";"26362"
"1503101";"Gurupá (PA)";"Total";"31786"
"1503200";"Igarapé-Açu (PA)";"Total";"35797"
"1503309";"Igarapé-Miri (PA)";"Total";"64831"
"1503408";"Inhangapi (PA)";"Total";"10325"
"1503457";"Ipixuna do Pará (PA)";"Total";"30329"
"1503507";"Irituia (PA)";"Total";"30955"
"1503606";"Itaituba (PA)";"Total";"123314"
"1503705";"Itupiranga (PA)";"Total";"49754"
"1503754";"Jacareacanga (PA)";"Total";"24042"
"1503804";"Jacundá (PA)";"Total";"37707"
"1503903";"Juruti (PA)";"Total";"50881"
"1504000";"Limoeiro do Ajuru (PA)";"Total";"29569"
"1504059";"Mãe do Rio (PA)";"Total";"34353"
"1504109";"Magalhães Barata (PA)";"Total";"8115"
"1504208";"Marabá (PA)";"Total";"266533"
"1504307";"Maracanã (PA)";"Total";"25971"
"1504406";"Marapanim (PA)";"Total";"26573"
"1504422";"Marituba (PA)";"Total";"111785"
"1504455";"Medicilândia (PA)";"Total";"27094"
"1504505";"Melgaço (PA)";"Total";"27881"
"1504604";"Mocajuba (PA)";"Total";"27198"
"1504703";"Moju (PA)";"Total";"84094"
"1504752";"Mojuí dos Campos (PA)";"Total";"23501"
"1504802";"Monte Alegre (PA)";"Total";"60012"
"1504901";"Muaná (PA)";"Total";"45368"
"1504950";"Nova Esperança do Piriá (PA)";"Total";"20478"
"1504976";"Nova Ipixuna (PA)";"Total";"13955"
"1505007";"Nova Timboteua (PA)";"Total";"12806"
"1505031";"Novo Progresso (PA)";"Total";"33638"
"1505064";"Novo Repartimento (PA)";"Total";"60732"
"1505106";"Óbidos (PA)";"Total";"52229"
"1505205";"Oeiras do Pará (PA)";"Total";"33844"
"1505304";"Oriximiná (PA)";"Total";"68294"
"1505403";"Ourém (PA)";"Total";"17855"
"1505437";"Ourilândia do Norte (PA)";"Total";"32467"
"1505486";"Pacajá (PA)";"Total";"41097"
"1505494";"Palestina do Pará (PA)";"Total";"6885"
"1505502";"Paragominas (PA)";"Total";"105550"
"1505536";"Parauapebas (PA)";"Total";"267836"
"1505551";"Pau D'Arco (PA)";"Total";"6931"
"1505601";"Peixe-Boi (PA)";"Total";"8285"
"1505635";"Piçarra (PA)";"Total";"12832"
"1505650";"Placas (PA)";"Total";"18668"
"1505700";"Ponta de Pedras (PA)";"Total";"24984"
"1505809";"Portel (PA)";"Total";"62503"
"1505908";"Porto de Moz (PA)";"Total";"40597"
"1506005";"Prainha (PA)";"Total";"35577"
"1506104";"Primavera (PA)";"Total";"10851"
"1506112";"Quatipuru (PA)";"Total";"11524"
"1506138";"Redenção (PA)";"Total";"85597"
"1506161";"Rio Maria (PA)";"Total";"18384"
"1506187";"Rondon do Pará (PA)";"Total";"53143"
"1506195";"Rurópolis (PA)";"Total";"35769"
"1506203";"Salinópolis (PA)";"Total";"44772"
"1506302";"Salvaterra (PA)";"Total";"24129"
"1506351";"Santa Bárbara do Pará (PA)";"Total";"21087"
"1506401";"Santa Cruz do Arari (PA)";"Total";"7445"
"1506500";"Santa Izabel do Pará (PA)";"Total";"73019"
"1506559";"Santa Luzia do Pará (PA)";"Total";"20370"
"1506583";"Santa Maria das Barreiras (PA)";"Total";"16548"
"1506609";"Santa Maria do Pará (PA)";"Total";"24624"
"1506708";"Santana do Araguaia (PA)";"Total";"32413"
"1506807";"Santarém (PA)";"Total";"331942"
"1506906";"Santarém Novo (PA)";"Total";"6116"
"1507003";"Santo Antônio do Tauá (PA)";"Total";"27461"
"1507102";"São Caetano de Odivelas (PA)";"Total";"16666"
"1507151";"São Domingos do Araguaia (PA)";"Total";"21092"
"1507201";"São Domingos do Capim (PA)";"Total";"30599"
"1507300";"São Félix do Xingu (PA)";"Total";"65418"
"1507409";"São Francisco do Pará (PA)";"Total";"14894"
"1507458";"São Geraldo do Araguaia (PA)";"Total";"24255"
"1507466";"São João da Ponta (PA)";"Total";"4430"
"1507474";"São João de Pirabas (PA)";"Total";"20689"
"1507508";"São João do Araguaia (PA)";"Total";"13664"
"1507607";"São Miguel do Guamá (PA)";"Total";"52894"
"1507706";"São Sebastião da Boa Vista (PA)";"Total";"25643"
"1507755";"Sapucaia (PA)";"Total";"5847"
"1507805";"Senador José Porfírio (PA)";"Total";"22576"
"1507904";"Soure (PA)";"Total";"24204"
"1507953";"Tailândia (PA)";"Total";"72493"
"1507961";"Terra Alta (PA)";"Total";"10400"
"1507979";"Terra Santa (PA)";"Total";"18782"
"1508001";"Tomé-Açu (PA)";"Total";"67585"
"1508035";"Tracuateua (PA)";"Total";"28595"
"1508050";"Trairão (PA)";"Total";"15242"
"1508084";"Tucumã (PA)";"Total";"39550"
"1508100";"Tucuruí (PA)";"Total";"91306"
"1508126";"Ulianópolis (PA)";"Total";"37972"
"1508159";"Uruará (PA)";"Total";"43558"
"1508209";"Vigia (PA)";"Total";"50832"
"1508308";"Viseu (PA)";"Total";"58692"
"1508357";"Vitória do Xingu (PA)";"Total";"15607"
"1508407";"Xinguara (PA)";"Total";"52893"
"1600055";"Serra do Navio (AP)";"Total";"4673"
"1600105";"Amapá (AP)";"Total";"7943"
"1600154";"Pedra Branca do Amapari (AP)";"Total";"12847"
"1600204";"Calçoene (AP)";"Total";"10612"
"1600212";"Cutias (AP)";"Total";"4461"
"1600238";"Ferreira Gomes (AP)";"Total";"6666"
"1600253";"Itaubal (AP)";"Total";"5599"
"1600279";"Laranjal do Jari (AP)";"Total";"35114"
"1600303";"Macapá (AP)";"Total";"442933"
"1600402";"Mazagão (AP)";"Total";"21924"
"1600501";"Oiapoque (AP)";"Total";"27482"
"1600535";"Porto Grande (AP)";"Total";"17848"
"1600550";"Pracuúba (AP)";"Total";"3803"
"1600600";"Santana (AP)";"Total";"107618"
"1600709";"Tartarugalzinho (AP)";"Total";"12945"
"1600808";"Vitória do Jari (AP)";"Total";"11291"
"1700251";"Abreulândia (TO)";"Total";"2576"
"1700301";"Aguiarnópolis (TO)";"Total";"4497"
"1700350";"Aliança do Tocantins (TO)";"Total";"5147"
"1700400";"Almas (TO)";"Total";"6499"
"1700707";"Alvorada (TO)";"Total";"8802"
"1701002";"Ananás (TO)";"Total";"10325"
"1701051";"Angico (TO)";"Total";"2876"
"1701101";"Aparecida do Rio Negro (TO)";"Total";"4856"
"1701309";"Aragominas (TO)";"Total";"5290"
"1701903";"Araguacema (TO)";"Total";"5927"
"1702000";"Araguaçu (TO)";"Total";"8133"
"1702109";"Araguaína (TO)";"Total";"171301"
"1702158";"Araguanã (TO)";"Total";"4310"
"1702208";"Araguatins (TO)";"Total";"31918"
"1702307";"Arapoema (TO)";"Total";"5550"
"1702406";"Arraias (TO)";"Total";"10287"
"1702554";"Augustinópolis (TO)";"Total";"17484"
"1702703";"Aurora do Tocantins (TO)";"Total";"3342"
"1702901";"Axixá do Tocantins (TO)";"Total";"10262"
"1703008";"Babaçulândia (TO)";"Total";"7880"
"1703057";"Bandeirantes do Tocantins (TO)";"Total";"3407"
"1703073";"Barra do Ouro (TO)";"Total";"4476"
"1703107";"Barrolândia (TO)";"Total";"4846"
"1703206";"Bernardo Sayão (TO)";"Total";"4229"
"1703305";"Bom Jesus do Tocantins (TO)";"Total";"4038"
"1703602";"Brasilândia do Tocantins (TO)";"Total";"1974"
"1703701";"Brejinho de Nazaré (TO)";"Total";"4725"
"1703800";"Buriti do Tocantins (TO)";"Total";"10307"
"1703826";"Cachoeirinha (TO)";"Total";"1961"
"1703842";"Campos Lindos (TO)";"Total";"8653"
"1703867";"Cariri do Tocantins (TO)";"Total";"4007"
"1703883";"Carmolândia (TO)";"Total";"2201"
"1703891";"Carrasco Bonito (TO)";"Total";"3318"
"1703909";"Caseara (TO)";"Total";"4847"
"1704105";"Centenário (TO)";"Total";"2131"
"1704600";"Chapada de Areia (TO)";"Total";"1501"
"1705102";"Chapada da Natividade (TO)";"Total";"3117"
"1705508";"Colinas do Tocantins (TO)";"Total";"34233"
"1705557";"Combinado (TO)";"Total";"4756"
"1705607";"Conceição do Tocantins (TO)";"Total";"3887"
"1706001";"Couto Magalhães (TO)";"Total";"5331"
"1706100";"Cristalândia (TO)";"Total";"6371"
"1706258";"Crixás do Tocantins (TO)";"Total";"1470"
"1706506";"Darcinópolis (TO)";"Total";"5827"
"1707009";"Dianópolis (TO)";"Total";"17739"
"1707108";"Divinópolis do Tocantins (TO)";"Total";"7024"
"1707207";"Dois Irmãos do Tocantins (TO)";"Total";"6327"
"1707306";"Dueré (TO)";"Total";"4248"
"1707405";"Esperantina (TO)";"Total";"7530"
"1707553";"Fátima (TO)";"Total";"3467"
"1707652";"Figueirópolis (TO)";"Total";"5211"
"1707702";"Filadélfia (TO)";"Total";"7712"
"1708205";"Formoso do Araguaia (TO)";"Total";"18881"
"1708254";"Tabocão (TO)";"Total";"3455"
"1708304";"Goianorte (TO)";"Total";"4738"
"1709005";"Goiatins (TO)";"Total";"12433"
"1709302";"Guaraí (TO)";"Total";"24775"
"1709500";"Gurupi (TO)";"Total";"85125"
"1709807";"Ipueiras (TO)";"Total";"1590"
"1710508";"Itacajá (TO)";"Total";"6819"
"1710706";"Itaguatins (TO)";"Total";"5172"
"1710904";"Itapiratins (TO)";"Total";"3577"
"1711100";"Itaporã do Tocantins (TO)";"Total";"2404"
"1711506";"Jaú do Tocantins (TO)";"Total";"3334"
"1711803";"Juarina (TO)";"Total";"2243"
"1711902";"Lagoa da Confusão (TO)";"Total";"15288"
"1711951";"Lagoa do Tocantins (TO)";"Total";"3516"
"1712009";"Lajeado (TO)";"Total";"3357"
"1712157";"Lavandeira (TO)";"Total";"1626"
"1712405";"Lizarda (TO)";"Total";"2999"
"1712454";"Luzinópolis (TO)";"Total";"2717"
"1712504";"Marianópolis do Tocantins (TO)";"Total";"4615"
"1712702";"Mateiros (TO)";"Total";"2748"
"1712801";"Maurilândia do Tocantins (TO)";"Total";"3095"
"1713205";"Miracema do Tocantins (TO)";"Total";"18566"
"1713304";"Miranorte (TO)";"Total";"12701"
"1713601";"Monte do Carmo (TO)";"Total";"5694"
"1713700";"Monte Santo do Tocantins (TO)";"Total";"2396"
"1713809";"Palmeiras do Tocantins (TO)";"Total";"4872"
"1713957";"Muricilândia (TO)";"Total";"3367"
"1714203";"Natividade (TO)";"Total";"8754"
"1714302";"Nazaré (TO)";"Total";"4521"
"1714880";"Nova Olinda (TO)";"Total";"10367"
"1715002";"Nova Rosalândia (TO)";"Total";"3362"
"1715101";"Novo Acordo (TO)";"Total";"3969"
"1715150";"Novo Alegre (TO)";"Total";"1846"
"1715259";"Novo Jardim (TO)";"Total";"2230"
"1715507";"Oliveira de Fátima (TO)";"Total";"1164"
"1715705";"Palmeirante (TO)";"Total";"4798"
"1715754";"Palmeirópolis (TO)";"Total";"6975"
"1716109";"Paraíso do Tocantins (TO)";"Total";"52360"
"1716208";"Paranã (TO)";"Total";"10542"
"1716307";"Pau D'Arco (TO)";"Total";"4043"
"1716505";"Pedro Afonso (TO)";"Total";"14055"
"1716604";"Peixe (TO)";"Total";"9317"
"1716653";"Pequizeiro (TO)";"Total";"4921"
"1716703";"Colméia (TO)";"Total";"8941"
"1717008";"Pindorama do Tocantins (TO)";"Total";"4478"
"1717206";"Piraquê (TO)";"Total";"2282"
"1717503";"Pium (TO)";"Total";"7128"
"1717800";"Ponte Alta do Bom Jesus (TO)";"Total";"4220"
"1717909";"Ponte Alta do Tocantins (TO)";"Total";"7586"
"1718006";"Porto Alegre do Tocantins (TO)";"Total";"2866"
"1718204";"Porto Nacional (TO)";"Total";"64418"
"1718303";"Praia Norte (TO)";"Total";"9044"
"1718402";"Presidente Kennedy (TO)";"Total";"3047"
"1718451";"Pugmil (TO)";"Total";"2193"
"1718501";"Recursolândia (TO)";"Total";"3421"
"1718550";"Riachinho (TO)";"Total";"3960"
"1718659";"Rio da Conceição (TO)";"Total";"1768"
"1718709";"Rio dos Bois (TO)";"Total";"2738"
"1718758";"Rio Sono (TO)";"Total";"4841"
"1718808";"Sampaio (TO)";"Total";"4215"
"1718840";"Sandolândia (TO)";"Total";"3723"
"1718865";"Santa Fé do Araguaia (TO)";"Total";"7216"
"1718881";"Santa Maria do Tocantins (TO)";"Total";"2680"
"1718899";"Santa Rita do Tocantins (TO)";"Total";"2219"
"1718907";"Santa Rosa do Tocantins (TO)";"Total";"4653"
"1719004";"Santa Tereza do Tocantins (TO)";"Total";"2781"
"1720002";"Santa Terezinha do Tocantins (TO)";"Total";"2406"
"1720101";"São Bento do Tocantins (TO)";"Total";"5654"
"1720150";"São Félix do Tocantins (TO)";"Total";"1783"
"1720200";"São Miguel do Tocantins (TO)";"Total";"13241"
"1720259";"São Salvador do Tocantins (TO)";"Total";"2385"
"1720309";"São Sebastião do Tocantins (TO)";"Total";"4100"
"1720499";"São Valério (TO)";"Total";"4422"
"1720655";"Silvanópolis (TO)";"Total";"5108"
"1720804";"Sítio Novo do Tocantins (TO)";"Total";"10830"
"1720853";"Sucupira (TO)";"Total";"1577"
"1720903";"Taguatinga (TO)";"Total";"14011"
"1720937";"Taipas do Tocantins (TO)";"Total";"2021"
"1720978";"Talismã (TO)";"Total";"2456"
"1721000";"Palmas (TO)";"Total";"302692"
"1721109";"Tocantínia (TO)";"Total";"7459"
"1721208";"Tocantinópolis (TO)";"Total";"22615"
"1721257";"Tupirama (TO)";"Total";"1909"
"1721307";"Tupiratins (TO)";"Total";"1874"
"1722081";"Wanderlândia (TO)";"Total";"10522"
"1722107";"Xambioá (TO)";"Total";"10517"
"2100055";"Açailândia (MA)";"Total";"106550"
"2100105";"Afonso Cunha (MA)";"Total";"6144"
"2100154";"Água Doce do Maranhão (MA)";"Total";"12142"
"2100204";"Alcântara (MA)";"Total";"18467"
"2100303";"Aldeias Altas (MA)";"Total";"23286"
"2100402";"Altamira do Maranhão (MA)";"Total";"6447"
"2100436";"Alto Alegre do Maranhão (MA)";"Total";"24048"
"2100477";"Alto Alegre do Pindaré (MA)";"Total";"25710"
"2100501";"Alto Parnaíba (MA)";"Total";"11109"
"2100550";"Amapá do Maranhão (MA)";"Total";"7170"
"2100600";"Amarante do Maranhão (MA)";"Total";"37085"
"2100709";"Anajatuba (MA)";"Total";"25322"
"2100808";"Anapurus (MA)";"Total";"13793"
"2100832";"Apicum-Açu (MA)";"Total";"17519"
"2100873";"Araguanã (MA)";"Total";"11181"
"2100907";"Araioses (MA)";"Total";"39052"
"2100956";"Arame (MA)";"Total";"25517"
"2101004";"Arari (MA)";"Total";"29472"
"2101103";"Axixá (MA)";"Total";"11790"
"2101202";"Bacabal (MA)";"Total";"103711"
"2101251";"Bacabeira (MA)";"Total";"16966"
"2101301";"Bacuri (MA)";"Total";"16290"
"2101350";"Bacurituba (MA)";"Total";"5252"
"2101400";"Balsas (MA)";"Total";"101767"
"2101509";"Barão de Grajaú (MA)";"Total";"18984"
"2101608";"Barra do Corda (MA)";"Total";"84532"
"2101707";"Barreirinhas (MA)";"Total";"65589"
"2101731";"Belágua (MA)";"Total";"8460"
"2101772";"Bela Vista do Maranhão (MA)";"Total";"11750"
"2101806";"Benedito Leite (MA)";"Total";"5469"
"2101905";"Bequimão (MA)";"Total";"19584"
"2101939";"Bernardo do Mearim (MA)";"Total";"5840"
"2101970";"Boa Vista do Gurupi (MA)";"Total";"7574"
"2102002";"Bom Jardim (MA)";"Total";"33100"
"2102036";"Bom Jesus das Selvas (MA)";"Total";"28599"
"2102077";"Bom Lugar (MA)";"Total";"12212"
"2102101";"Brejo (MA)";"Total";"34120"
"2102150";"Brejo de Areia (MA)";"Total";"9218"
"2102200";"Buriti (MA)";"Total";"29685"
"2102309";"Buriti Bravo (MA)";"Total";"22455"
"2102325";"Buriticupu (MA)";"Total";"55499"
"2102358";"Buritirana (MA)";"Total";"12918"
"2102374";"Cachoeira Grande (MA)";"Total";"9732"
"2102408";"Cajapió (MA)";"Total";"10121"
"2102507";"Cajari (MA)";"Total";"16412"
"2102556";"Campestre do Maranhão (MA)";"Total";"12301"
"2102606";"Cândido Mendes (MA)";"Total";"19932"
"2102705";"Cantanhede (MA)";"Total";"24303"
"2102754";"Capinzal do Norte (MA)";"Total";"11374"
"2102804";"Carolina (MA)";"Total";"24062"
"2102903";"Carutapera (MA)";"Total";"24238"
"2103000";"Caxias (MA)";"Total";"156973"
"2103109";"Cedral (MA)";"Total";"10208"
"2103125";"Central do Maranhão (MA)";"Total";"7094"
"2103158";"Centro do Guilherme (MA)";"Total";"12342"
"2103174";"Centro Novo do Maranhão (MA)";"Total";"16267"
"2103208";"Chapadinha (MA)";"Total";"81386"
"2103257";"Cidelândia (MA)";"Total";"12878"
"2103307";"Codó (MA)";"Total";"114275"
"2103406";"Coelho Neto (MA)";"Total";"41658"
"2103505";"Colinas (MA)";"Total";"40316"
"2103554";"Conceição do Lago-Açu (MA)";"Total";"14915"
"2103604";"Coroatá (MA)";"Total";"59566"
"2103703";"Cururupu (MA)";"Total";"31558"
"2103752";"Davinópolis (MA)";"Total";"14404"
"2103802";"Dom Pedro (MA)";"Total";"23053"
"2103901";"Duque Bacelar (MA)";"Total";"10223"
"2104008";"Esperantinópolis (MA)";"Total";"18311"
"2104057";"Estreito (MA)";"Total";"33294"
"2104073";"Feira Nova do Maranhão (MA)";"Total";"8048"
"2104081";"Fernando Falcão (MA)";"Total";"10873"
"2104099";"Formosa da Serra Negra (MA)";"Total";"17719"
"2104107";"Fortaleza dos Nogueiras (MA)";"Total";"12640"
"2104206";"Fortuna (MA)";"Total";"16976"
"2104305";"Godofredo Viana (MA)";"Total";"10186"
"2104404";"Gonçalves Dias (MA)";"Total";"17206"
"2104503";"Governador Archer (MA)";"Total";"10231"
"2104552";"Governador Edison Lobão (MA)";"Total";"18411"
"2104602";"Governador Eugênio Barros (MA)";"Total";"13930"
"2104628";"Governador Luiz Rocha (MA)";"Total";"7063"
"2104651";"Governador Newton Bello (MA)";"Total";"10713"
"2104677";"Governador Nunes Freire (MA)";"Total";"23128"
"2104701";"Graça Aranha (MA)";"Total";"6023"
"2104800";"Grajaú (MA)";"Total";"73872"
"2104909";"Guimarães (MA)";"Total";"10290"
"2105005";"Humberto de Campos (MA)";"Total";"25680"
"2105104";"Icatu (MA)";"Total";"24794"
"2105153";"Igarapé do Meio (MA)";"Total";"13974"
"2105203";"Igarapé Grande (MA)";"Total";"10231"
"2105302";"Imperatriz (MA)";"Total";"273110"
"2105351";"Itaipava do Grajaú (MA)";"Total";"13828"
"2105401";"Itapecuru Mirim (MA)";"Total";"60440"
"2105427";"Itinga do Maranhão (MA)";"Total";"22513"
"2105450";"Jatobá (MA)";"Total";"7471"
"2105476";"Jenipapo dos Vieiras (MA)";"Total";"17076"
"2105500";"João Lisboa (MA)";"Total";"24709"
"2105609";"Joselândia (MA)";"Total";"14924"
"2105658";"Junco do Maranhão (MA)";"Total";"5146"
"2105708";"Lago da Pedra (MA)";"Total";"44403"
"2105807";"Lago do Junco (MA)";"Total";"9506"
"2105906";"Lago Verde (MA)";"Total";"14769"
"2105922";"Lagoa do Mato (MA)";"Total";"10572"
"2105948";"Lago dos Rodrigues (MA)";"Total";"8758"
"2105963";"Lagoa Grande do Maranhão (MA)";"Total";"11411"
"2105989";"Lajeado Novo (MA)";"Total";"7057"
"2106003";"Lima Campos (MA)";"Total";"11297"
"2106102";"Loreto (MA)";"Total";"11597"
"2106201";"Luís Domingues (MA)";"Total";"7161"
"2106300";"Magalhães de Almeida (MA)";"Total";"13807"
"2106326";"Maracaçumé (MA)";"Total";"21149"
"2106359";"Marajá do Sena (MA)";"Total";"7027"
"2106375";"Maranhãozinho (MA)";"Total";"13761"
"2106409";"Mata Roma (MA)";"Total";"17090"
"2106508";"Matinha (MA)";"Total";"22034"
"2106607";"Matões (MA)";"Total";"32174"
"2106631";"Matões do Norte (MA)";"Total";"17432"
"2106672";"Milagres do Maranhão (MA)";"Total";"8818"
"2106706";"Mirador (MA)";"Total";"21030"
"2106755";"Miranda do Norte (MA)";"Total";"23864"
"2106805";"Mirinzal (MA)";"Total";"13978"
"2106904";"Monção (MA)";"Total";"27751"
"2107001";"Montes Altos (MA)";"Total";"9106"
"2107100";"Morros (MA)";"Total";"18554"
"2107209";"Nina Rodrigues (MA)";"Total";"14176"
"2107258";"Nova Colinas (MA)";"Total";"5021"
"2107308";"Nova Iorque (MA)";"Total";"4320"
"2107357";"Nova Olinda do Maranhão (MA)";"Total";"14314"
"2107407";"Olho d'Água das Cunhãs (MA)";"Total";"17919"
"2107456";"Olinda Nova do Maranhão (MA)";"Total";"13577"
"2107506";"Paço do Lumiar (MA)";"Total";"145643"
"2107605";"Palmeirândia (MA)";"Total";"21059"
"2107704";"Paraibano (MA)";"Total";"18274"
"2107803";"Parnarama (MA)";"Total";"31250"
"2107902";"Passagem Franca (MA)";"Total";"17220"
"2108009";"Pastos Bons (MA)";"Total";"18802"
"2108058";"Paulino Neves (MA)";"Total";"17056"
"2108108";"Paulo Ramos (MA)";"Total";"20341"
"2108207";"Pedreiras (MA)";"Total";"37050"
"2108256";"Pedro do Rosário (MA)";"Total";"24320"
"2108306";"Penalva (MA)";"Total";"32511"
"2108405";"Peri Mirim (MA)";"Total";"11108"
"2108454";"Peritoró (MA)";"Total";"20479"
"2108504";"Pindaré-Mirim (MA)";"Total";"31429"
"2108603";"Pinheiro (MA)";"Total";"84621"
"2108702";"Pio XII (MA)";"Total";"21886"
"2108801";"Pirapemas (MA)";"Total";"17714"
"2108900";"Poção de Pedras (MA)";"Total";"17161"
"2109007";"Porto Franco (MA)";"Total";"23903"
"2109056";"Porto Rico do Maranhão (MA)";"Total";"5954"
"2109106";"Presidente Dutra (MA)";"Total";"45155"
"2109205";"Presidente Juscelino (MA)";"Total";"11356"
"2109239";"Presidente Médici (MA)";"Total";"4696"
"2109270";"Presidente Sarney (MA)";"Total";"17511"
"2109304";"Presidente Vargas (MA)";"Total";"10549"
"2109403";"Primeira Cruz (MA)";"Total";"13614"
"2109452";"Raposa (MA)";"Total";"30839"
"2109502";"Riachão (MA)";"Total";"22145"
"2109551";"Ribamar Fiquene (MA)";"Total";"7420"
"2109601";"Rosário (MA)";"Total";"38475"
"2109700";"Sambaíba (MA)";"Total";"5568"
"2109759";"Santa Filomena do Maranhão (MA)";"Total";"6697"
"2109809";"Santa Helena (MA)";"Total";"41561"
"2109908";"Santa Inês (MA)";"Total";"85014"
"2110005";"Santa Luzia (MA)";"Total";"57635"
"2110039";"Santa Luzia do Paruá (MA)";"Total";"24307"
"2110104";"Santa Quitéria do Maranhão (MA)";"Total";"23957"
"2110203";"Santa Rita (MA)";"Total";"37035"
"2110237";"Santana do Maranhão (MA)";"Total";"10567"
"2110278";"Santo Amaro do Maranhão (MA)";"Total";"13949"
"2110302";"Santo Antônio dos Lopes (MA)";"Total";"14304"
"2110401";"São Benedito do Rio Preto (MA)";"Total";"18364"
"2110500";"São Bento (MA)";"Total";"46395"
"2110609";"São Bernardo (MA)";"Total";"26943"
"2110658";"São Domingos do Azeitão (MA)";"Total";"7992"
"2110708";"São Domingos do Maranhão (MA)";"Total";"34034"
"2110807";"São Félix de Balsas (MA)";"Total";"4402"
"2110856";"São Francisco do Brejão (MA)";"Total";"9051"
"2110906";"São Francisco do Maranhão (MA)";"Total";"12064"
"2111003";"São João Batista (MA)";"Total";"18544"
"2111029";"São João do Carú (MA)";"Total";"12251"
"2111052";"São João do Paraíso (MA)";"Total";"9904"
"2111078";"São João do Soter (MA)";"Total";"16889"
"2111102";"São João dos Patos (MA)";"Total";"25020"
"2111201";"São José de Ribamar (MA)";"Total";"244579"
"2111250";"São José dos Basílios (MA)";"Total";"6957"
"2111300";"São Luís (MA)";"Total";"1037775"
"2111409";"São Luís Gonzaga do Maranhão (MA)";"Total";"17818"
"2111508";"São Mateus do Maranhão (MA)";"Total";"38829"
"2111532";"São Pedro da Água Branca (MA)";"Total";"14338"
"2111573";"São Pedro dos Crentes (MA)";"Total";"5783"
"2111607";"São Raimundo das Mangabeiras (MA)";"Total";"18672"
"2111631";"São Raimundo do Doca Bezerra (MA)";"Total";"5650"
"2111672";"São Roberto (MA)";"Total";"4544"
"2111706";"São Vicente Ferrer (MA)";"Total";"19498"
"2111722";"Satubinha (MA)";"Total";"8784"
"2111748";"Senador Alexandre Costa (MA)";"Total";"10207"
"2111763";"Senador La Rocque (MA)";"Total";"14700"
"2111789";"Serrano do Maranhão (MA)";"Total";"10202"
"2111805";"Sítio Novo (MA)";"Total";"17074"
"2111904";"Sucupira do Norte (MA)";"Total";"10238"
"2111953";"Sucupira do Riachão (MA)";"Total";"4985"
"2112001";"Tasso Fragoso (MA)";"Total";"8862"
"2112100";"Timbiras (MA)";"Total";"26484"
"2112209";"Timon (MA)";"Total";"174465"
"2112233";"Trizidela do Vale (MA)";"Total";"22484"
"2112274";"Tufilândia (MA)";"Total";"5507"
"2112308";"Tuntum (MA)";"Total";"36251"
"2112407";"Turiaçu (MA)";"Total";"37491"
"2112456";"Turilândia (MA)";"Total";"31638"
"2112506";"Tutóia (MA)";"Total";"53356"
"2112605";"Urbano Santos (MA)";"Total";"32812"
"2112704";"Vargem Grande (MA)";"Total";"43261"
"2112803";"Viana (MA)";"Total";"51442"
"2112852";"Vila Nova dos Martírios (MA)";"Total";"10362"
"2112902";"Vitória do Mearim (MA)";"Total";"30805"
"2113009";"Vitorino Freire (MA)";"Total";"30845"
"2114007";"Zé Doca (MA)";"Total";"40801"
"2200053";"Acauã (PI)";"Total";"6420"
"2200103";"Agricolândia (PI)";"Total";"4940"
"2200202";"Água Branca (PI)";"Total";"17573"
"2200251";"Alagoinha do Piauí (PI)";"Total";"6819"
"2200277";"Alegrete do Piauí (PI)";"Total";"4634"
"2200301";"Alto Longá (PI)";"Total";"13479"
"2200400";"Altos (PI)";"Total";"47453"
"2200459";"Alvorada do Gurguéia (PI)";"Total";"5322"
"2200509";"Amarante (PI)";"Total";"17234"
"2200608";"Angical do Piauí (PI)";"Total";"6827"
"2200707";"Anísio de Abreu (PI)";"Total";"9407"
"2200806";"Antônio Almeida (PI)";"Total";"3152"
"2200905";"Aroazes (PI)";"Total";"5369"
"2200954";"Aroeiras do Itaim (PI)";"Total";"2690"
"2201002";"Arraial (PI)";"Total";"4520"
"2201051";"Assunção do Piauí (PI)";"Total";"7452"
"2201101";"Avelino Lopes (PI)";"Total";"10866"
"2201150";"Baixa Grande do Ribeiro (PI)";"Total";"13272"
"2201176";"Barra D'Alcântara (PI)";"Total";"3995"
"2201200";"Barras (PI)";"Total";"47938"
"2201309";"Barreiras do Piauí (PI)";"Total";"3264"
"2201408";"Barro Duro (PI)";"Total";"6640"
"2201507";"Batalha (PI)";"Total";"26300"
"2201556";"Bela Vista do Piauí (PI)";"Total";"4091"
"2201572";"Belém do Piauí (PI)";"Total";"3423"
"2201606";"Beneditinos (PI)";"Total";"9929"
"2201705";"Bertolínia (PI)";"Total";"5562"
"2201739";"Betânia do Piauí (PI)";"Total";"6220"
"2201770";"Boa Hora (PI)";"Total";"6902"
"2201804";"Bocaina (PI)";"Total";"4078"
"2201903";"Bom Jesus (PI)";"Total";"28796"
"2201919";"Bom Princípio do Piauí (PI)";"Total";"5636"
"2201929";"Bonfim do Piauí (PI)";"Total";"5913"
"2201945";"Boqueirão do Piauí (PI)";"Total";"6545"
"2201960";"Brasileira (PI)";"Total";"8436"
"2201988";"Brejo do Piauí (PI)";"Total";"3904"
"2202000";"Buriti dos Lopes (PI)";"Total";"19654"
"2202026";"Buriti dos Montes (PI)";"Total";"7434"
"2202059";"Cabeceiras do Piauí (PI)";"Total";"10212"
"2202075";"Cajazeiras do Piauí (PI)";"Total";"3108"
"2202083";"Cajueiro da Praia (PI)";"Total";"7957"
"2202091";"Caldeirão Grande do Piauí (PI)";"Total";"5503"
"2202109";"Campinas do Piauí (PI)";"Total";"4938"
"2202117";"Campo Alegre do Fidalgo (PI)";"Total";"4616"
"2202133";"Campo Grande do Piauí (PI)";"Total";"6020"
"2202174";"Campo Largo do Piauí (PI)";"Total";"7419"
"2202208";"Campo Maior (PI)";"Total";"45793"
"2202251";"Canavieira (PI)";"Total";"3414"
"2202307";"Canto do Buriti (PI)";"Total";"19365"
"2202406";"Capitão de Campos (PI)";"Total";"11100"
"2202455";"Capitão Gervásio Oliveira (PI)";"Total";"3974"
"2202505";"Caracol (PI)";"Total";"10318"
"2202539";"Caraúbas do Piauí (PI)";"Total";"5630"
"2202554";"Caridade do Piauí (PI)";"Total";"5033"
"2202604";"Castelo do Piauí (PI)";"Total";"19288"
"2202653";"Caxingó (PI)";"Total";"5496"
"2202703";"Cocal (PI)";"Total";"28212"
"2202711";"Cocal de Telha (PI)";"Total";"4911"
"2202729";"Cocal dos Alves (PI)";"Total";"6386"
"2202737";"Coivaras (PI)";"Total";"4117"
"2202752";"Colônia do Gurguéia (PI)";"Total";"6150"
"2202778";"Colônia do Piauí (PI)";"Total";"6994"
"2202802";"Conceição do Canindé (PI)";"Total";"4932"
"2202851";"Coronel José Dias (PI)";"Total";"4250"
"2202901";"Corrente (PI)";"Total";"27278"
"2203008";"Cristalândia do Piauí (PI)";"Total";"7356"
"2203107";"Cristino Castro (PI)";"Total";"10503"
"2203206";"Curimatá (PI)";"Total";"11270"
"2203230";"Currais (PI)";"Total";"4854"
"2203255";"Curralinhos (PI)";"Total";"4413"
"2203271";"Curral Novo do Piauí (PI)";"Total";"5073"
"2203305";"Demerval Lobão (PI)";"Total";"16352"
"2203354";"Dirceu Arcoverde (PI)";"Total";"7054"
"2203404";"Dom Expedito Lopes (PI)";"Total";"6320"
"2203420";"Domingos Mourão (PI)";"Total";"4075"
"2203453";"Dom Inocêncio (PI)";"Total";"9159"
"2203503";"Elesbão Veloso (PI)";"Total";"13607"
"2203602";"Eliseu Martins (PI)";"Total";"4377"
"2203701";"Esperantina (PI)";"Total";"40970"
"2203750";"Fartura do Piauí (PI)";"Total";"5284"
"2203800";"Flores do Piauí (PI)";"Total";"4414"
"2203859";"Floresta do Piauí (PI)";"Total";"2333"
"2203909";"Floriano (PI)";"Total";"62036"
"2204006";"Francinópolis (PI)";"Total";"4505"
"2204105";"Francisco Ayres (PI)";"Total";"4412"
"2204154";"Francisco Macedo (PI)";"Total";"2929"
"2204204";"Francisco Santos (PI)";"Total";"8237"
"2204303";"Fronteiras (PI)";"Total";"10259"
"2204352";"Geminiano (PI)";"Total";"5445"
"2204402";"Gilbués (PI)";"Total";"10892"
"2204501";"Guadalupe (PI)";"Total";"10270"
"2204550";"Guaribas (PI)";"Total";"4276"
"2204600";"Hugo Napoleão (PI)";"Total";"3518"
"2204659";"Ilha Grande (PI)";"Total";"9274"
"2204709";"Inhuma (PI)";"Total";"14958"
"2204808";"Ipiranga do Piauí (PI)";"Total";"9420"
"2204907";"Isaías Coelho (PI)";"Total";"7774"
"2205003";"Itainópolis (PI)";"Total";"10790"
"2205102";"Itaueira (PI)";"Total";"10323"
"2205151";"Jacobina do Piauí (PI)";"Total";"5613"
"2205201";"Jaicós (PI)";"Total";"17527"
"2205250";"Jardim do Mulato (PI)";"Total";"4180"
"2205276";"Jatobá do Piauí (PI)";"Total";"4494"
"2205300";"Jerumenha (PI)";"Total";"4497"
"2205359";"João Costa (PI)";"Total";"2970"
"2205409";"Joaquim Pires (PI)";"Total";"13886"
"2205458";"Joca Marques (PI)";"Total";"5394"
"2205508";"José de Freitas (PI)";"Total";"42559"
"2205516";"Juazeiro do Piauí (PI)";"Total";"5214"
"2205524";"Júlio Borges (PI)";"Total";"5388"
"2205532";"Jurema (PI)";"Total";"4425"
"2205540";"Lagoinha do Piauí (PI)";"Total";"2939"
"2205557";"Lagoa Alegre (PI)";"Total";"8256"
"2205565";"Lagoa do Barro do Piauí (PI)";"Total";"4995"
"2205573";"Lagoa de São Francisco (PI)";"Total";"6331"
"2205581";"Lagoa do Piauí (PI)";"Total";"4810"
"2205599";"Lagoa do Sítio (PI)";"Total";"4520"
"2205607";"Landri Sales (PI)";"Total";"5213"
"2205706";"Luís Correia (PI)";"Total";"30641"
"2205805";"Luzilândia (PI)";"Total";"25375"
"2205854";"Madeiro (PI)";"Total";"8032"
"2205904";"Manoel Emídio (PI)";"Total";"5209"
"2205953";"Marcolândia (PI)";"Total";"8533"
"2206001";"Marcos Parente (PI)";"Total";"4724"
"2206050";"Massapê do Piauí (PI)";"Total";"5218"
"2206100";"Matias Olímpio (PI)";"Total";"10641"
"2206209";"Miguel Alves (PI)";"Total";"32150"
"2206308";"Miguel Leão (PI)";"Total";"1318"
"2206357";"Milton Brandão (PI)";"Total";"6542"
"2206407";"Monsenhor Gil (PI)";"Total";"10255"
"2206506";"Monsenhor Hipólito (PI)";"Total";"7577"
"2206605";"Monte Alegre do Piauí (PI)";"Total";"10660"
"2206654";"Morro Cabeça no Tempo (PI)";"Total";"4377"
"2206670";"Morro do Chapéu do Piauí (PI)";"Total";"6425"
"2206696";"Murici dos Portelas (PI)";"Total";"9797"
"2206704";"Nazaré do Piauí (PI)";"Total";"6665"
"2206720";"Nazária (PI)";"Total";"10262"
"2206753";"Nossa Senhora de Nazaré (PI)";"Total";"5228"
"2206803";"Nossa Senhora dos Remédios (PI)";"Total";"8525"
"2206902";"Novo Oriente do Piauí (PI)";"Total";"6097"
"2206951";"Novo Santo Antônio (PI)";"Total";"2827"
"2207009";"Oeiras (PI)";"Total";"38161"
"2207108";"Olho D'Água do Piauí (PI)";"Total";"2637"
"2207207";"Padre Marcos (PI)";"Total";"6382"
"2207306";"Paes Landim (PI)";"Total";"4088"
"2207355";"Pajeú do Piauí (PI)";"Total";"3000"
"2207405";"Palmeira do Piauí (PI)";"Total";"4952"
"2207504";"Palmeirais (PI)";"Total";"13264"
"2207553";"Paquetá (PI)";"Total";"3813"
"2207603";"Parnaguá (PI)";"Total";"10103"
"2207702";"Parnaíba (PI)";"Total";"162159"
"2207751";"Passagem Franca do Piauí (PI)";"Total";"4135"
"2207777";"Patos do Piauí (PI)";"Total";"5425"
"2207793";"Pau D'Arco do Piauí (PI)";"Total";"3880"
"2207801";"Paulistana (PI)";"Total";"21055"
"2207850";"Pavussu (PI)";"Total";"3628"
"2207900";"Pedro II (PI)";"Total";"37894"
"2207934";"Pedro Laurentino (PI)";"Total";"2458"
"2207959";"Nova Santa Rita (PI)";"Total";"4076"
"2208007";"Picos (PI)";"Total";"83090"
"2208106";"Pimenteiras (PI)";"Total";"11341"
"2208205";"Pio IX (PI)";"Total";"17613"
"2208304";"Piracuruca (PI)";"Total";"28846"
"2208403";"Piripiri (PI)";"Total";"65538"
"2208502";"Porto (PI)";"Total";"12052"
"2208551";"Porto Alegre do Piauí (PI)";"Total";"2364"
"2208601";"Prata do Piauí (PI)";"Total";"3042"
"2208650";"Queimada Nova (PI)";"Total";"8738"
"2208700";"Redenção do Gurguéia (PI)";"Total";"8394"
"2208809";"Regeneração (PI)";"Total";"17133"
"2208858";"Riacho Frio (PI)";"Total";"4165"
"2208874";"Ribeira do Piauí (PI)";"Total";"4055"
"2208908";"Ribeiro Gonçalves (PI)";"Total";"6164"
"2209005";"Rio Grande do Piauí (PI)";"Total";"5801"
"2209104";"Santa Cruz do Piauí (PI)";"Total";"5831"
"2209153";"Santa Cruz dos Milagres (PI)";"Total";"3435"
"2209203";"Santa Filomena (PI)";"Total";"6087"
"2209302";"Santa Luz (PI)";"Total";"5336"
"2209351";"Santana do Piauí (PI)";"Total";"4125"
"2209377";"Santa Rosa do Piauí (PI)";"Total";"4650"
"2209401";"Santo Antônio de Lisboa (PI)";"Total";"5839"
"2209450";"Santo Antônio dos Milagres (PI)";"Total";"2138"
"2209500";"Santo Inácio do Piauí (PI)";"Total";"3646"
"2209559";"São Braz do Piauí (PI)";"Total";"4358"
"2209609";"São Félix do Piauí (PI)";"Total";"2842"
"2209658";"São Francisco de Assis do Piauí (PI)";"Total";"5572"
"2209708";"São Francisco do Piauí (PI)";"Total";"5392"
"2209757";"São Gonçalo do Gurguéia (PI)";"Total";"2947"
"2209807";"São Gonçalo do Piauí (PI)";"Total";"4837"
"2209856";"São João da Canabrava (PI)";"Total";"4242"
"2209872";"São João da Fronteira (PI)";"Total";"5522"
"2209906";"São João da Serra (PI)";"Total";"6114"
"2209955";"São João da Varjota (PI)";"Total";"4383"
"2209971";"São João do Arraial (PI)";"Total";"8186"
"2210003";"São João do Piauí (PI)";"Total";"21421"
"2210052";"São José do Divino (PI)";"Total";"4841"
"2210102";"São José do Peixe (PI)";"Total";"3297"
"2210201";"São José do Piauí (PI)";"Total";"6597"
"2210300";"São Julião (PI)";"Total";"6025"
"2210359";"São Lourenço do Piauí (PI)";"Total";"4410"
"2210375";"São Luis do Piauí (PI)";"Total";"2309"
"2210383";"São Miguel da Baixa Grande (PI)";"Total";"2269"
"2210391";"São Miguel do Fidalgo (PI)";"Total";"2829"
"2210409";"São Miguel do Tapuio (PI)";"Total";"17554"
"2210508";"São Pedro do Piauí (PI)";"Total";"13755"
"2210607";"São Raimundo Nonato (PI)";"Total";"38934"
"2210623";"Sebastião Barros (PI)";"Total";"3202"
"2210631";"Sebastião Leal (PI)";"Total";"4446"
"2210656";"Sigefredo Pacheco (PI)";"Total";"9460"
"2210706";"Simões (PI)";"Total";"14350"
"2210805";"Simplício Mendes (PI)";"Total";"13870"
"2210904";"Socorro do Piauí (PI)";"Total";"4141"
"2210938";"Sussuapara (PI)";"Total";"6220"
"2210953";"Tamboril do Piauí (PI)";"Total";"2949"
"2210979";"Tanque do Piauí (PI)";"Total";"2316"
"2211001";"Teresina (PI)";"Total";"866300"
"2211100";"União (PI)";"Total";"46119"
"2211209";"Uruçuí (PI)";"Total";"25203"
"2211308";"Valença do Piauí (PI)";"Total";"22279"
"2211357";"Várzea Branca (PI)";"Total";"5055"
"2211407";"Várzea Grande (PI)";"Total";"4417"
"2211506";"Vera Mendes (PI)";"Total";"3185"
"2211605";"Vila Nova do Piauí (PI)";"Total";"2935"
"2211704";"Wall Ferraz (PI)";"Total";"4059"
"2300101";"Abaiara (CE)";"Total";"10038"
"2300150";"Acarape (CE)";"Total";"14027"
"2300200";"Acaraú (CE)";"Total";"65264"
"2300309";"Acopiara (CE)";"Total";"44962"
"2300408";"Aiuaba (CE)";"Total";"14076"
"2300507";"Alcântaras (CE)";"Total";"11369"
"2300606";"Altaneira (CE)";"Total";"6782"
"2300705";"Alto Santo (CE)";"Total";"14155"
"2300754";"Amontada (CE)";"Total";"42156"
"2300804";"Antonina do Norte (CE)";"Total";"7245"
"2300903";"Apuiarés (CE)";"Total";"12928"
"2301000";"Aquiraz (CE)";"Total";"80645"
"2301109";"Aracati (CE)";"Total";"75113"
"2301208";"Aracoiaba (CE)";"Total";"25553"
"2301257";"Ararendá (CE)";"Total";"11096"
"2301307";"Araripe (CE)";"Total";"19783"
"2301406";"Aratuba (CE)";"Total";"11224"
"2301505";"Arneiroz (CE)";"Total";"7429"
"2301604";"Assaré (CE)";"Total";"21697"
"2301703";"Aurora (CE)";"Total";"23714"
"2301802";"Baixio (CE)";"Total";"5704"
"2301851";"Banabuiú (CE)";"Total";"17195"
"2301901";"Barbalha (CE)";"Total";"75033"
"2301950";"Barreira (CE)";"Total";"22392"
"2302008";"Barro (CE)";"Total";"19381"
"2302057";"Barroquinha (CE)";"Total";"14567"
"2302107";"Baturité (CE)";"Total";"35218"
"2302206";"Beberibe (CE)";"Total";"53114"
"2302305";"Bela Cruz (CE)";"Total";"32775"
"2302404";"Boa Viagem (CE)";"Total";"50411"
"2302503";"Brejo Santo (CE)";"Total";"51090"
"2302602";"Camocim (CE)";"Total";"62326"
"2302701";"Campos Sales (CE)";"Total";"25135"
"2302800";"Canindé (CE)";"Total";"74174"
"2302909";"Capistrano (CE)";"Total";"17254"
"2303006";"Caridade (CE)";"Total";"16377"
"2303105";"Cariré (CE)";"Total";"17632"
"2303204";"Caririaçu (CE)";"Total";"26320"
"2303303";"Cariús (CE)";"Total";"17015"
"2303402";"Carnaubal (CE)";"Total";"17210"
"2303501";"Cascavel (CE)";"Total";"72720"
"2303600";"Catarina (CE)";"Total";"10243"
"2303659";"Catunda (CE)";"Total";"10444"
"2303709";"Caucaia (CE)";"Total";"355679"
"2303808";"Cedro (CE)";"Total";"22344"
"2303907";"Chaval (CE)";"Total";"12462"
"2303931";"Choró (CE)";"Total";"12113"
"2303956";"Chorozinho (CE)";"Total";"20163"
"2304004";"Coreaú (CE)";"Total";"20953"
"2304103";"Crateús (CE)";"Total";"76390"
"2304202";"Crato (CE)";"Total";"131050"
"2304236";"Croatá (CE)";"Total";"17481"
"2304251";"Cruz (CE)";"Total";"29761"
"2304269";"Deputado Irapuan Pinheiro (CE)";"Total";"8932"
"2304277";"Ereré (CE)";"Total";"6474"
"2304285";"Eusébio (CE)";"Total";"74170"
"2304301";"Farias Brito (CE)";"Total";"18217"
"2304350";"Forquilha (CE)";"Total";"24173"
"2304400";"Fortaleza (CE)";"Total";"2428708"
"2304459";"Fortim (CE)";"Total";"17294"
"2304509";"Frecheirinha (CE)";"Total";"15657"
"2304608";"General Sampaio (CE)";"Total";"6734"
"2304657";"Graça (CE)";"Total";"13801"
"2304707";"Granja (CE)";"Total";"53344"
"2304806";"Granjeiro (CE)";"Total";"4841"
"2304905";"Groaíras (CE)";"Total";"10910"
"2304954";"Guaiúba (CE)";"Total";"24325"
"2305001";"Guaraciaba do Norte (CE)";"Total";"42053"
"2305100";"Guaramiranga (CE)";"Total";"5654"
"2305209";"Hidrolândia (CE)";"Total";"17855"
"2305233";"Horizonte (CE)";"Total";"74755"
"2305266";"Ibaretama (CE)";"Total";"11956"
"2305308";"Ibiapina (CE)";"Total";"23965"
"2305332";"Ibicuitinga (CE)";"Total";"11611"
"2305357";"Icapuí (CE)";"Total";"21433"
"2305407";"Icó (CE)";"Total";"62642"
"2305506";"Iguatu (CE)";"Total";"98064"
"2305605";"Independência (CE)";"Total";"24024"
"2305654";"Ipaporanga (CE)";"Total";"11575"
"2305704";"Ipaumirim (CE)";"Total";"12083"
"2305803";"Ipu (CE)";"Total";"41081"
"2305902";"Ipueiras (CE)";"Total";"36798"
"2306009";"Iracema (CE)";"Total";"14001"
"2306108";"Irauçuba (CE)";"Total";"23915"
"2306207";"Itaiçaba (CE)";"Total";"7536"
"2306256";"Itaitinga (CE)";"Total";"64650"
"2306306";"Itapajé (CE)";"Total";"46426"
"2306405";"Itapipoca (CE)";"Total";"131123"
"2306504";"Itapiúna (CE)";"Total";"17841"
"2306553";"Itarema (CE)";"Total";"42957"
"2306603";"Itatira (CE)";"Total";"20424"
"2306702";"Jaguaretama (CE)";"Total";"17232"
"2306801";"Jaguaribara (CE)";"Total";"10356"
"2306900";"Jaguaribe (CE)";"Total";"33726"
"2307007";"Jaguaruana (CE)";"Total";"31701"
"2307106";"Jardim (CE)";"Total";"27411"
"2307205";"Jati (CE)";"Total";"7861"
"2307254";"Jijoca de Jericoacoara (CE)";"Total";"25555"
"2307304";"Juazeiro do Norte (CE)";"Total";"286120"
"2307403";"Jucás (CE)";"Total";"23922"
"2307502";"Lavras da Mangabeira (CE)";"Total";"30802"
"2307601";"Limoeiro do Norte (CE)";"Total";"59560"
"2307635";"Madalena (CE)";"Total";"16896"
"2307650";"Maracanaú (CE)";"Total";"234509"
"2307700";"Maranguape (CE)";"Total";"105093"
"2307809";"Marco (CE)";"Total";"25799"
"2307908";"Martinópole (CE)";"Total";"10846"
"2308005";"Massapê (CE)";"Total";"37697"
"2308104";"Mauriti (CE)";"Total";"45561"
"2308203";"Meruoca (CE)";"Total";"15157"
"2308302";"Milagres (CE)";"Total";"25900"
"2308351";"Milhã (CE)";"Total";"14123"
"2308377";"Miraíma (CE)";"Total";"14196"
"2308401";"Missão Velha (CE)";"Total";"36822"
"2308500";"Mombaça (CE)";"Total";"37735"
"2308609";"Monsenhor Tabosa (CE)";"Total";"17149"
"2308708";"Morada Nova (CE)";"Total";"61443"
"2308807";"Moraújo (CE)";"Total";"8254"
"2308906";"Morrinhos (CE)";"Total";"22753"
"2309003";"Mucambo (CE)";"Total";"13666"
"2309102";"Mulungu (CE)";"Total";"10569"
"2309201";"Nova Olinda (CE)";"Total";"15399"
"2309300";"Nova Russas (CE)";"Total";"30699"
"2309409";"Novo Oriente (CE)";"Total";"27545"
"2309458";"Ocara (CE)";"Total";"24493"
"2309508";"Orós (CE)";"Total";"19675"
"2309607";"Pacajus (CE)";"Total";"70983"
"2309706";"Pacatuba (CE)";"Total";"81524"
"2309805";"Pacoti (CE)";"Total";"11186"
"2309904";"Pacujá (CE)";"Total";"6175"
"2310001";"Palhano (CE)";"Total";"9346"
"2310100";"Palmácia (CE)";"Total";"10242"
"2310209";"Paracuru (CE)";"Total";"38980"
"2310258";"Paraipaba (CE)";"Total";"32216"
"2310308";"Parambu (CE)";"Total";"31445"
"2310407";"Paramoti (CE)";"Total";"10384"
"2310506";"Pedra Branca (CE)";"Total";"40187"
"2310605";"Penaforte (CE)";"Total";"8972"
"2310704";"Pentecoste (CE)";"Total";"37813"
"2310803";"Pereiro (CE)";"Total";"15274"
"2310852";"Pindoretama (CE)";"Total";"23391"
"2310902";"Piquet Carneiro (CE)";"Total";"16616"
"2310951";"Pires Ferreira (CE)";"Total";"10606"
"2311009";"Poranga (CE)";"Total";"12065"
"2311108";"Porteiras (CE)";"Total";"17050"
"2311207";"Potengi (CE)";"Total";"8833"
"2311231";"Potiretama (CE)";"Total";"5974"
"2311264";"Quiterianópolis (CE)";"Total";"20213"
"2311306";"Quixadá (CE)";"Total";"84168"
"2311355";"Quixelô (CE)";"Total";"15910"
"2311405";"Quixeramobim (CE)";"Total";"82177"
"2311504";"Quixeré (CE)";"Total";"20874"
"2311603";"Redenção (CE)";"Total";"27214"
"2311702";"Reriutaba (CE)";"Total";"18606"
"2311801";"Russas (CE)";"Total";"72928"
"2311900";"Saboeiro (CE)";"Total";"13854"
"2311959";"Salitre (CE)";"Total";"16633"
"2312007";"Santana do Acaraú (CE)";"Total";"30628"
"2312106";"Santana do Cariri (CE)";"Total";"16954"
"2312205";"Santa Quitéria (CE)";"Total";"40183"
"2312304";"São Benedito (CE)";"Total";"47640"
"2312403";"São Gonçalo do Amarante (CE)";"Total";"54143"
"2312502";"São João do Jaguaribe (CE)";"Total";"5855"
"2312601";"São Luís do Curu (CE)";"Total";"10822"
"2312700";"Senador Pompeu (CE)";"Total";"24266"
"2312809";"Senador Sá (CE)";"Total";"7262"
"2312908";"Sobral (CE)";"Total";"203023"
"2313005";"Solonópole (CE)";"Total";"18179"
"2313104";"Tabuleiro do Norte (CE)";"Total";"30652"
"2313203";"Tamboril (CE)";"Total";"24815"
"2313252";"Tarrafas (CE)";"Total";"7529"
"2313302";"Tauá (CE)";"Total";"61227"
"2313351";"Tejuçuoca (CE)";"Total";"17154"
"2313401";"Tianguá (CE)";"Total";"81506"
"2313500";"Trairi (CE)";"Total";"58415"
"2313559";"Tururu (CE)";"Total";"15412"
"2313609";"Ubajara (CE)";"Total";"32767"
"2313708";"Umari (CE)";"Total";"6871"
"2313757";"Umirim (CE)";"Total";"17470"
"2313807";"Uruburetama (CE)";"Total";"20189"
"2313906";"Uruoca (CE)";"Total";"13746"
"2313955";"Varjota (CE)";"Total";"18105"
"2314003";"Várzea Alegre (CE)";"Total";"38984"
"2314102";"Viçosa do Ceará (CE)";"Total";"59712"
"2400109";"Acari (RN)";"Total";"10597"
"2400208";"Açu (RN)";"Total";"56496"
"2400307";"Afonso Bezerra (RN)";"Total";"10839"
"2400406";"Água Nova (RN)";"Total";"2946"
"2400505";"Alexandria (RN)";"Total";"13640"
"2400604";"Almino Afonso (RN)";"Total";"4687"
"2400703";"Alto do Rodrigues (RN)";"Total";"12484"
"2400802";"Angicos (RN)";"Total";"11632"
"2400901";"Antônio Martins (RN)";"Total";"6577"
"2401008";"Apodi (RN)";"Total";"36093"
"2401107";"Areia Branca (RN)";"Total";"24093"
"2401206";"Arês (RN)";"Total";"13251"
"2401305";"Campo Grande (RN)";"Total";"9730"
"2401404";"Baía Formosa (RN)";"Total";"8825"
"2401453";"Baraúna (RN)";"Total";"26913"
"2401503";"Barcelona (RN)";"Total";"3986"
"2401602";"Bento Fernandes (RN)";"Total";"4807"
"2401651";"Bodó (RN)";"Total";"2306"
"2401701";"Bom Jesus (RN)";"Total";"9952"
"2401800";"Brejinho (RN)";"Total";"12202"
"2401859";"Caiçara do Norte (RN)";"Total";"6293"
"2401909";"Caiçara do Rio do Vento (RN)";"Total";"3268"
"2402006";"Caicó (RN)";"Total";"61146"
"2402105";"Campo Redondo (RN)";"Total";"10215"
"2402204";"Canguaretama (RN)";"Total";"29668"
"2402303";"Caraúbas (RN)";"Total";"19727"
"2402402";"Carnaúba dos Dantas (RN)";"Total";"7992"
"2402501";"Carnaubais (RN)";"Total";"9714"
"2402600";"Ceará-Mirim (RN)";"Total";"79115"
"2402709";"Cerro Corá (RN)";"Total";"11000"
"2402808";"Coronel Ezequiel (RN)";"Total";"5117"
"2402907";"Coronel João Pessoa (RN)";"Total";"4237"
"2403004";"Cruzeta (RN)";"Total";"8005"
"2403103";"Currais Novos (RN)";"Total";"41313"
"2403202";"Doutor Severiano (RN)";"Total";"7044"
"2403251";"Parnamirim (RN)";"Total";"252716"
"2403301";"Encanto (RN)";"Total";"6016"
"2403400";"Equador (RN)";"Total";"5360"
"2403509";"Espírito Santo (RN)";"Total";"10620"
"2403608";"Extremoz (RN)";"Total";"61635"
"2403707";"Felipe Guerra (RN)";"Total";"5944"
"2403756";"Fernando Pedroza (RN)";"Total";"2938"
"2403806";"Florânia (RN)";"Total";"10196"
"2403905";"Francisco Dantas (RN)";"Total";"2700"
"2404002";"Frutuoso Gomes (RN)";"Total";"4122"
"2404101";"Galinhos (RN)";"Total";"2104"
"2404200";"Goianinha (RN)";"Total";"26741"
"2404309";"Governador Dix-Sept Rosado (RN)";"Total";"11938"
"2404408";"Grossos (RN)";"Total";"9924"
"2404507";"Guamaré (RN)";"Total";"15295"
"2404606";"Ielmo Marinho (RN)";"Total";"11615"
"2404705";"Ipanguaçu (RN)";"Total";"14131"
"2404804";"Ipueira (RN)";"Total";"2035"
"2404853";"Itajá (RN)";"Total";"7292"
"2404903";"Itaú (RN)";"Total";"5320"
"2405009";"Jaçanã (RN)";"Total";"7834"
"2405108";"Jandaíra (RN)";"Total";"6562"
"2405207";"Janduís (RN)";"Total";"4746"
"2405306";"Januário Cicco (RN)";"Total";"9051"
"2405405";"Japi (RN)";"Total";"5117"
"2405504";"Jardim de Angicos (RN)";"Total";"2437"
"2405603";"Jardim de Piranhas (RN)";"Total";"13977"
"2405702";"Jardim do Seridó (RN)";"Total";"11655"
"2405801";"João Câmara (RN)";"Total";"33290"
"2405900";"João Dias (RN)";"Total";"2076"
"2406007";"José da Penha (RN)";"Total";"5803"
"2406106";"Jucurutu (RN)";"Total";"17793"
"2406155";"Jundiá (RN)";"Total";"3739"
"2406205";"Lagoa d'Anta (RN)";"Total";"6654"
"2406304";"Lagoa de Pedras (RN)";"Total";"7338"
"2406403";"Lagoa de Velhos (RN)";"Total";"2567"
"2406502";"Lagoa Nova (RN)";"Total";"15573"
"2406601";"Lagoa Salgada (RN)";"Total";"8319"
"2406700";"Lajes (RN)";"Total";"9866"
"2406809";"Lajes Pintadas (RN)";"Total";"4787"
"2406908";"Lucrécia (RN)";"Total";"3490"
"2407005";"Luís Gomes (RN)";"Total";"9070"
"2407104";"Macaíba (RN)";"Total";"82249"
"2407203";"Macau (RN)";"Total";"27369"
"2407252";"Major Sales (RN)";"Total";"3924"
"2407302";"Marcelino Vieira (RN)";"Total";"7896"
"2407401";"Martins (RN)";"Total";"8179"
"2407500";"Maxaranguape (RN)";"Total";"10255"
"2407609";"Messias Targino (RN)";"Total";"4274"
"2407708";"Montanhas (RN)";"Total";"11444"
"2407807";"Monte Alegre (RN)";"Total";"23031"
"2407906";"Monte das Gameleiras (RN)";"Total";"2276"
"2408003";"Mossoró (RN)";"Total";"264577"
"2408102";"Natal (RN)";"Total";"751300"
"2408201";"Nísia Floresta (RN)";"Total";"31942"
"2408300";"Nova Cruz (RN)";"Total";"34269"
"2408409";"Olho d'Água do Borges (RN)";"Total";"3905"
"2408508";"Ouro Branco (RN)";"Total";"4913"
"2408607";"Paraná (RN)";"Total";"3934"
"2408706";"Paraú (RN)";"Total";"3579"
"2408805";"Parazinho (RN)";"Total";"4801"
"2408904";"Parelhas (RN)";"Total";"21499"
"2408953";"Rio do Fogo (RN)";"Total";"10351"
"2409100";"Passa e Fica (RN)";"Total";"10896"
"2409209";"Passagem (RN)";"Total";"3115"
"2409308";"Patu (RN)";"Total";"11007"
"2409332";"Santa Maria (RN)";"Total";"4847"
"2409407";"Pau dos Ferros (RN)";"Total";"30479"
"2409506";"Pedra Grande (RN)";"Total";"3618"
"2409605";"Pedra Preta (RN)";"Total";"2441"
"2409704";"Pedro Avelino (RN)";"Total";"6242"
"2409803";"Pedro Velho (RN)";"Total";"13824"
"2409902";"Pendências (RN)";"Total";"12278"
"2410009";"Pilões (RN)";"Total";"2965"
"2410108";"Poço Branco (RN)";"Total";"12390"
"2410207";"Portalegre (RN)";"Total";"7601"
"2410256";"Porto do Mangue (RN)";"Total";"5228"
"2410306";"Serra Caiada (RN)";"Total";"10125"
"2410405";"Pureza (RN)";"Total";"9362"
"2410504";"Rafael Fernandes (RN)";"Total";"5432"
"2410603";"Rafael Godeiro (RN)";"Total";"2934"
"2410702";"Riacho da Cruz (RN)";"Total";"2701"
"2410801";"Riacho de Santana (RN)";"Total";"4127"
"2410900";"Riachuelo (RN)";"Total";"7389"
"2411007";"Rodolfo Fernandes (RN)";"Total";"4242"
"2411056";"Tibau (RN)";"Total";"5382"
"2411106";"Ruy Barbosa (RN)";"Total";"3206"
"2411205";"Santa Cruz (RN)";"Total";"37313"
"2411403";"Santana do Matos (RN)";"Total";"12456"
"2411429";"Santana do Seridó (RN)";"Total";"2696"
"2411502";"Santo Antônio (RN)";"Total";"22177"
"2411601";"São Bento do Norte (RN)";"Total";"3304"
"2411700";"São Bento do Trairí (RN)";"Total";"3792"
"2411809";"São Fernando (RN)";"Total";"3492"
"2411908";"São Francisco do Oeste (RN)";"Total";"4161"
"2412005";"São Gonçalo do Amarante (RN)";"Total";"115838"
"2412104";"São João do Sabugi (RN)";"Total";"5956"
"2412203";"São José de Mipibu (RN)";"Total";"47286"
"2412302";"São José do Campestre (RN)";"Total";"11121"
"2412401";"São José do Seridó (RN)";"Total";"4558"
"2412500";"São Miguel (RN)";"Total";"23537"
"2412559";"São Miguel do Gostoso (RN)";"Total";"10221"
"2412609";"São Paulo do Potengi (RN)";"Total";"16786"
"2412708";"São Pedro (RN)";"Total";"5776"
"2412807";"São Rafael (RN)";"Total";"7711"
"2412906";"São Tomé (RN)";"Total";"9972"
"2413003";"São Vicente (RN)";"Total";"6310"
"2413102";"Senador Elói de Souza (RN)";"Total";"5965"
"2413201";"Senador Georgino Avelino (RN)";"Total";"4065"
"2413300";"Serra de São Bento (RN)";"Total";"5703"
"2413359";"Serra do Mel (RN)";"Total";"13091"
"2413409";"Serra Negra do Norte (RN)";"Total";"7597"
"2413508";"Serrinha (RN)";"Total";"6436"
"2413557";"Serrinha dos Pintos (RN)";"Total";"4659"
"2413607";"Severiano Melo (RN)";"Total";"5487"
"2413706";"Sítio Novo (RN)";"Total";"4654"
"2413805";"Taboleiro Grande (RN)";"Total";"2338"
"2413904";"Taipu (RN)";"Total";"11422"
"2414001";"Tangará (RN)";"Total";"13281"
"2414100";"Tenente Ananias (RN)";"Total";"10262"
"2414159";"Tenente Laurentino Cruz (RN)";"Total";"5891"
"2414209";"Tibau do Sul (RN)";"Total";"16929"
"2414308";"Timbaúba dos Batistas (RN)";"Total";"2348"
"2414407";"Touros (RN)";"Total";"33035"
"2414456";"Triunfo Potiguar (RN)";"Total";"3376"
"2414506";"Umarizal (RN)";"Total";"10078"
"2414605";"Upanema (RN)";"Total";"13577"
"2414704";"Várzea (RN)";"Total";"5233"
"2414753";"Venha-Ver (RN)";"Total";"3014"
"2414803";"Vera Cruz (RN)";"Total";"10735"
"2414902";"Viçosa (RN)";"Total";"1822"
"2415008";"Vila Flor (RN)";"Total";"3174"
"2500106";"Água Branca (PB)";"Total";"9335"
"2500205";"Aguiar (PB)";"Total";"5003"
"2500304";"Alagoa Grande (PB)";"Total";"26062"
"2500403";"Alagoa Nova (PB)";"Total";"21013"
"2500502";"Alagoinha (PB)";"Total";"13725"
"2500536";"Alcantil (PB)";"Total";"5578"
"2500577";"Algodão de Jandaíra (PB)";"Total";"2953"
"2500601";"Alhandra (PB)";"Total";"21730"
"2500700";"São João do Rio do Peixe (PB)";"Total";"17964"
"2500734";"Amparo (PB)";"Total";"2234"
"2500775";"Aparecida (PB)";"Total";"7960"
"2500809";"Araçagi (PB)";"Total";"16646"
"2500908";"Arara (PB)";"Total";"12212"
"2501005";"Araruna (PB)";"Total";"17189"
"2501104";"Areia (PB)";"Total";"22633"
"2501153";"Areia de Baraúnas (PB)";"Total";"2005"
"2501203";"Areial (PB)";"Total";"7128"
"2501302";"Aroeiras (PB)";"Total";"18705"
"2501351";"Assunção (PB)";"Total";"4152"
"2501401";"Baía da Traição (PB)";"Total";"9224"
"2501500";"Bananeiras (PB)";"Total";"23134"
"2501534";"Baraúna (PB)";"Total";"4762"
"2501575";"Barra de Santana (PB)";"Total";"8059"
"2501609";"Barra de Santa Rosa (PB)";"Total";"12904"
"2501708";"Barra de São Miguel (PB)";"Total";"5906"
"2501807";"Bayeux (PB)";"Total";"82742"
"2501906";"Belém (PB)";"Total";"16401"
"2502003";"Belém do Brejo do Cruz (PB)";"Total";"6268"
"2502052";"Bernardino Batista (PB)";"Total";"3504"
"2502102";"Boa Ventura (PB)";"Total";"5207"
"2502151";"Boa Vista (PB)";"Total";"6377"
"2502201";"Bom Jesus (PB)";"Total";"2286"
"2502300";"Bom Sucesso (PB)";"Total";"4661"
"2502409";"Bonito de Santa Fé (PB)";"Total";"10252"
"2502508";"Boqueirão (PB)";"Total";"17598"
"2502607";"Igaracy (PB)";"Total";"5648"
"2502706";"Borborema (PB)";"Total";"4214"
"2502805";"Brejo do Cruz (PB)";"Total";"13613"
"2502904";"Brejo dos Santos (PB)";"Total";"5742"
"2503001";"Caaporã (PB)";"Total";"21193"
"2503100";"Cabaceiras (PB)";"Total";"5335"
"2503209";"Cabedelo (PB)";"Total";"66519"
"2503308";"Cachoeira dos Índios (PB)";"Total";"9151"
"2503407";"Cacimba de Areia (PB)";"Total";"3291"
"2503506";"Cacimba de Dentro (PB)";"Total";"16064"
"2503555";"Cacimbas (PB)";"Total";"7223"
"2503605";"Caiçara (PB)";"Total";"6602"
"2503704";"Cajazeiras (PB)";"Total";"63239"
"2503753";"Cajazeirinhas (PB)";"Total";"2740"
"2503803";"Caldas Brandão (PB)";"Total";"5753"
"2503902";"Camalaú (PB)";"Total";"6085"
"2504009";"Campina Grande (PB)";"Total";"419379"
"2504033";"Capim (PB)";"Total";"6970"
"2504074";"Caraúbas (PB)";"Total";"3944"
"2504108";"Carrapateira (PB)";"Total";"2312"
"2504157";"Casserengue (PB)";"Total";"6889"
"2504207";"Catingueira (PB)";"Total";"4491"
"2504306";"Catolé do Rocha (PB)";"Total";"30661"
"2504355";"Caturité (PB)";"Total";"5254"
"2504405";"Conceição (PB)";"Total";"18260"
"2504504";"Condado (PB)";"Total";"6451"
"2504603";"Conde (PB)";"Total";"27605"
"2504702";"Congo (PB)";"Total";"4933"
"2504801";"Coremas (PB)";"Total";"14683"
"2504850";"Coxixola (PB)";"Total";"1824"
"2504900";"Cruz do Espírito Santo (PB)";"Total";"17095"
"2505006";"Cubati (PB)";"Total";"7580"
"2505105";"Cuité (PB)";"Total";"19719"
"2505204";"Cuitegi (PB)";"Total";"6730"
"2505238";"Cuité de Mamanguape (PB)";"Total";"6251"
"2505279";"Curral de Cima (PB)";"Total";"5254"
"2505303";"Curral Velho (PB)";"Total";"2292"
"2505352";"Damião (PB)";"Total";"4982"
"2505402";"Desterro (PB)";"Total";"8067"
"2505501";"Vista Serrana (PB)";"Total";"3641"
"2505600";"Diamante (PB)";"Total";"6299"
"2505709";"Dona Inês (PB)";"Total";"10380"
"2505808";"Duas Estradas (PB)";"Total";"3327"
"2505907";"Emas (PB)";"Total";"3011"
"2506004";"Esperança (PB)";"Total";"31231"
"2506103";"Fagundes (PB)";"Total";"11049"
"2506202";"Frei Martinho (PB)";"Total";"2846"
"2506251";"Gado Bravo (PB)";"Total";"8179"
"2506301";"Guarabira (PB)";"Total";"57484"
"2506400";"Gurinhém (PB)";"Total";"13766"
"2506509";"Gurjão (PB)";"Total";"3242"
"2506608";"Ibiara (PB)";"Total";"5631"
"2506707";"Imaculada (PB)";"Total";"10392"
"2506806";"Ingá (PB)";"Total";"17692"
"2506905";"Itabaiana (PB)";"Total";"23182"
"2507002";"Itaporanga (PB)";"Total";"23940"
"2507101";"Itapororoca (PB)";"Total";"18382"
"2507200";"Itatuba (PB)";"Total";"10499"
"2507309";"Jacaraú (PB)";"Total";"14477"
"2507408";"Jericó (PB)";"Total";"7516"
"2507507";"João Pessoa (PB)";"Total";"833932"
"2507606";"Juarez Távora (PB)";"Total";"7796"
"2507705";"Juazeirinho (PB)";"Total";"17007"
"2507804";"Junco do Seridó (PB)";"Total";"6793"
"2507903";"Juripiranga (PB)";"Total";"10012"
"2508000";"Juru (PB)";"Total";"9234"
"2508109";"Lagoa (PB)";"Total";"4415"
"2508208";"Lagoa de Dentro (PB)";"Total";"7819"
"2508307";"Lagoa Seca (PB)";"Total";"27730"
"2508406";"Lastro (PB)";"Total";"3162"
"2508505";"Livramento (PB)";"Total";"6877"
"2508554";"Logradouro (PB)";"Total";"4797"
"2508604";"Lucena (PB)";"Total";"12560"
"2508703";"Mãe d'Água (PB)";"Total";"3583"
"2508802";"Malta (PB)";"Total";"6046"
"2508901";"Mamanguape (PB)";"Total";"44599"
"2509008";"Manaíra (PB)";"Total";"10434"
"2509057";"Marcação (PB)";"Total";"8999"
"2509107";"Mari (PB)";"Total";"21512"
"2509156";"Marizópolis (PB)";"Total";"6705"
"2509206";"Massaranduba (PB)";"Total";"14139"
"2509305";"Mataraca (PB)";"Total";"8244"
"2509339";"Matinhas (PB)";"Total";"4571"
"2509370";"Mato Grosso (PB)";"Total";"2543"
"2509396";"Maturéia (PB)";"Total";"6433"
"2509404";"Mogeiro (PB)";"Total";"13899"
"2509503";"Montadas (PB)";"Total";"5812"
"2509602";"Monte Horebe (PB)";"Total";"4338"
"2509701";"Monteiro (PB)";"Total";"32277"
"2509800";"Mulungu (PB)";"Total";"8791"
"2509909";"Natuba (PB)";"Total";"8945"
"2510006";"Nazarezinho (PB)";"Total";"7203"
"2510105";"Nova Floresta (PB)";"Total";"9724"
"2510204";"Nova Olinda (PB)";"Total";"5787"
"2510303";"Nova Palmeira (PB)";"Total";"4259"
"2510402";"Olho d'Água (PB)";"Total";"6060"
"2510501";"Olivedos (PB)";"Total";"3580"
"2510600";"Ouro Velho (PB)";"Total";"2918"
"2510659";"Parari (PB)";"Total";"1720"
"2510709";"Passagem (PB)";"Total";"2463"
"2510808";"Patos (PB)";"Total";"103165"
"2510907";"Paulista (PB)";"Total";"11834"
"2511004";"Pedra Branca (PB)";"Total";"3739"
"2511103";"Pedra Lavrada (PB)";"Total";"6859"
"2511202";"Pedras de Fogo (PB)";"Total";"29662"
"2511301";"Piancó (PB)";"Total";"16441"
"2511400";"Picuí (PB)";"Total";"18333"
"2511509";"Pilar (PB)";"Total";"12311"
"2511608";"Pilões (PB)";"Total";"6815"
"2511707";"Pilõezinhos (PB)";"Total";"5329"
"2511806";"Pirpirituba (PB)";"Total";"9340"
"2511905";"Pitimbu (PB)";"Total";"16751"
"2512002";"Pocinhos (PB)";"Total";"17469"
"2512036";"Poço Dantas (PB)";"Total";"3830"
"2512077";"Poço de José de Moura (PB)";"Total";"4006"
"2512101";"Pombal (PB)";"Total";"32473"
"2512200";"Prata (PB)";"Total";"3915"
"2512309";"Princesa Isabel (PB)";"Total";"21114"
"2512408";"Puxinanã (PB)";"Total";"14277"
"2512507";"Queimadas (PB)";"Total";"47658"
"2512606";"Quixaba (PB)";"Total";"1743"
"2512705";"Remígio (PB)";"Total";"17885"
"2512721";"Pedro Régis (PB)";"Total";"5766"
"2512747";"Riachão (PB)";"Total";"2927"
"2512754";"Riachão do Bacamarte (PB)";"Total";"4690"
"2512762";"Riachão do Poço (PB)";"Total";"4738"
"2512788";"Riacho de Santo Antônio (PB)";"Total";"1955"
"2512804";"Riacho dos Cavalos (PB)";"Total";"8493"
"2512903";"Rio Tinto (PB)";"Total";"24581"
"2513000";"Salgadinho (PB)";"Total";"3355"
"2513109";"Salgado de São Félix (PB)";"Total";"11505"
"2513158";"Santa Cecília (PB)";"Total";"7670"
"2513208";"Santa Cruz (PB)";"Total";"5947"
"2513307";"Santa Helena (PB)";"Total";"5865"
"2513356";"Santa Inês (PB)";"Total";"3227"
"2513406";"Santa Luzia (PB)";"Total";"14959"
"2513505";"Santana de Mangueira (PB)";"Total";"5010"
"2513604";"Santana dos Garrotes (PB)";"Total";"6569"
"2513653";"Joca Claudino (PB)";"Total";"2539"
"2513703";"Santa Rita (PB)";"Total";"149910"
"2513802";"Santa Teresinha (PB)";"Total";"4402"
"2513851";"Santo André (PB)";"Total";"2622"
"2513901";"São Bento (PB)";"Total";"32235"
"2513927";"São Bentinho (PB)";"Total";"4327"
"2513943";"São Domingos do Cariri (PB)";"Total";"2585"
"2513968";"São Domingos (PB)";"Total";"2595"
"2513984";"São Francisco (PB)";"Total";"3137"
"2514008";"São João do Cariri (PB)";"Total";"4226"
"2514107";"São João do Tigre (PB)";"Total";"4263"
"2514206";"São José da Lagoa Tapada (PB)";"Total";"7126"
"2514305";"São José de Caiana (PB)";"Total";"5034"
"2514404";"São José de Espinharas (PB)";"Total";"4083"
"2514453";"São José dos Ramos (PB)";"Total";"5891"
"2514503";"São José de Piranhas (PB)";"Total";"19067"
"2514552";"São José de Princesa (PB)";"Total";"3416"
"2514602";"São José do Bonfim (PB)";"Total";"3242"
"2514651";"São José do Brejo do Cruz (PB)";"Total";"1699"
"2514701";"São José do Sabugi (PB)";"Total";"4138"
"2514800";"São José dos Cordeiros (PB)";"Total";"3411"
"2514909";"São Mamede (PB)";"Total";"7470"
"2515005";"São Miguel de Taipu (PB)";"Total";"7066"
"2515104";"São Sebastião de Lagoa de Roça (PB)";"Total";"11040"
"2515203";"São Sebastião do Umbuzeiro (PB)";"Total";"3279"
"2515302";"Sapé (PB)";"Total";"51306"
"2515401";"São Vicente do Seridó (PB)";"Total";"10291"
"2515500";"Serra Branca (PB)";"Total";"13614"
"2515609";"Serra da Raiz (PB)";"Total";"3094"
"2515708";"Serra Grande (PB)";"Total";"2942"
"2515807";"Serra Redonda (PB)";"Total";"6828"
"2515906";"Serraria (PB)";"Total";"4885"
"2515930";"Sertãozinho (PB)";"Total";"5054"
"2515971";"Sobrado (PB)";"Total";"8236"
"2516003";"Solânea (PB)";"Total";"26774"
"2516102";"Soledade (PB)";"Total";"13968"
"2516151";"Sossêgo (PB)";"Total";"3345"
"2516201";"Sousa (PB)";"Total";"67259"
"2516300";"Sumé (PB)";"Total";"17166"
"2516409";"Tacima (PB)";"Total";"8010"
"2516508";"Taperoá (PB)";"Total";"14068"
"2516607";"Tavares (PB)";"Total";"14101"
"2516706";"Teixeira (PB)";"Total";"14631"
"2516755";"Tenório (PB)";"Total";"2966"
"2516805";"Triunfo (PB)";"Total";"9892"
"2516904";"Uiraúna (PB)";"Total";"14930"
"2517001";"Umbuzeiro (PB)";"Total";"9124"
"2517100";"Várzea (PB)";"Total";"2668"
"2517209";"Vieirópolis (PB)";"Total";"4864"
"2517407";"Zabelê (PB)";"Total";"2228"
"2600054";"Abreu e Lima (PE)";"Total";"98462"
"2600104";"Afogados da Ingazeira (PE)";"Total";"40241"
"2600203";"Afrânio (PE)";"Total";"18674"
"2600302";"Agrestina (PE)";"Total";"23779"
"2600401";"Água Preta (PE)";"Total";"26461"
"2600500";"Águas Belas (PE)";"Total";"41548"
"2600609";"Alagoinha (PE)";"Total";"13542"
"2600708";"Aliança (PE)";"Total";"35741"
"2600807";"Altinho (PE)";"Total";"20674"
"2600906";"Amaraji (PE)";"Total";"18205"
"2601003";"Angelim (PE)";"Total";"10241"
"2601052";"Araçoiaba (PE)";"Total";"19243"
"2601102";"Araripina (PE)";"Total";"85088"
"2601201";"Arcoverde (PE)";"Total";"77742"
"2601300";"Barra de Guabiraba (PE)";"Total";"12263"
"2601409";"Barreiros (PE)";"Total";"40121"
"2601508";"Belém de Maria (PE)";"Total";"10378"
"2601607";"Belém do São Francisco (PE)";"Total";"18301"
"2601706";"Belo Jardim (PE)";"Total";"79507"
"2601805";"Betânia (PE)";"Total";"11232"
"2601904";"Bezerros (PE)";"Total";"61694"
"2602001";"Bodocó (PE)";"Total";"34478"
"2602100";"Bom Conselho (PE)";"Total";"44294"
"2602209";"Bom Jardim (PE)";"Total";"37629"
"2602308";"Bonito (PE)";"Total";"37474"
"2602407";"Brejão (PE)";"Total";"9079"
"2602506";"Brejinho (PE)";"Total";"7720"
"2602605";"Brejo da Madre de Deus (PE)";"Total";"48648"
"2602704";"Buenos Aires (PE)";"Total";"12808"
"2602803";"Buíque (PE)";"Total";"52097"
"2602902";"Cabo de Santo Agostinho (PE)";"Total";"203440"
"2603009";"Cabrobó (PE)";"Total";"30294"
"2603108";"Cachoeirinha (PE)";"Total";"19899"
"2603207";"Caetés (PE)";"Total";"28827"
"2603306";"Calçado (PE)";"Total";"11093"
"2603405";"Calumbi (PE)";"Total";"5228"
"2603454";"Camaragibe (PE)";"Total";"147771"
"2603504";"Camocim de São Félix (PE)";"Total";"17419"
"2603603";"Camutanga (PE)";"Total";"7750"
"2603702";"Canhotinho (PE)";"Total";"24329"
"2603801";"Capoeiras (PE)";"Total";"18338"
"2603900";"Carnaíba (PE)";"Total";"18644"
"2603926";"Carnaubeira da Penha (PE)";"Total";"12239"
"2604007";"Carpina (PE)";"Total";"79293"
"2604106";"Caruaru (PE)";"Total";"378048"
"2604155";"Casinhas (PE)";"Total";"12967"
"2604205";"Catende (PE)";"Total";"32156"
"2604304";"Cedro (PE)";"Total";"10518"
"2604403";"Chã de Alegria (PE)";"Total";"12984"
"2604502";"Chã Grande (PE)";"Total";"20546"
"2604601";"Condado (PE)";"Total";"24587"
"2604700";"Correntes (PE)";"Total";"17131"
"2604809";"Cortês (PE)";"Total";"10198"
"2604908";"Cumaru (PE)";"Total";"15920"
"2605004";"Cupira (PE)";"Total";"23518"
"2605103";"Custódia (PE)";"Total";"37699"
"2605152";"Dormentes (PE)";"Total";"17188"
"2605202";"Escada (PE)";"Total";"59891"
"2605301";"Exu (PE)";"Total";"31843"
"2605400";"Feira Nova (PE)";"Total";"21427"
"2605459";"Fernando de Noronha (PE)";"Total";"3167"
"2605509";"Ferreiros (PE)";"Total";"15026"
"2605608";"Flores (PE)";"Total";"20347"
"2605707";"Floresta (PE)";"Total";"30137"
"2605806";"Frei Miguelinho (PE)";"Total";"13636"
"2605905";"Gameleira (PE)";"Total";"18214"
"2606002";"Garanhuns (PE)";"Total";"142506"
"2606101";"Glória do Goitá (PE)";"Total";"29347"
"2606200";"Goiana (PE)";"Total";"81055"
"2606309";"Granito (PE)";"Total";"6967"
"2606408";"Gravatá (PE)";"Total";"86516"
"2606507";"Iati (PE)";"Total";"17165"
"2606606";"Ibimirim (PE)";"Total";"26593"
"2606705";"Ibirajuba (PE)";"Total";"7140"
"2606804";"Igarassu (PE)";"Total";"115196"
"2606903";"Iguaracy (PE)";"Total";"11081"
"2607000";"Inajá (PE)";"Total";"25603"
"2607109";"Ingazeira (PE)";"Total";"4765"
"2607208";"Ipojuca (PE)";"Total";"98932"
"2607307";"Ipubi (PE)";"Total";"29009"
"2607406";"Itacuruba (PE)";"Total";"4284"
"2607505";"Itaíba (PE)";"Total";"32650"
"2607604";"Ilha de Itamaracá (PE)";"Total";"24540"
"2607653";"Itambé (PE)";"Total";"34935"
"2607703";"Itapetim (PE)";"Total";"13791"
"2607752";"Itapissuma (PE)";"Total";"27749"
"2607802";"Itaquitinga (PE)";"Total";"16554"
"2607901";"Jaboatão dos Guararapes (PE)";"Total";"644037"
"2607950";"Jaqueira (PE)";"Total";"10247"
"2608008";"Jataúba (PE)";"Total";"15843"
"2608057";"Jatobá (PE)";"Total";"14020"
"2608107";"João Alfredo (PE)";"Total";"27725"
"2608206";"Joaquim Nabuco (PE)";"Total";"13269"
"2608255";"Jucati (PE)";"Total";"11517"
"2608305";"Jupi (PE)";"Total";"15329"
"2608404";"Jurema (PE)";"Total";"13648"
"2608453";"Lagoa do Carro (PE)";"Total";"17981"
"2608503";"Lagoa de Itaenga (PE)";"Total";"19003"
"2608602";"Lagoa do Ouro (PE)";"Total";"11933"
"2608701";"Lagoa dos Gatos (PE)";"Total";"14076"
"2608750";"Lagoa Grande (PE)";"Total";"24088"
"2608800";"Lajedo (PE)";"Total";"39582"
"2608909";"Limoeiro (PE)";"Total";"56510"
"2609006";"Macaparana (PE)";"Total";"23879"
"2609105";"Machados (PE)";"Total";"11333"
"2609154";"Manari (PE)";"Total";"23763"
"2609204";"Maraial (PE)";"Total";"9359"
"2609303";"Mirandiba (PE)";"Total";"14166"
"2609402";"Moreno (PE)";"Total";"55292"
"2609501";"Nazaré da Mata (PE)";"Total";"30648"
"2609600";"Olinda (PE)";"Total";"349976"
"2609709";"Orobó (PE)";"Total";"21808"
"2609808";"Orocó (PE)";"Total";"13613"
"2609907";"Ouricuri (PE)";"Total";"65245"
"2610004";"Palmares (PE)";"Total";"54584"
"2610103";"Palmeirina (PE)";"Total";"7031"
"2610202";"Panelas (PE)";"Total";"22991"
"2610301";"Paranatama (PE)";"Total";"12199"
"2610400";"Parnamirim (PE)";"Total";"18612"
"2610509";"Passira (PE)";"Total";"28340"
"2610608";"Paudalho (PE)";"Total";"56665"
"2610707";"Paulista (PE)";"Total";"342167"
"2610806";"Pedra (PE)";"Total";"22795"
"2610905";"Pesqueira (PE)";"Total";"62722"
"2611002";"Petrolândia (PE)";"Total";"34161"
"2611101";"Petrolina (PE)";"Total";"386791"
"2611200";"Poção (PE)";"Total";"10500"
"2611309";"Pombos (PE)";"Total";"27552"
"2611408";"Primavera (PE)";"Total";"13838"
"2611507";"Quipapá (PE)";"Total";"17928"
"2611533";"Quixaba (PE)";"Total";"6554"
"2611606";"Recife (PE)";"Total";"1488920"
"2611705";"Riacho das Almas (PE)";"Total";"20639"
"2611804";"Ribeirão (PE)";"Total";"33507"
"2611903";"Rio Formoso (PE)";"Total";"20009"
"2612000";"Sairé (PE)";"Total";"10887"
"2612109";"Salgadinho (PE)";"Total";"5727"
"2612208";"Salgueiro (PE)";"Total";"62372"
"2612307";"Saloá (PE)";"Total";"13836"
"2612406";"Sanharó (PE)";"Total";"18624"
"2612455";"Santa Cruz (PE)";"Total";"13841"
"2612471";"Santa Cruz da Baixa Verde (PE)";"Total";"11567"
"2612505";"Santa Cruz do Capibaribe (PE)";"Total";"98254"
"2612554";"Santa Filomena (PE)";"Total";"12106"
"2612604";"Santa Maria da Boa Vista (PE)";"Total";"40578"
"2612703";"Santa Maria do Cambucá (PE)";"Total";"14013"
"2612802";"Santa Terezinha (PE)";"Total";"10244"
"2612901";"São Benedito do Sul (PE)";"Total";"13113"
"2613008";"São Bento do Una (PE)";"Total";"49449"
"2613107";"São Caitano (PE)";"Total";"37126"
"2613206";"São João (PE)";"Total";"23837"
"2613305";"São Joaquim do Monte (PE)";"Total";"20037"
"2613404";"São José da Coroa Grande (PE)";"Total";"18825"
"2613503";"São José do Belmonte (PE)";"Total";"34843"
"2613602";"São José do Egito (PE)";"Total";"31004"
"2613701";"São Lourenço da Mata (PE)";"Total";"111249"
"2613800";"São Vicente Férrer (PE)";"Total";"16677"
"2613909";"Serra Talhada (PE)";"Total";"92228"
"2614006";"Serrita (PE)";"Total";"18207"
"2614105";"Sertânia (PE)";"Total";"32811"
"2614204";"Sirinhaém (PE)";"Total";"37596"
"2614303";"Moreilândia (PE)";"Total";"10540"
"2614402";"Solidão (PE)";"Total";"5210"
"2614501";"Surubim (PE)";"Total";"64120"
"2614600";"Tabira (PE)";"Total";"27681"
"2614709";"Tacaimbó (PE)";"Total";"13738"
"2614808";"Tacaratu (PE)";"Total";"23902"
"2614857";"Tamandaré (PE)";"Total";"23561"
"2615003";"Taquaritinga do Norte (PE)";"Total";"24736"
"2615102";"Terezinha (PE)";"Total";"6513"
"2615201";"Terra Nova (PE)";"Total";"8920"
"2615300";"Timbaúba (PE)";"Total";"46147"
"2615409";"Toritama (PE)";"Total";"41137"
"2615508";"Tracunhaém (PE)";"Total";"13867"
"2615607";"Trindade (PE)";"Total";"30321"
"2615706";"Triunfo (PE)";"Total";"14705"
"2615805";"Tupanatinga (PE)";"Total";"26937"
"2615904";"Tuparetama (PE)";"Total";"8005"
"2616001";"Venturosa (PE)";"Total";"17251"
"2616100";"Verdejante (PE)";"Total";"9169"
"2616183";"Vertente do Lério (PE)";"Total";"7558"
"2616209";"Vertentes (PE)";"Total";"21959"
"2616308";"Vicência (PE)";"Total";"26359"
"2616407";"Vitória de Santo Antão (PE)";"Total";"134084"
"2616506";"Xexéu (PE)";"Total";"11611"
"2700102";"Água Branca (AL)";"Total";"19008"
"2700201";"Anadia (AL)";"Total";"13966"
"2700300";"Arapiraca (AL)";"Total";"234696"
"2700409";"Atalaia (AL)";"Total";"37512"
"2700508";"Barra de Santo Antônio (AL)";"Total";"16365"
"2700607";"Barra de São Miguel (AL)";"Total";"7944"
"2700706";"Batalha (AL)";"Total";"16448"
"2700805";"Belém (AL)";"Total";"4722"
"2700904";"Belo Monte (AL)";"Total";"5936"
"2701001";"Boca da Mata (AL)";"Total";"21187"
"2701100";"Branquinha (AL)";"Total";"9603"
"2701209";"Cacimbinhas (AL)";"Total";"10482"
"2701308";"Cajueiro (AL)";"Total";"16024"
"2701357";"Campestre (AL)";"Total";"6665"
"2701407";"Campo Alegre (AL)";"Total";"32106"
"2701506";"Campo Grande (AL)";"Total";"8143"
"2701605";"Canapi (AL)";"Total";"15559"
"2701704";"Capela (AL)";"Total";"15032"
"2701803";"Carneiros (AL)";"Total";"8999"
"2701902";"Chã Preta (AL)";"Total";"5910"
"2702009";"Coité do Nóia (AL)";"Total";"10810"
"2702108";"Colônia Leopoldina (AL)";"Total";"15816"
"2702207";"Coqueiro Seco (AL)";"Total";"5581"
"2702306";"Coruripe (AL)";"Total";"50414"
"2702355";"Craíbas (AL)";"Total";"25397"
"2702405";"Delmiro Gouveia (AL)";"Total";"51318"
"2702504";"Dois Riachos (AL)";"Total";"9805"
"2702553";"Estrela de Alagoas (AL)";"Total";"15429"
"2702603";"Feira Grande (AL)";"Total";"22712"
"2702702";"Feliz Deserto (AL)";"Total";"3963"
"2702801";"Flexeiras (AL)";"Total";"9618"
"2702900";"Girau do Ponciano (AL)";"Total";"36102"
"2703007";"Ibateguara (AL)";"Total";"13731"
"2703106";"Igaci (AL)";"Total";"23995"
"2703205";"Igreja Nova (AL)";"Total";"21372"
"2703304";"Inhapi (AL)";"Total";"15167"
"2703403";"Jacaré dos Homens (AL)";"Total";"5083"
"2703502";"Jacuípe (AL)";"Total";"5352"
"2703601";"Japaratinga (AL)";"Total";"9219"
"2703700";"Jaramataia (AL)";"Total";"4985"
"2703759";"Jequiá da Praia (AL)";"Total";"9470"
"2703809";"Joaquim Gomes (AL)";"Total";"17150"
"2703908";"Jundiá (AL)";"Total";"4092"
"2704005";"Junqueiro (AL)";"Total";"23907"
"2704104";"Lagoa da Canoa (AL)";"Total";"18457"
"2704203";"Limoeiro de Anadia (AL)";"Total";"24740"
"2704302";"Maceió (AL)";"Total";"957916"
"2704401";"Major Isidoro (AL)";"Total";"17700"
"2704500";"Maragogi (AL)";"Total";"32174"
"2704609";"Maravilha (AL)";"Total";"9534"
"2704708";"Marechal Deodoro (AL)";"Total";"60370"
"2704807";"Maribondo (AL)";"Total";"13679"
"2704906";"Mar Vermelho (AL)";"Total";"3155"
"2705002";"Mata Grande (AL)";"Total";"21844"
"2705101";"Matriz de Camaragibe (AL)";"Total";"23857"
"2705200";"Messias (AL)";"Total";"15405"
"2705309";"Minador do Negrão (AL)";"Total";"4845"
"2705408";"Monteirópolis (AL)";"Total";"7184"
"2705507";"Murici (AL)";"Total";"25187"
"2705606";"Novo Lino (AL)";"Total";"10020"
"2705705";"Olho d'Água das Flores (AL)";"Total";"20695"
"2705804";"Olho d'Água do Casado (AL)";"Total";"8349"
"2705903";"Olho d'Água Grande (AL)";"Total";"4330"
"2706000";"Olivença (AL)";"Total";"10812"
"2706109";"Ouro Branco (AL)";"Total";"11446"
"2706208";"Palestina (AL)";"Total";"4325"
"2706307";"Palmeira dos Índios (AL)";"Total";"71574"
"2706406";"Pão de Açúcar (AL)";"Total";"23823"
"2706422";"Pariconha (AL)";"Total";"10573"
"2706448";"Paripueira (AL)";"Total";"13835"
"2706505";"Passo de Camaragibe (AL)";"Total";"13804"
"2706604";"Paulo Jacinto (AL)";"Total";"6576"
"2706703";"Penedo (AL)";"Total";"58650"
"2706802";"Piaçabuçu (AL)";"Total";"15908"
"2706901";"Pilar (AL)";"Total";"35370"
"2707008";"Pindoba (AL)";"Total";"2731"
"2707107";"Piranhas (AL)";"Total";"22609"
"2707206";"Poço das Trincheiras (AL)";"Total";"12518"
"2707305";"Porto Calvo (AL)";"Total";"24071"
"2707404";"Porto de Pedras (AL)";"Total";"9295"
"2707503";"Porto Real do Colégio (AL)";"Total";"20082"
"2707602";"Quebrangulo (AL)";"Total";"11080"
"2707701";"Rio Largo (AL)";"Total";"93927"
"2707800";"Roteiro (AL)";"Total";"6474"
"2707909";"Santa Luzia do Norte (AL)";"Total";"6919"
"2708006";"Santana do Ipanema (AL)";"Total";"46220"
"2708105";"Santana do Mundaú (AL)";"Total";"11323"
"2708204";"São Brás (AL)";"Total";"6555"
"2708303";"São José da Laje (AL)";"Total";"20813"
"2708402";"São José da Tapera (AL)";"Total";"30604"
"2708501";"São Luís do Quitunde (AL)";"Total";"30873"
"2708600";"São Miguel dos Campos (AL)";"Total";"51990"
"2708709";"São Miguel dos Milagres (AL)";"Total";"8482"
"2708808";"São Sebastião (AL)";"Total";"31786"
"2708907";"Satuba (AL)";"Total";"24278"
"2708956";"Senador Rui Palmeira (AL)";"Total";"12303"
"2709004";"Tanque d'Arca (AL)";"Total";"5796"
"2709103";"Taquarana (AL)";"Total";"19032"
"2709152";"Teotônio Vilela (AL)";"Total";"38053"
"2709202";"Traipu (AL)";"Total";"23565"
"2709301";"União dos Palmares (AL)";"Total";"59280"
"2709400";"Viçosa (AL)";"Total";"24092"
"2800100";"Amparo do São Francisco (SE)";"Total";"2170"
"2800209";"Aquidabã (SE)";"Total";"20131"
"2800308";"Aracaju (SE)";"Total";"602757"
"2800407";"Arauá (SE)";"Total";"10318"
"2800506";"Areia Branca (SE)";"Total";"18081"
"2800605";"Barra dos Coqueiros (SE)";"Total";"41511"
"2800670";"Boquim (SE)";"Total";"24636"
"2800704";"Brejo Grande (SE)";"Total";"7841"
"2801009";"Campo do Brito (SE)";"Total";"18149"
"2801108";"Canhoba (SE)";"Total";"3791"
"2801207";"Canindé de São Francisco (SE)";"Total";"26834"
"2801306";"Capela (SE)";"Total";"31645"
"2801405";"Carira (SE)";"Total";"19939"
"2801504";"Carmópolis (SE)";"Total";"13853"
"2801603";"Cedro de São João (SE)";"Total";"5391"
"2801702";"Cristinápolis (SE)";"Total";"17100"
"2801900";"Cumbe (SE)";"Total";"3824"
"2802007";"Divina Pastora (SE)";"Total";"4340"
"2802106";"Estância (SE)";"Total";"65078"
"2802205";"Feira Nova (SE)";"Total";"5975"
"2802304";"Frei Paulo (SE)";"Total";"14530"
"2802403";"Gararu (SE)";"Total";"11096"
"2802502";"General Maynard (SE)";"Total";"3037"
"2802601";"Graccho Cardoso (SE)";"Total";"5834"
"2802700";"Ilha das Flores (SE)";"Total";"8321"
"2802809";"Indiaroba (SE)";"Total";"16549"
"2802908";"Itabaiana (SE)";"Total";"103440"
"2803005";"Itabaianinha (SE)";"Total";"40678"
"2803104";"Itabi (SE)";"Total";"4745"
"2803203";"Itaporanga d'Ajuda (SE)";"Total";"34411"
"2803302";"Japaratuba (SE)";"Total";"16209"
"2803401";"Japoatã (SE)";"Total";"13407"
"2803500";"Lagarto (SE)";"Total";"101579"
"2803609";"Laranjeiras (SE)";"Total";"23975"
"2803708";"Macambira (SE)";"Total";"6838"
"2803807";"Malhada dos Bois (SE)";"Total";"3579"
"2803906";"Malhador (SE)";"Total";"11533"
"2804003";"Maruim (SE)";"Total";"15719"
"2804102";"Moita Bonita (SE)";"Total";"11050"
"2804201";"Monte Alegre de Sergipe (SE)";"Total";"14336"
"2804300";"Muribeca (SE)";"Total";"7822"
"2804409";"Neópolis (SE)";"Total";"16426"
"2804458";"Nossa Senhora Aparecida (SE)";"Total";"9232"
"2804508";"Nossa Senhora da Glória (SE)";"Total";"41212"
"2804607";"Nossa Senhora das Dores (SE)";"Total";"24996"
"2804706";"Nossa Senhora de Lourdes (SE)";"Total";"6268"
"2804805";"Nossa Senhora do Socorro (SE)";"Total";"192330"
"2804904";"Pacatuba (SE)";"Total";"12502"
"2805000";"Pedra Mole (SE)";"Total";"2778"
"2805109";"Pedrinhas (SE)";"Total";"7396"
"2805208";"Pinhão (SE)";"Total";"5677"
"2805307";"Pirambu (SE)";"Total";"7913"
"2805406";"Poço Redondo (SE)";"Total";"33439"
"2805505";"Poço Verde (SE)";"Total";"21794"
"2805604";"Porto da Folha (SE)";"Total";"26576"
"2805703";"Propriá (SE)";"Total";"26618"
"2805802";"Riachão do Dantas (SE)";"Total";"18313"
"2805901";"Riachuelo (SE)";"Total";"8748"
"2806008";"Ribeirópolis (SE)";"Total";"17033"
"2806107";"Rosário do Catete (SE)";"Total";"9295"
"2806206";"Salgado (SE)";"Total";"20279"
"2806305";"Santa Luzia do Itanhy (SE)";"Total";"13616"
"2806404";"Santana do São Francisco (SE)";"Total";"7346"
"2806503";"Santa Rosa de Lima (SE)";"Total";"3937"
"2806602";"Santo Amaro das Brotas (SE)";"Total";"11092"
"2806701";"São Cristóvão (SE)";"Total";"95612"
"2806800";"São Domingos (SE)";"Total";"10327"
"2806909";"São Francisco (SE)";"Total";"3243"
"2807006";"São Miguel do Aleixo (SE)";"Total";"3434"
"2807105";"Simão Dias (SE)";"Total";"42578"
"2807204";"Siriri (SE)";"Total";"7834"
"2807303";"Telha (SE)";"Total";"3274"
"2807402";"Tobias Barreto (SE)";"Total";"50905"
"2807501";"Tomar do Geru (SE)";"Total";"12012"
"2807600";"Umbaúba (SE)";"Total";"23917"
"2900108";"Abaíra (BA)";"Total";"7301"
"2900207";"Abaré (BA)";"Total";"17639"
"2900306";"Acajutiba (BA)";"Total";"13795"
"2900355";"Adustina (BA)";"Total";"14201"
"2900405";"Água Fria (BA)";"Total";"14497"
"2900504";"Érico Cardoso (BA)";"Total";"10604"
"2900603";"Aiquara (BA)";"Total";"4447"
"2900702";"Alagoinhas (BA)";"Total";"151055"
"2900801";"Alcobaça (BA)";"Total";"24530"
"2900900";"Almadina (BA)";"Total";"5218"
"2901007";"Amargosa (BA)";"Total";"36521"
"2901106";"Amélia Rodrigues (BA)";"Total";"24138"
"2901155";"América Dourada (BA)";"Total";"15137"
"2901205";"Anagé (BA)";"Total";"25438"
"2901304";"Andaraí (BA)";"Total";"13080"
"2901353";"Andorinha (BA)";"Total";"15012"
"2901403";"Angical (BA)";"Total";"13732"
"2901502";"Anguera (BA)";"Total";"11031"
"2901601";"Antas (BA)";"Total";"14206"
"2901700";"Antônio Cardoso (BA)";"Total";"11146"
"2901809";"Antônio Gonçalves (BA)";"Total";"10862"
"2901908";"Aporá (BA)";"Total";"15922"
"2901957";"Apuarema (BA)";"Total";"6913"
"2902005";"Aracatu (BA)";"Total";"13936"
"2902054";"Araçás (BA)";"Total";"11557"
"2902104";"Araci (BA)";"Total";"48294"
"2902203";"Aramari (BA)";"Total";"9833"
"2902252";"Arataca (BA)";"Total";"10191"
"2902302";"Aratuípe (BA)";"Total";"8677"
"2902401";"Aurelino Leal (BA)";"Total";"11179"
"2902500";"Baianópolis (BA)";"Total";"13614"
"2902609";"Baixa Grande (BA)";"Total";"18220"
"2902658";"Banzaê (BA)";"Total";"11958"
"2902708";"Barra (BA)";"Total";"51092"
"2902807";"Barra da Estiva (BA)";"Total";"26026"
"2902906";"Barra do Choça (BA)";"Total";"36539"
"2903003";"Barra do Mendes (BA)";"Total";"13836"
"2903102";"Barra do Rocha (BA)";"Total";"5775"
"2903201";"Barreiras (BA)";"Total";"159734"
"2903235";"Barro Alto (BA)";"Total";"13453"
"2903276";"Barrocas (BA)";"Total";"15203"
"2903300";"Barro Preto (BA)";"Total";"5833"
"2903409";"Belmonte (BA)";"Total";"20121"
"2903508";"Belo Campo (BA)";"Total";"18412"
"2903607";"Biritinga (BA)";"Total";"15146"
"2903706";"Boa Nova (BA)";"Total";"13690"
"2903805";"Boa Vista do Tupim (BA)";"Total";"16873"
"2903904";"Bom Jesus da Lapa (BA)";"Total";"65550"
"2903953";"Bom Jesus da Serra (BA)";"Total";"9730"
"2904001";"Boninal (BA)";"Total";"13622"
"2904050";"Bonito (BA)";"Total";"15844"
"2904100";"Boquira (BA)";"Total";"19322"
"2904209";"Botuporã (BA)";"Total";"11024"
"2904308";"Brejões (BA)";"Total";"12943"
"2904407";"Brejolândia (BA)";"Total";"9108"
"2904506";"Brotas de Macaúbas (BA)";"Total";"11765"
"2904605";"Brumado (BA)";"Total";"70510"
"2904704";"Buerarema (BA)";"Total";"14804"
"2904753";"Buritirama (BA)";"Total";"19589"
"2904803";"Caatiba (BA)";"Total";"6205"
"2904852";"Cabaceiras do Paraguaçu (BA)";"Total";"16559"
"2904902";"Cachoeira (BA)";"Total";"29250"
"2905008";"Caculé (BA)";"Total";"22462"
"2905107";"Caém (BA)";"Total";"10384"
"2905156";"Caetanos (BA)";"Total";"11266"
"2905206";"Caetité (BA)";"Total";"52012"
"2905305";"Cafarnaum (BA)";"Total";"17466"
"2905404";"Cairu (BA)";"Total";"17761"
"2905503";"Caldeirão Grande (BA)";"Total";"13080"
"2905602";"Camacan (BA)";"Total";"22579"
"2905701";"Camaçari (BA)";"Total";"300372"
"2905800";"Camamu (BA)";"Total";"30469"
"2905909";"Campo Alegre de Lourdes (BA)";"Total";"30671"
"2906006";"Campo Formoso (BA)";"Total";"71377"
"2906105";"Canápolis (BA)";"Total";"10225"
"2906204";"Canarana (BA)";"Total";"24206"
"2906303";"Canavieiras (BA)";"Total";"32683"
"2906402";"Candeal (BA)";"Total";"7772"
"2906501";"Candeias (BA)";"Total";"72382"
"2906600";"Candiba (BA)";"Total";"13016"
"2906709";"Cândido Sales (BA)";"Total";"25247"
"2906808";"Cansanção (BA)";"Total";"37439"
"2906824";"Canudos (BA)";"Total";"16105"
"2906857";"Capela do Alto Alegre (BA)";"Total";"10744"
"2906873";"Capim Grosso (BA)";"Total";"33235"
"2906899";"Caraíbas (BA)";"Total";"9940"
"2906907";"Caravelas (BA)";"Total";"20580"
"2907004";"Cardeal da Silva (BA)";"Total";"8365"
"2907103";"Carinhanha (BA)";"Total";"28869"
"2907202";"Casa Nova (BA)";"Total";"72086"
"2907301";"Castro Alves (BA)";"Total";"24712"
"2907400";"Catolândia (BA)";"Total";"3434"
"2907509";"Catu (BA)";"Total";"48148"
"2907558";"Caturama (BA)";"Total";"8841"
"2907608";"Central (BA)";"Total";"16348"
"2907707";"Chorrochó (BA)";"Total";"10579"
"2907806";"Cícero Dantas (BA)";"Total";"30907"
"2907905";"Cipó (BA)";"Total";"17230"
"2908002";"Coaraci (BA)";"Total";"17333"
"2908101";"Cocos (BA)";"Total";"19151"
"2908200";"Conceição da Feira (BA)";"Total";"20800"
"2908309";"Conceição do Almeida (BA)";"Total";"15794"
"2908408";"Conceição do Coité (BA)";"Total";"67825"
"2908507";"Conceição do Jacuípe (BA)";"Total";"35308"
"2908606";"Conde (BA)";"Total";"23654"
"2908705";"Condeúba (BA)";"Total";"17053"
"2908804";"Contendas do Sincorá (BA)";"Total";"4333"
"2908903";"Coração de Maria (BA)";"Total";"26692"
"2909000";"Cordeiros (BA)";"Total";"7546"
"2909109";"Coribe (BA)";"Total";"13990"
"2909208";"Coronel João Sá (BA)";"Total";"17056"
"2909307";"Correntina (BA)";"Total";"32457"
"2909406";"Cotegipe (BA)";"Total";"13063"
"2909505";"Cravolândia (BA)";"Total";"4415"
"2909604";"Crisópolis (BA)";"Total";"19729"
"2909703";"Cristópolis (BA)";"Total";"13993"
"2909802";"Cruz das Almas (BA)";"Total";"60348"
"2909901";"Curaçá (BA)";"Total";"34180"
"2910008";"Dário Meira (BA)";"Total";"10820"
"2910057";"Dias d'Ávila (BA)";"Total";"71485"
"2910107";"Dom Basílio (BA)";"Total";"11884"
"2910206";"Dom Macedo Costa (BA)";"Total";"4407"
"2910305";"Elísio Medrado (BA)";"Total";"7808"
"2910404";"Encruzilhada (BA)";"Total";"19107"
"2910503";"Entre Rios (BA)";"Total";"38098"
"2910602";"Esplanada (BA)";"Total";"32554"
"2910701";"Euclides da Cunha (BA)";"Total";"61456"
"2910727";"Eunápolis (BA)";"Total";"113710"
"2910750";"Fátima (BA)";"Total";"17895"
"2910776";"Feira da Mata (BA)";"Total";"5631"
"2910800";"Feira de Santana (BA)";"Total";"616272"
"2910859";"Filadélfia (BA)";"Total";"17897"
"2910909";"Firmino Alves (BA)";"Total";"4873"
"2911006";"Floresta Azul (BA)";"Total";"11059"
"2911105";"Formosa do Rio Preto (BA)";"Total";"25899"
"2911204";"Gandu (BA)";"Total";"32178"
"2911253";"Gavião (BA)";"Total";"4360"
"2911303";"Gentio do Ouro (BA)";"Total";"10884"
"2911402";"Glória (BA)";"Total";"15524"
"2911501";"Gongogi (BA)";"Total";"5555"
"2911600";"Governador Mangabeira (BA)";"Total";"20605"
"2911659";"Guajeru (BA)";"Total";"8050"
"2911709";"Guanambi (BA)";"Total";"87817"
"2911808";"Guaratinga (BA)";"Total";"19049"
"2911857";"Heliópolis (BA)";"Total";"12309"
"2911907";"Iaçu (BA)";"Total";"24607"
"2912004";"Ibiassucê (BA)";"Total";"10429"
"2912103";"Ibicaraí (BA)";"Total";"21665"
"2912202";"Ibicoara (BA)";"Total";"20785"
"2912301";"Ibicuí (BA)";"Total";"13934"
"2912400";"Ibipeba (BA)";"Total";"16603"
"2912509";"Ibipitanga (BA)";"Total";"13863"
"2912608";"Ibiquera (BA)";"Total";"3725"
"2912707";"Ibirapitanga (BA)";"Total";"25344"
"2912806";"Ibirapuã (BA)";"Total";"8896"
"2912905";"Ibirataia (BA)";"Total";"18792"
"2913002";"Ibitiara (BA)";"Total";"14637"
"2913101";"Ibititá (BA)";"Total";"16969"
"2913200";"Ibotirama (BA)";"Total";"26309"
"2913309";"Ichu (BA)";"Total";"6190"
"2913408";"Igaporã (BA)";"Total";"15527"
"2913457";"Igrapiúna (BA)";"Total";"13151"
"2913507";"Iguaí (BA)";"Total";"21491"
"2913606";"Ilhéus (BA)";"Total";"178649"
"2913705";"Inhambupe (BA)";"Total";"33790"
"2913804";"Ipecaetá (BA)";"Total";"13709"
"2913903";"Ipiaú (BA)";"Total";"40706"
"2914000";"Ipirá (BA)";"Total";"56876"
"2914109";"Ipupiara (BA)";"Total";"9935"
"2914208";"Irajuba (BA)";"Total";"6101"
"2914307";"Iramaia (BA)";"Total";"10752"
"2914406";"Iraquara (BA)";"Total";"23879"
"2914505";"Irará (BA)";"Total";"28043"
"2914604";"Irecê (BA)";"Total";"74507"
"2914653";"Itabela (BA)";"Total";"28165"
"2914703";"Itaberaba (BA)";"Total";"65073"
"2914802";"Itabuna (BA)";"Total";"186708"
"2914901";"Itacaré (BA)";"Total";"27704"
"2915007";"Itaeté (BA)";"Total";"13472"
"2915106";"Itagi (BA)";"Total";"13803"
"2915205";"Itagibá (BA)";"Total";"15310"
"2915304";"Itagimirim (BA)";"Total";"6347"
"2915353";"Itaguaçu da Bahia (BA)";"Total";"12311"
"2915403";"Itaju do Colônia (BA)";"Total";"6037"
"2915502";"Itajuípe (BA)";"Total";"18781"
"2915601";"Itamaraju (BA)";"Total";"59605"
"2915700";"Itamari (BA)";"Total";"7051"
"2915809";"Itambé (BA)";"Total";"24394"
"2915908";"Itanagra (BA)";"Total";"5914"
"2916005";"Itanhém (BA)";"Total";"17813"
"2916104";"Itaparica (BA)";"Total";"19789"
"2916203";"Itapé (BA)";"Total";"10341"
"2916302";"Itapebi (BA)";"Total";"9174"
"2916401";"Itapetinga (BA)";"Total";"65897"
"2916500";"Itapicuru (BA)";"Total";"31679"
"2916609";"Itapitanga (BA)";"Total";"10279"
"2916708";"Itaquara (BA)";"Total";"8153"
"2916807";"Itarantim (BA)";"Total";"17052"
"2916856";"Itatim (BA)";"Total";"15737"
"2916906";"Itiruçu (BA)";"Total";"10999"
"2917003";"Itiúba (BA)";"Total";"33872"
"2917102";"Itororó (BA)";"Total";"16617"
"2917201";"Ituaçu (BA)";"Total";"17914"
"2917300";"Ituberá (BA)";"Total";"21902"
"2917334";"Iuiu (BA)";"Total";"11118"
"2917359";"Jaborandi (BA)";"Total";"9275"
"2917409";"Jacaraci (BA)";"Total";"14436"
"2917508";"Jacobina (BA)";"Total";"82590"
"2917607";"Jaguaquara (BA)";"Total";"45964"
"2917706";"Jaguarari (BA)";"Total";"32703"
"2917805";"Jaguaripe (BA)";"Total";"17659"
"2917904";"Jandaíra (BA)";"Total";"9285"
"2918001";"Jequié (BA)";"Total";"158813"
"2918100";"Jeremoabo (BA)";"Total";"37626"
"2918209";"Jiquiriçá (BA)";"Total";"13629"
"2918308";"Jitaúna (BA)";"Total";"14355"
"2918357";"João Dourado (BA)";"Total";"24854"
"2918407";"Juazeiro (BA)";"Total";"237821"
"2918456";"Jucuruçu (BA)";"Total";"9655"
"2918506";"Jussara (BA)";"Total";"16354"
"2918555";"Jussari (BA)";"Total";"5888"
"2918605";"Jussiape (BA)";"Total";"7379"
"2918704";"Lafaiete Coutinho (BA)";"Total";"4075"
"2918753";"Lagoa Real (BA)";"Total";"14105"
"2918803";"Laje (BA)";"Total";"21052"
"2918902";"Lajedão (BA)";"Total";"3845"
"2919009";"Lajedinho (BA)";"Total";"3527"
"2919058";"Lajedo do Tabocal (BA)";"Total";"7494"
"2919108";"Lamarão (BA)";"Total";"9015"
"2919157";"Lapão (BA)";"Total";"25736"
"2919207";"Lauro de Freitas (BA)";"Total";"203331"
"2919306";"Lençóis (BA)";"Total";"10774"
"2919405";"Licínio de Almeida (BA)";"Total";"11834"
"2919504";"Livramento de Nossa Senhora (BA)";"Total";"43903"
"2919553";"Luís Eduardo Magalhães (BA)";"Total";"107909"
"2919603";"Macajuba (BA)";"Total";"10454"
"2919702";"Macarani (BA)";"Total";"21599"
"2919801";"Macaúbas (BA)";"Total";"41859"
"2919900";"Macururé (BA)";"Total";"7256"
"2919926";"Madre de Deus (BA)";"Total";"18504"
"2919959";"Maetinga (BA)";"Total";"6973"
"2920007";"Maiquinique (BA)";"Total";"8731"
"2920106";"Mairi (BA)";"Total";"17674"
"2920205";"Malhada (BA)";"Total";"15398"
"2920304";"Malhada de Pedras (BA)";"Total";"8670"
"2920403";"Manoel Vitorino (BA)";"Total";"13860"
"2920452";"Mansidão (BA)";"Total";"13919"
"2920502";"Maracás (BA)";"Total";"27620"
"2920601";"Maragogipe (BA)";"Total";"35859"
"2920700";"Maraú (BA)";"Total";"24527"
"2920809";"Marcionílio Souza (BA)";"Total";"9267"
"2920908";"Mascote (BA)";"Total";"13544"
"2921005";"Mata de São João (BA)";"Total";"42566"
"2921054";"Matina (BA)";"Total";"10330"
"2921104";"Medeiros Neto (BA)";"Total";"22194"
"2921203";"Miguel Calmon (BA)";"Total";"24661"
"2921302";"Milagres (BA)";"Total";"11071"
"2921401";"Mirangaba (BA)";"Total";"15734"
"2921450";"Mirante (BA)";"Total";"10187"
"2921500";"Monte Santo (BA)";"Total";"47780"
"2921609";"Morpará (BA)";"Total";"7996"
"2921708";"Morro do Chapéu (BA)";"Total";"33594"
"2921807";"Mortugaba (BA)";"Total";"11143"
"2921906";"Mucugê (BA)";"Total";"12137"
"2922003";"Mucuri (BA)";"Total";"37977"
"2922052";"Mulungu do Morro (BA)";"Total";"13152"
"2922102";"Mundo Novo (BA)";"Total";"17305"
"2922201";"Muniz Ferreira (BA)";"Total";"7190"
"2922250";"Muquém do São Francisco (BA)";"Total";"10443"
"2922300";"Muritiba (BA)";"Total";"28707"
"2922409";"Mutuípe (BA)";"Total";"20037"
"2922508";"Nazaré (BA)";"Total";"27060"
"2922607";"Nilo Peçanha (BA)";"Total";"12063"
"2922656";"Nordestina (BA)";"Total";"18523"
"2922706";"Nova Canaã (BA)";"Total";"13715"
"2922730";"Nova Fátima (BA)";"Total";"7967"
"2922755";"Nova Ibiá (BA)";"Total";"6501"
"2922805";"Nova Itarana (BA)";"Total";"7780"
"2922854";"Nova Redenção (BA)";"Total";"7538"
"2922904";"Nova Soure (BA)";"Total";"24236"
"2923001";"Nova Viçosa (BA)";"Total";"39509"
"2923035";"Novo Horizonte (BA)";"Total";"11162"
"2923050";"Novo Triunfo (BA)";"Total";"10660"
"2923100";"Olindina (BA)";"Total";"22633"
"2923209";"Oliveira dos Brejinhos (BA)";"Total";"20715"
"2923308";"Ouriçangas (BA)";"Total";"7716"
"2923357";"Ourolândia (BA)";"Total";"19243"
"2923407";"Palmas de Monte Alto (BA)";"Total";"20078"
"2923506";"Palmeiras (BA)";"Total";"10339"
"2923605";"Paramirim (BA)";"Total";"20351"
"2923704";"Paratinga (BA)";"Total";"29252"
"2923803";"Paripiranga (BA)";"Total";"26604"
"2923902";"Pau Brasil (BA)";"Total";"9370"
"2924009";"Paulo Afonso (BA)";"Total";"112870"
"2924058";"Pé de Serra (BA)";"Total";"13243"
"2924108";"Pedrão (BA)";"Total";"6235"
"2924207";"Pedro Alexandre (BA)";"Total";"13954"
"2924306";"Piatã (BA)";"Total";"20086"
"2924405";"Pilão Arcado (BA)";"Total";"35357"
"2924504";"Pindaí (BA)";"Total";"14731"
"2924603";"Pindobaçu (BA)";"Total";"19083"
"2924652";"Pintadas (BA)";"Total";"10325"
"2924678";"Piraí do Norte (BA)";"Total";"10974"
"2924702";"Piripá (BA)";"Total";"9152"
"2924801";"Piritiba (BA)";"Total";"17566"
"2924900";"Planaltino (BA)";"Total";"8022"
"2925006";"Planalto (BA)";"Total";"23334"
"2925105";"Poções (BA)";"Total";"48293"
"2925204";"Pojuca (BA)";"Total";"32136"
"2925253";"Ponto Novo (BA)";"Total";"17938"
"2925303";"Porto Seguro (BA)";"Total";"168326"
"2925402";"Potiraguá (BA)";"Total";"10274"
"2925501";"Prado (BA)";"Total";"35003"
"2925600";"Presidente Dutra (BA)";"Total";"15130"
"2925709";"Presidente Jânio Quadros (BA)";"Total";"12621"
"2925758";"Presidente Tancredo Neves (BA)";"Total";"27734"
"2925808";"Queimadas (BA)";"Total";"25988"
"2925907";"Quijingue (BA)";"Total";"25272"
"2925931";"Quixabeira (BA)";"Total";"9461"
"2925956";"Rafael Jambeiro (BA)";"Total";"19662"
"2926004";"Remanso (BA)";"Total";"40586"
"2926103";"Retirolândia (BA)";"Total";"13651"
"2926202";"Riachão das Neves (BA)";"Total";"21642"
"2926301";"Riachão do Jacuípe (BA)";"Total";"33386"
"2926400";"Riacho de Santana (BA)";"Total";"30711"
"2926509";"Ribeira do Amparo (BA)";"Total";"13841"
"2926608";"Ribeira do Pombal (BA)";"Total";"54010"
"2926657";"Ribeirão do Largo (BA)";"Total";"9740"
"2926707";"Rio de Contas (BA)";"Total";"13184"
"2926806";"Rio do Antônio (BA)";"Total";"13146"
"2926905";"Rio do Pires (BA)";"Total";"10497"
"2927002";"Rio Real (BA)";"Total";"35362"
"2927101";"Rodelas (BA)";"Total";"10308"
"2927200";"Ruy Barbosa (BA)";"Total";"28282"
"2927309";"Salinas da Margarida (BA)";"Total";"14987"
"2927408";"Salvador (BA)";"Total";"2417678"
"2927507";"Santa Bárbara (BA)";"Total";"20952"
"2927606";"Santa Brígida (BA)";"Total";"14965"
"2927705";"Santa Cruz Cabrália (BA)";"Total";"29185"
"2927804";"Santa Cruz da Vitória (BA)";"Total";"4681"
"2927903";"Santa Inês (BA)";"Total";"10300"
"2928000";"Santaluz (BA)";"Total";"37834"
"2928059";"Santa Luzia (BA)";"Total";"13896"
"2928109";"Santa Maria da Vitória (BA)";"Total";"38604"
"2928208";"Santana (BA)";"Total";"24755"
"2928307";"Santanópolis (BA)";"Total";"8716"
"2928406";"Santa Rita de Cássia (BA)";"Total";"27390"
"2928505";"Santa Terezinha (BA)";"Total";"10441"
"2928604";"Santo Amaro (BA)";"Total";"56012"
"2928703";"Santo Antônio de Jesus (BA)";"Total";"103055"
"2928802";"Santo Estêvão (BA)";"Total";"52276"
"2928901";"São Desidério (BA)";"Total";"32828"
"2928950";"São Domingos (BA)";"Total";"8426"
"2929008";"São Félix (BA)";"Total";"11026"
"2929057";"São Félix do Coribe (BA)";"Total";"15194"
"2929107";"São Felipe (BA)";"Total";"20283"
"2929206";"São Francisco do Conde (BA)";"Total";"38733"
"2929255";"São Gabriel (BA)";"Total";"18600"
"2929305";"São Gonçalo dos Campos (BA)";"Total";"39513"
"2929354";"São José da Vitória (BA)";"Total";"5315"
"2929370";"São José do Jacuípe (BA)";"Total";"10187"
"2929404";"São Miguel das Matas (BA)";"Total";"10334"
"2929503";"São Sebastião do Passé (BA)";"Total";"40958"
"2929602";"Sapeaçu (BA)";"Total";"17963"
"2929701";"Sátiro Dias (BA)";"Total";"16008"
"2929750";"Saubara (BA)";"Total";"11438"
"2929800";"Saúde (BA)";"Total";"10478"
"2929909";"Seabra (BA)";"Total";"46160"
"2930006";"Sebastião Laranjeiras (BA)";"Total";"9360"
"2930105";"Senhor do Bonfim (BA)";"Total";"74523"
"2930154";"Serra do Ramalho (BA)";"Total";"34222"
"2930204";"Sento Sé (BA)";"Total";"38154"
"2930303";"Serra Dourada (BA)";"Total";"17066"
"2930402";"Serra Preta (BA)";"Total";"17996"
"2930501";"Serrinha (BA)";"Total";"80435"
"2930600";"Serrolândia (BA)";"Total";"13335"
"2930709";"Simões Filho (BA)";"Total";"114559"
"2930758";"Sítio do Mato (BA)";"Total";"13408"
"2930766";"Sítio do Quinto (BA)";"Total";"14773"
"2930774";"Sobradinho (BA)";"Total";"25475"
"2930808";"Souto Soares (BA)";"Total";"17054"
"2930907";"Tabocas do Brejo Velho (BA)";"Total";"11979"
"2931004";"Tanhaçu (BA)";"Total";"21006"
"2931053";"Tanque Novo (BA)";"Total";"17158"
"2931103";"Tanquinho (BA)";"Total";"7717"
"2931202";"Taperoá (BA)";"Total";"18044"
"2931301";"Tapiramutá (BA)";"Total";"15818"
"2931350";"Teixeira de Freitas (BA)";"Total";"145216"
"2931400";"Teodoro Sampaio (BA)";"Total";"7110"
"2931509";"Teofilândia (BA)";"Total";"21176"
"2931608";"Teolândia (BA)";"Total";"15332"
"2931707";"Terra Nova (BA)";"Total";"10798"
"2931806";"Tremedal (BA)";"Total";"16296"
"2931905";"Tucano (BA)";"Total";"48736"
"2932002";"Uauá (BA)";"Total";"24665"
"2932101";"Ubaíra (BA)";"Total";"18626"
"2932200";"Ubaitaba (BA)";"Total";"17596"
"2932309";"Ubatã (BA)";"Total";"16094"
"2932408";"Uibaí (BA)";"Total";"13432"
"2932457";"Umburanas (BA)";"Total";"13642"
"2932507";"Una (BA)";"Total";"18131"
"2932606";"Urandi (BA)";"Total";"15355"
"2932705";"Uruçuca (BA)";"Total";"21420"
"2932804";"Utinga (BA)";"Total";"16277"
"2932903";"Valença (BA)";"Total";"85655"
"2933000";"Valente (BA)";"Total";"24362"
"2933059";"Várzea da Roça (BA)";"Total";"13800"
"2933109";"Várzea do Poço (BA)";"Total";"8101"
"2933158";"Várzea Nova (BA)";"Total";"13377"
"2933174";"Varzedo (BA)";"Total";"9913"
"2933208";"Vera Cruz (BA)";"Total";"42529"
"2933257";"Vereda (BA)";"Total";"6003"
"2933307";"Vitória da Conquista (BA)";"Total";"370879"
"2933406";"Wagner (BA)";"Total";"9503"
"2933455";"Wanderley (BA)";"Total";"12968"
"2933505";"Wenceslau Guimarães (BA)";"Total";"24474"
"2933604";"Xique-Xique (BA)";"Total";"44757"
"3100104";"Abadia dos Dourados (MG)";"Total";"6272"
"3100203";"Abaeté (MG)";"Total";"22675"
"3100302";"Abre Campo (MG)";"Total";"13927"
"3100401";"Acaiaca (MG)";"Total";"3909"
"3100500";"Açucena (MG)";"Total";"8943"
"3100609";"Água Boa (MG)";"Total";"12589"
"3100708";"Água Comprida (MG)";"Total";"2108"
"3100807";"Aguanil (MG)";"Total";"4357"
"3100906";"Águas Formosas (MG)";"Total";"18448"
"3101003";"Águas Vermelhas (MG)";"Total";"14037"
"3101102";"Aimorés (MG)";"Total";"25269"
"3101201";"Aiuruoca (MG)";"Total";"6233"
"3101300";"Alagoa (MG)";"Total";"2749"
"3101409";"Albertina (MG)";"Total";"2952"
"3101508";"Além Paraíba (MG)";"Total";"30717"
"3101607";"Alfenas (MG)";"Total";"78970"
"3101631";"Alfredo Vasconcelos (MG)";"Total";"6931"
"3101706";"Almenara (MG)";"Total";"40364"
"3101805";"Alpercata (MG)";"Total";"6903"
"3101904";"Alpinópolis (MG)";"Total";"18300"
"3102001";"Alterosa (MG)";"Total";"13915"
"3102050";"Alto Caparaó (MG)";"Total";"5795"
"3102100";"Alto Rio Doce (MG)";"Total";"10891"
"3102209";"Alvarenga (MG)";"Total";"3975"
"3102308";"Alvinópolis (MG)";"Total";"15059"
"3102407";"Alvorada de Minas (MG)";"Total";"4159"
"3102506";"Amparo do Serra (MG)";"Total";"4541"
"3102605";"Andradas (MG)";"Total";"40553"
"3102704";"Cachoeira de Pajeú (MG)";"Total";"9110"
"3102803";"Andrelândia (MG)";"Total";"11927"
"3102852";"Angelândia (MG)";"Total";"7718"
"3102902";"Antônio Carlos (MG)";"Total";"11095"
"3103009";"Antônio Dias (MG)";"Total";"9219"
"3103108";"Antônio Prado de Minas (MG)";"Total";"1538"
"3103207";"Araçaí (MG)";"Total";"2181"
"3103306";"Aracitaba (MG)";"Total";"2049"
"3103405";"Araçuaí (MG)";"Total";"34297"
"3103504";"Araguari (MG)";"Total";"117808"
"3103603";"Arantina (MG)";"Total";"2915"
"3103702";"Araponga (MG)";"Total";"8048"
"3103751";"Araporã (MG)";"Total";"8479"
"3103801";"Arapuá (MG)";"Total";"2631"
"3103900";"Araújos (MG)";"Total";"9199"
"3104007";"Araxá (MG)";"Total";"111691"
"3104106";"Arceburgo (MG)";"Total";"9177"
"3104205";"Arcos (MG)";"Total";"41416"
"3104304";"Areado (MG)";"Total";"13881"
"3104403";"Argirita (MG)";"Total";"2688"
"3104452";"Aricanduva (MG)";"Total";"4719"
"3104502";"Arinos (MG)";"Total";"17272"
"3104601";"Astolfo Dutra (MG)";"Total";"14138"
"3104700";"Ataléia (MG)";"Total";"13736"
"3104809";"Augusto de Lima (MG)";"Total";"4538"
"3104908";"Baependi (MG)";"Total";"18366"
"3105004";"Baldim (MG)";"Total";"7492"
"3105103";"Bambuí (MG)";"Total";"23546"
"3105202";"Bandeira (MG)";"Total";"4741"
"3105301";"Bandeira do Sul (MG)";"Total";"5943"
"3105400";"Barão de Cocais (MG)";"Total";"30778"
"3105509";"Barão do Monte Alto (MG)";"Total";"4964"
"3105608";"Barbacena (MG)";"Total";"125317"
"3105707";"Barra Longa (MG)";"Total";"5666"
"3105905";"Barroso (MG)";"Total";"20080"
"3106002";"Bela Vista de Minas (MG)";"Total";"10167"
"3106101";"Belmiro Braga (MG)";"Total";"3244"
"3106200";"Belo Horizonte (MG)";"Total";"2315560"
"3106309";"Belo Oriente (MG)";"Total";"23928"
"3106408";"Belo Vale (MG)";"Total";"8627"
"3106507";"Berilo (MG)";"Total";"9826"
"3106606";"Bertópolis (MG)";"Total";"4451"
"3106655";"Berizal (MG)";"Total";"4201"
"3106705";"Betim (MG)";"Total";"411846"
"3106804";"Bias Fortes (MG)";"Total";"3361"
"3106903";"Bicas (MG)";"Total";"13978"
"3107000";"Biquinhas (MG)";"Total";"2383"
"3107109";"Boa Esperança (MG)";"Total";"39848"
"3107208";"Bocaina de Minas (MG)";"Total";"5348"
"3107307";"Bocaiúva (MG)";"Total";"48032"
"3107406";"Bom Despacho (MG)";"Total";"51737"
"3107505";"Bom Jardim de Minas (MG)";"Total";"6783"
"3107604";"Bom Jesus da Penha (MG)";"Total";"4474"
"3107703";"Bom Jesus do Amparo (MG)";"Total";"5631"
"3107802";"Bom Jesus do Galho (MG)";"Total";"14536"
"3107901";"Bom Repouso (MG)";"Total";"12649"
"3108008";"Bom Sucesso (MG)";"Total";"17151"
"3108107";"Bonfim (MG)";"Total";"7434"
"3108206";"Bonfinópolis de Minas (MG)";"Total";"5528"
"3108255";"Bonito de Minas (MG)";"Total";"10204"
"3108305";"Borda da Mata (MG)";"Total";"17404"
"3108404";"Botelhos (MG)";"Total";"14828"
"3108503";"Botumirim (MG)";"Total";"5790"
"3108552";"Brasilândia de Minas (MG)";"Total";"15020"
"3108602";"Brasília de Minas (MG)";"Total";"32025"
"3108701";"Brás Pires (MG)";"Total";"4260"
"3108800";"Braúnas (MG)";"Total";"4441"
"3108909";"Brazópolis (MG)";"Total";"14246"
"3109006";"Brumadinho (MG)";"Total";"38915"
"3109105";"Bueno Brandão (MG)";"Total";"10911"
"3109204";"Buenópolis (MG)";"Total";"9150"
"3109253";"Bugre (MG)";"Total";"4041"
"3109303";"Buritis (MG)";"Total";"24030"
"3109402";"Buritizeiro (MG)";"Total";"23910"
"3109451";"Cabeceira Grande (MG)";"Total";"6627"
"3109501";"Cabo Verde (MG)";"Total";"11410"
"3109600";"Cachoeira da Prata (MG)";"Total";"3693"
"3109709";"Cachoeira de Minas (MG)";"Total";"11883"
"3109808";"Cachoeira Dourada (MG)";"Total";"2315"
"3109907";"Caetanópolis (MG)";"Total";"11435"
"3110004";"Caeté (MG)";"Total";"38776"
"3110103";"Caiana (MG)";"Total";"5304"
"3110202";"Cajuri (MG)";"Total";"4088"
"3110301";"Caldas (MG)";"Total";"14217"
"3110400";"Camacho (MG)";"Total";"2838"
"3110509";"Camanducaia (MG)";"Total";"26097"
"3110608";"Cambuí (MG)";"Total";"29536"
"3110707";"Cambuquira (MG)";"Total";"12313"
"3110806";"Campanário (MG)";"Total";"2923"
"3110905";"Campanha (MG)";"Total";"15935"
"3111002";"Campestre (MG)";"Total";"20696"
"3111101";"Campina Verde (MG)";"Total";"18011"
"3111150";"Campo Azul (MG)";"Total";"3714"
"3111200";"Campo Belo (MG)";"Total";"52277"
"3111309";"Campo do Meio (MG)";"Total";"11377"
"3111408";"Campo Florido (MG)";"Total";"8466"
"3111507";"Campos Altos (MG)";"Total";"12979"
"3111606";"Campos Gerais (MG)";"Total";"26105"
"3111705";"Canaã (MG)";"Total";"4715"
"3111804";"Canápolis (MG)";"Total";"10608"
"3111903";"Cana Verde (MG)";"Total";"5272"
"3112000";"Candeias (MG)";"Total";"14001"
"3112059";"Cantagalo (MG)";"Total";"3974"
"3112109";"Caparaó (MG)";"Total";"5048"
"3112208";"Capela Nova (MG)";"Total";"4362"
"3112307";"Capelinha (MG)";"Total";"39626"
"3112406";"Capetinga (MG)";"Total";"6562"
"3112505";"Capim Branco (MG)";"Total";"10663"
"3112604";"Capinópolis (MG)";"Total";"14655"
"3112653";"Capitão Andrade (MG)";"Total";"4585"
"3112703";"Capitão Enéas (MG)";"Total";"14108"
"3112802";"Capitólio (MG)";"Total";"10380"
"3112901";"Caputira (MG)";"Total";"8936"
"3113008";"Caraí (MG)";"Total";"19548"
"3113107";"Caranaíba (MG)";"Total";"2933"
"3113206";"Carandaí (MG)";"Total";"23812"
"3113305";"Carangola (MG)";"Total";"31240"
"3113404";"Caratinga (MG)";"Total";"87360"
"3113503";"Carbonita (MG)";"Total";"8512"
"3113602";"Careaçu (MG)";"Total";"6816"
"3113701";"Carlos Chagas (MG)";"Total";"18615"
"3113800";"Carmésia (MG)";"Total";"2605"
"3113909";"Carmo da Cachoeira (MG)";"Total";"11547"
"3114006";"Carmo da Mata (MG)";"Total";"11019"
"3114105";"Carmo de Minas (MG)";"Total";"13797"
"3114204";"Carmo do Cajuru (MG)";"Total";"23479"
"3114303";"Carmo do Paranaíba (MG)";"Total";"29011"
"3114402";"Carmo do Rio Claro (MG)";"Total";"20954"
"3114501";"Carmópolis de Minas (MG)";"Total";"18003"
"3114550";"Carneirinho (MG)";"Total";"9422"
"3114600";"Carrancas (MG)";"Total";"4049"
"3114709";"Carvalhópolis (MG)";"Total";"3341"
"3114808";"Carvalhos (MG)";"Total";"4422"
"3114907";"Casa Grande (MG)";"Total";"2214"
"3115003";"Cascalho Rico (MG)";"Total";"2712"
"3115102";"Cássia (MG)";"Total";"17155"
"3115201";"Conceição da Barra de Minas (MG)";"Total";"3560"
"3115300";"Cataguases (MG)";"Total";"66261"
"3115359";"Catas Altas (MG)";"Total";"5473"
"3115409";"Catas Altas da Noruega (MG)";"Total";"3110"
"3115458";"Catuji (MG)";"Total";"7030"
"3115474";"Catuti (MG)";"Total";"4739"
"3115508";"Caxambu (MG)";"Total";"21056"
"3115607";"Cedro do Abaeté (MG)";"Total";"1081"
"3115706";"Central de Minas (MG)";"Total";"6171"
"3115805";"Centralina (MG)";"Total";"10207"
"3115904";"Chácara (MG)";"Total";"3075"
"3116001";"Chalé (MG)";"Total";"6075"
"3116100";"Chapada do Norte (MG)";"Total";"10337"
"3116159";"Chapada Gaúcha (MG)";"Total";"12355"
"3116209";"Chiador (MG)";"Total";"2800"
"3116308";"Cipotânea (MG)";"Total";"5581"
"3116407";"Claraval (MG)";"Total";"4658"
"3116506";"Claro dos Poções (MG)";"Total";"7166"
"3116605";"Cláudio (MG)";"Total";"30159"
"3116704";"Coimbra (MG)";"Total";"7117"
"3116803";"Coluna (MG)";"Total";"8163"
"3116902";"Comendador Gomes (MG)";"Total";"2773"
"3117009";"Comercinho (MG)";"Total";"6660"
"3117108";"Conceição da Aparecida (MG)";"Total";"10371"
"3117207";"Conceição das Pedras (MG)";"Total";"2772"
"3117306";"Conceição das Alagoas (MG)";"Total";"28381"
"3117405";"Conceição de Ipanema (MG)";"Total";"4409"
"3117504";"Conceição do Mato Dentro (MG)";"Total";"23163"
"3117603";"Conceição do Pará (MG)";"Total";"5415"
"3117702";"Conceição do Rio Verde (MG)";"Total";"12541"
"3117801";"Conceição dos Ouros (MG)";"Total";"10880"
"3117836";"Cônego Marinho (MG)";"Total";"7237"
"3117876";"Confins (MG)";"Total";"7350"
"3117900";"Congonhal (MG)";"Total";"11083"
"3118007";"Congonhas (MG)";"Total";"52890"
"3118106";"Congonhas do Norte (MG)";"Total";"4831"
"3118205";"Conquista (MG)";"Total";"6694"
"3118304";"Conselheiro Lafaiete (MG)";"Total";"131621"
"3118403";"Conselheiro Pena (MG)";"Total";"20824"
"3118502";"Consolação (MG)";"Total";"1563"
"3118601";"Contagem (MG)";"Total";"621863"
"3118700";"Coqueiral (MG)";"Total";"9023"
"3118809";"Coração de Jesus (MG)";"Total";"25377"
"3118908";"Cordisburgo (MG)";"Total";"7547"
"3119005";"Cordislândia (MG)";"Total";"3200"
"3119104";"Corinto (MG)";"Total";"23532"
"3119203";"Coroaci (MG)";"Total";"10884"
"3119302";"Coromandel (MG)";"Total";"28894"
"3119401";"Coronel Fabriciano (MG)";"Total";"104736"
"3119500";"Coronel Murta (MG)";"Total";"8200"
"3119609";"Coronel Pacheco (MG)";"Total";"2762"
"3119708";"Coronel Xavier Chaves (MG)";"Total";"3486"
"3119807";"Córrego Danta (MG)";"Total";"2960"
"3119906";"Córrego do Bom Jesus (MG)";"Total";"4272"
"3119955";"Córrego Fundo (MG)";"Total";"6133"
"3120003";"Córrego Novo (MG)";"Total";"2875"
"3120102";"Couto de Magalhães de Minas (MG)";"Total";"4245"
"3120151";"Crisólita (MG)";"Total";"5265"
"3120201";"Cristais (MG)";"Total";"12197"
"3120300";"Cristália (MG)";"Total";"5121"
"3120409";"Cristiano Otoni (MG)";"Total";"4667"
"3120508";"Cristina (MG)";"Total";"10374"
"3120607";"Crucilândia (MG)";"Total";"5434"
"3120706";"Cruzeiro da Fortaleza (MG)";"Total";"3521"
"3120805";"Cruzília (MG)";"Total";"15362"
"3120839";"Cuparaque (MG)";"Total";"3983"
"3120870";"Curral de Dentro (MG)";"Total";"7406"
"3120904";"Curvelo (MG)";"Total";"80665"
"3121001";"Datas (MG)";"Total";"5465"
"3121100";"Delfim Moreira (MG)";"Total";"7952"
"3121209";"Delfinópolis (MG)";"Total";"8393"
"3121258";"Delta (MG)";"Total";"10494"
"3121308";"Descoberto (MG)";"Total";"4928"
"3121407";"Desterro de Entre Rios (MG)";"Total";"7653"
"3121506";"Desterro do Melo (MG)";"Total";"2994"
"3121605";"Diamantina (MG)";"Total";"47702"
"3121704";"Diogo de Vasconcelos (MG)";"Total";"3549"
"3121803";"Dionísio (MG)";"Total";"6847"
"3121902";"Divinésia (MG)";"Total";"4226"
"3122009";"Divino (MG)";"Total";"20706"
"3122108";"Divino das Laranjeiras (MG)";"Total";"4178"
"3122207";"Divinolândia de Minas (MG)";"Total";"6516"
"3122306";"Divinópolis (MG)";"Total";"231091"
"3122355";"Divisa Alegre (MG)";"Total";"6321"
"3122405";"Divisa Nova (MG)";"Total";"5851"
"3122454";"Divisópolis (MG)";"Total";"10213"
"3122470";"Dom Bosco (MG)";"Total";"3697"
"3122504";"Dom Cavati (MG)";"Total";"4904"
"3122603";"Dom Joaquim (MG)";"Total";"4899"
"3122702";"Dom Silvério (MG)";"Total";"5228"
"3122801";"Dom Viçoso (MG)";"Total";"3095"
"3122900";"Dona Euzébia (MG)";"Total";"6093"
"3123007";"Dores de Campos (MG)";"Total";"10007"
"3123106";"Dores de Guanhães (MG)";"Total";"5029"
"3123205";"Dores do Indaiá (MG)";"Total";"12630"
"3123304";"Dores do Turvo (MG)";"Total";"4987"
"3123403";"Doresópolis (MG)";"Total";"1461"
"3123502";"Douradoquara (MG)";"Total";"1829"
"3123528";"Durandé (MG)";"Total";"7817"
"3123601";"Elói Mendes (MG)";"Total";"26336"
"3123700";"Engenheiro Caldas (MG)";"Total";"13622"
"3123809";"Engenheiro Navarro (MG)";"Total";"6354"
"3123858";"Entre Folhas (MG)";"Total";"5179"
"3123908";"Entre Rios de Minas (MG)";"Total";"14746"
"3124005";"Ervália (MG)";"Total";"20255"
"3124104";"Esmeraldas (MG)";"Total";"85598"
"3124203";"Espera Feliz (MG)";"Total";"24102"
"3124302";"Espinosa (MG)";"Total";"30443"
"3124401";"Espírito Santo do Dourado (MG)";"Total";"6611"
"3124500";"Estiva (MG)";"Total";"11502"
"3124609";"Estrela Dalva (MG)";"Total";"2186"
"3124708";"Estrela do Indaiá (MG)";"Total";"2772"
"3124807";"Estrela do Sul (MG)";"Total";"6840"
"3124906";"Eugenópolis (MG)";"Total";"10801"
"3125002";"Ewbank da Câmara (MG)";"Total";"3875"
"3125101";"Extrema (MG)";"Total";"53482"
"3125200";"Fama (MG)";"Total";"2578"
"3125309";"Faria Lemos (MG)";"Total";"3188"
"3125408";"Felício dos Santos (MG)";"Total";"5133"
"3125507";"São Gonçalo do Rio Preto (MG)";"Total";"3032"
"3125606";"Felisburgo (MG)";"Total";"6489"
"3125705";"Felixlândia (MG)";"Total";"13978"
"3125804";"Fernandes Tourinho (MG)";"Total";"2789"
"3125903";"Ferros (MG)";"Total";"9590"
"3125952";"Fervedouro (MG)";"Total";"10445"
"3126000";"Florestal (MG)";"Total";"8045"
"3126109";"Formiga (MG)";"Total";"68248"
"3126208";"Formoso (MG)";"Total";"7949"
"3126307";"Fortaleza de Minas (MG)";"Total";"3477"
"3126406";"Fortuna de Minas (MG)";"Total";"3093"
"3126505";"Francisco Badaró (MG)";"Total";"7366"
"3126604";"Francisco Dumont (MG)";"Total";"4503"
"3126703";"Francisco Sá (MG)";"Total";"23476"
"3126752";"Franciscópolis (MG)";"Total";"5034"
"3126802";"Frei Gaspar (MG)";"Total";"5640"
"3126901";"Frei Inocêncio (MG)";"Total";"8226"
"3126950";"Frei Lagonegro (MG)";"Total";"3391"
"3127008";"Fronteira (MG)";"Total";"14540"
"3127057";"Fronteira dos Vales (MG)";"Total";"4345"
"3127073";"Fruta de Leite (MG)";"Total";"4647"
"3127107";"Frutal (MG)";"Total";"58588"
"3127206";"Funilândia (MG)";"Total";"4686"
"3127305";"Galiléia (MG)";"Total";"6222"
"3127339";"Gameleiras (MG)";"Total";"4793"
"3127354";"Glaucilândia (MG)";"Total";"2928"
"3127370";"Goiabeira (MG)";"Total";"2830"
"3127388";"Goianá (MG)";"Total";"4053"
"3127404";"Gonçalves (MG)";"Total";"4727"
"3127503";"Gonzaga (MG)";"Total";"5230"
"3127602";"Gouveia (MG)";"Total";"11331"
"3127701";"Governador Valadares (MG)";"Total";"257171"
"3127800";"Grão Mogol (MG)";"Total";"13901"
"3127909";"Grupiara (MG)";"Total";"1392"
"3128006";"Guanhães (MG)";"Total";"32244"
"3128105";"Guapé (MG)";"Total";"13772"
"3128204";"Guaraciaba (MG)";"Total";"9753"
"3128253";"Guaraciama (MG)";"Total";"5051"
"3128303";"Guaranésia (MG)";"Total";"19150"
"3128402";"Guarani (MG)";"Total";"7714"
"3128501";"Guarará (MG)";"Total";"3149"
"3128600";"Guarda-Mor (MG)";"Total";"6539"
"3128709";"Guaxupé (MG)";"Total";"50911"
"3128808";"Guidoval (MG)";"Total";"7131"
"3128907";"Guimarânia (MG)";"Total";"8478"
"3129004";"Guiricema (MG)";"Total";"7778"
"3129103";"Gurinhatã (MG)";"Total";"5192"
"3129202";"Heliodora (MG)";"Total";"6134"
"3129301";"Iapu (MG)";"Total";"12030"
"3129400";"Ibertioga (MG)";"Total";"5198"
"3129509";"Ibiá (MG)";"Total";"22229"
"3129608";"Ibiaí (MG)";"Total";"6286"
"3129657";"Ibiracatu (MG)";"Total";"5081"
"3129707";"Ibiraci (MG)";"Total";"10948"
"3129806";"Ibirité (MG)";"Total";"170537"
"3129905";"Ibitiúra de Minas (MG)";"Total";"3365"
"3130002";"Ibituruna (MG)";"Total";"2698"
"3130051";"Icaraí de Minas (MG)";"Total";"10677"
"3130101";"Igarapé (MG)";"Total";"45847"
"3130200";"Igaratinga (MG)";"Total";"10830"
"3130309";"Iguatama (MG)";"Total";"6826"
"3130408";"Ijaci (MG)";"Total";"7003"
"3130507";"Ilicínea (MG)";"Total";"12741"
"3130556";"Imbé de Minas (MG)";"Total";"6986"
"3130606";"Inconfidentes (MG)";"Total";"7301"
"3130655";"Indaiabira (MG)";"Total";"6346"
"3130705";"Indianópolis (MG)";"Total";"6171"
"3130804";"Ingaí (MG)";"Total";"2580"
"3130903";"Inhapim (MG)";"Total";"22692"
"3131000";"Inhaúma (MG)";"Total";"6239"
"3131109";"Inimutaba (MG)";"Total";"7371"
"3131158";"Ipaba (MG)";"Total";"17136"
"3131208";"Ipanema (MG)";"Total";"19522"
"3131307";"Ipatinga (MG)";"Total";"227731"
"3131406";"Ipiaçu (MG)";"Total";"3775"
"3131505";"Ipuiúna (MG)";"Total";"9135"
"3131604";"Iraí de Minas (MG)";"Total";"7180"
"3131703";"Itabira (MG)";"Total";"113343"
"3131802";"Itabirinha (MG)";"Total";"10362"
"3131901";"Itabirito (MG)";"Total";"53365"
"3132008";"Itacambira (MG)";"Total";"4252"
"3132107";"Itacarambi (MG)";"Total";"17208"
"3132206";"Itaguara (MG)";"Total";"13846"
"3132305";"Itaipé (MG)";"Total";"10463"
"3132404";"Itajubá (MG)";"Total";"93073"
"3132503";"Itamarandiba (MG)";"Total";"32948"
"3132602";"Itamarati de Minas (MG)";"Total";"3690"
"3132701";"Itambacuri (MG)";"Total";"21042"
"3132800";"Itambé do Mato Dentro (MG)";"Total";"2142"
"3132909";"Itamogi (MG)";"Total";"10770"
"3133006";"Itamonte (MG)";"Total";"14786"
"3133105";"Itanhandu (MG)";"Total";"15236"
"3133204";"Itanhomi (MG)";"Total";"11128"
"3133303";"Itaobim (MG)";"Total";"19151"
"3133402";"Itapagipe (MG)";"Total";"13690"
"3133501";"Itapecerica (MG)";"Total";"21046"
"3133600";"Itapeva (MG)";"Total";"12692"
"3133709";"Itatiaiuçu (MG)";"Total";"12966"
"3133758";"Itaú de Minas (MG)";"Total";"14406"
"3133808";"Itaúna (MG)";"Total";"97669"
"3133907";"Itaverava (MG)";"Total";"5642"
"3134004";"Itinga (MG)";"Total";"13745"
"3134103";"Itueta (MG)";"Total";"6055"
"3134202";"Ituiutaba (MG)";"Total";"102217"
"3134301";"Itumirim (MG)";"Total";"6638"
"3134400";"Iturama (MG)";"Total";"38295"
"3134509";"Itutinga (MG)";"Total";"4217"
"3134608";"Jaboticatubas (MG)";"Total";"20406"
"3134707";"Jacinto (MG)";"Total";"11042"
"3134806";"Jacuí (MG)";"Total";"7495"
"3134905";"Jacutinga (MG)";"Total";"25525"
"3135001";"Jaguaraçu (MG)";"Total";"3092"
"3135050";"Jaíba (MG)";"Total";"37660"
"3135076";"Jampruca (MG)";"Total";"4296"
"3135100";"Janaúba (MG)";"Total";"70699"
"3135209";"Januária (MG)";"Total";"65150"
"3135308";"Japaraíba (MG)";"Total";"4506"
"3135357";"Japonvar (MG)";"Total";"8127"
"3135407";"Jeceaba (MG)";"Total";"6197"
"3135456";"Jenipapo de Minas (MG)";"Total";"6100"
"3135506";"Jequeri (MG)";"Total";"12419"
"3135605";"Jequitaí (MG)";"Total";"6484"
"3135704";"Jequitibá (MG)";"Total";"5883"
"3135803";"Jequitinhonha (MG)";"Total";"24007"
"3135902";"Jesuânia (MG)";"Total";"5138"
"3136009";"Joaíma (MG)";"Total";"13888"
"3136108";"Joanésia (MG)";"Total";"4329"
"3136207";"João Monlevade (MG)";"Total";"80187"
"3136306";"João Pinheiro (MG)";"Total";"46801"
"3136405";"Joaquim Felício (MG)";"Total";"3854"
"3136504";"Jordânia (MG)";"Total";"10304"
"3136520";"José Gonçalves de Minas (MG)";"Total";"3969"
"3136553";"José Raydan (MG)";"Total";"4268"
"3136579";"Josenópolis (MG)";"Total";"3630"
"3136603";"Nova União (MG)";"Total";"5909"
"3136652";"Juatuba (MG)";"Total";"30716"
"3136702";"Juiz de Fora (MG)";"Total";"540756"
"3136801";"Juramento (MG)";"Total";"3768"
"3136900";"Juruaia (MG)";"Total";"11084"
"3136959";"Juvenília (MG)";"Total";"5789"
"3137007";"Ladainha (MG)";"Total";"14383"
"3137106";"Lagamar (MG)";"Total";"6631"
"3137205";"Lagoa da Prata (MG)";"Total";"51412"
"3137304";"Lagoa dos Patos (MG)";"Total";"3313"
"3137403";"Lagoa Dourada (MG)";"Total";"12769"
"3137502";"Lagoa Formosa (MG)";"Total";"18904"
"3137536";"Lagoa Grande (MG)";"Total";"8969"
"3137601";"Lagoa Santa (MG)";"Total";"75145"
"3137700";"Lajinha (MG)";"Total";"20835"
"3137809";"Lambari (MG)";"Total";"20414"
"3137908";"Lamim (MG)";"Total";"3184"
"3138005";"Laranjal (MG)";"Total";"5963"
"3138104";"Lassance (MG)";"Total";"7124"
"3138203";"Lavras (MG)";"Total";"104761"
"3138302";"Leandro Ferreira (MG)";"Total";"3199"
"3138351";"Leme do Prado (MG)";"Total";"4341"
"3138401";"Leopoldina (MG)";"Total";"51145"
"3138500";"Liberdade (MG)";"Total";"4737"
"3138609";"Lima Duarte (MG)";"Total";"17221"
"3138625";"Limeira do Oeste (MG)";"Total";"8687"
"3138658";"Lontra (MG)";"Total";"8790"
"3138674";"Luisburgo (MG)";"Total";"6956"
"3138682";"Luislândia (MG)";"Total";"6210"
"3138708";"Luminárias (MG)";"Total";"5586"
"3138807";"Luz (MG)";"Total";"17875"
"3138906";"Machacalis (MG)";"Total";"6487"
"3139003";"Machado (MG)";"Total";"37684"
"3139102";"Madre de Deus de Minas (MG)";"Total";"5191"
"3139201";"Malacacheta (MG)";"Total";"17516"
"3139250";"Mamonas (MG)";"Total";"5997"
"3139300";"Manga (MG)";"Total";"18886"
"3139409";"Manhuaçu (MG)";"Total";"91886"
"3139508";"Manhumirim (MG)";"Total";"20613"
"3139607";"Mantena (MG)";"Total";"26535"
"3139706";"Maravilhas (MG)";"Total";"7333"
"3139805";"Mar de Espanha (MG)";"Total";"12721"
"3139904";"Maria da Fé (MG)";"Total";"14247"
"3140001";"Mariana (MG)";"Total";"61387"
"3140100";"Marilac (MG)";"Total";"4224"
"3140159";"Mário Campos (MG)";"Total";"15900"
"3140209";"Maripá de Minas (MG)";"Total";"3387"
"3140308";"Marliéria (MG)";"Total";"4592"
"3140407";"Marmelópolis (MG)";"Total";"3200"
"3140506";"Martinho Campos (MG)";"Total";"14003"
"3140530";"Martins Soares (MG)";"Total";"8396"
"3140555";"Mata Verde (MG)";"Total";"9112"
"3140605";"Materlândia (MG)";"Total";"3963"
"3140704";"Mateus Leme (MG)";"Total";"37841"
"3140803";"Matias Barbosa (MG)";"Total";"14121"
"3140852";"Matias Cardoso (MG)";"Total";"8895"
"3140902";"Matipó (MG)";"Total";"18552"
"3141009";"Mato Verde (MG)";"Total";"12038"
"3141108";"Matozinhos (MG)";"Total";"37618"
"3141207";"Matutina (MG)";"Total";"3814"
"3141306";"Medeiros (MG)";"Total";"3900"
"3141405";"Medina (MG)";"Total";"20156"
"3141504";"Mendes Pimentel (MG)";"Total";"5606"
"3141603";"Mercês (MG)";"Total";"10373"
"3141702";"Mesquita (MG)";"Total";"5040"
"3141801";"Minas Novas (MG)";"Total";"24405"
"3141900";"Minduri (MG)";"Total";"3741"
"3142007";"Mirabela (MG)";"Total";"13651"
"3142106";"Miradouro (MG)";"Total";"8968"
"3142205";"Miraí (MG)";"Total";"13633"
"3142254";"Miravânia (MG)";"Total";"3985"
"3142304";"Moeda (MG)";"Total";"5125"
"3142403";"Moema (MG)";"Total";"7548"
"3142502";"Monjolos (MG)";"Total";"2169"
"3142601";"Monsenhor Paulo (MG)";"Total";"8340"
"3142700";"Montalvânia (MG)";"Total";"14060"
"3142809";"Monte Alegre de Minas (MG)";"Total";"20170"
"3142908";"Monte Azul (MG)";"Total";"20328"
"3143005";"Monte Belo (MG)";"Total";"13046"
"3143104";"Monte Carmelo (MG)";"Total";"47692"
"3143153";"Monte Formoso (MG)";"Total";"4381"
"3143203";"Monte Santo de Minas (MG)";"Total";"20890"
"3143302";"Montes Claros (MG)";"Total";"414240"
"3143401";"Monte Sião (MG)";"Total";"24089"
"3143450";"Montezuma (MG)";"Total";"6888"
"3143500";"Morada Nova de Minas (MG)";"Total";"9067"
"3143609";"Morro da Garça (MG)";"Total";"2411"
"3143708";"Morro do Pilar (MG)";"Total";"3133"
"3143807";"Munhoz (MG)";"Total";"7451"
"3143906";"Muriaé (MG)";"Total";"104108"
"3144003";"Mutum (MG)";"Total";"27635"
"3144102";"Muzambinho (MG)";"Total";"21891"
"3144201";"Nacip Raydan (MG)";"Total";"2459"
"3144300";"Nanuque (MG)";"Total";"35038"
"3144359";"Naque (MG)";"Total";"6303"
"3144375";"Natalândia (MG)";"Total";"3520"
"3144409";"Natércia (MG)";"Total";"4691"
"3144508";"Nazareno (MG)";"Total";"8179"
"3144607";"Nepomuceno (MG)";"Total";"25018"
"3144656";"Ninheira (MG)";"Total";"10588"
"3144672";"Nova Belém (MG)";"Total";"3151"
"3144706";"Nova Era (MG)";"Total";"17438"
"3144805";"Nova Lima (MG)";"Total";"111697"
"3144904";"Nova Módica (MG)";"Total";"3663"
"3145000";"Nova Ponte (MG)";"Total";"14598"
"3145059";"Nova Porteirinha (MG)";"Total";"6706"
"3145109";"Nova Resende (MG)";"Total";"16387"
"3145208";"Nova Serrana (MG)";"Total";"105552"
"3145307";"Novo Cruzeiro (MG)";"Total";"26975"
"3145356";"Novo Oriente de Minas (MG)";"Total";"10275"
"3145372";"Novorizonte (MG)";"Total";"4571"
"3145406";"Olaria (MG)";"Total";"1945"
"3145455";"Olhos-d'Água (MG)";"Total";"5385"
"3145505";"Olímpio Noronha (MG)";"Total";"2555"
"3145604";"Oliveira (MG)";"Total";"39262"
"3145703";"Oliveira Fortes (MG)";"Total";"2027"
"3145802";"Onça de Pitangui (MG)";"Total";"2969"
"3145851";"Oratórios (MG)";"Total";"4917"
"3145877";"Orizânia (MG)";"Total";"8437"
"3145901";"Ouro Branco (MG)";"Total";"38724"
"3146008";"Ouro Fino (MG)";"Total";"32094"
"3146107";"Ouro Preto (MG)";"Total";"74821"
"3146206";"Ouro Verde de Minas (MG)";"Total";"5757"
"3146255";"Padre Carvalho (MG)";"Total";"5058"
"3146305";"Padre Paraíso (MG)";"Total";"17334"
"3146404";"Paineiras (MG)";"Total";"4224"
"3146503";"Pains (MG)";"Total";"8142"
"3146552";"Pai Pedro (MG)";"Total";"5551"
"3146602";"Paiva (MG)";"Total";"1474"
"3146701";"Palma (MG)";"Total";"5707"
"3146750";"Palmópolis (MG)";"Total";"6301"
"3146909";"Papagaios (MG)";"Total";"13920"
"3147006";"Paracatu (MG)";"Total";"94023"
"3147105";"Pará de Minas (MG)";"Total";"97139"
"3147204";"Paraguaçu (MG)";"Total";"21723"
"3147303";"Paraisópolis (MG)";"Total";"20445"
"3147402";"Paraopeba (MG)";"Total";"24107"
"3147501";"Passabém (MG)";"Total";"1600"
"3147600";"Passa Quatro (MG)";"Total";"15515"
"3147709";"Passa Tempo (MG)";"Total";"8473"
"3147808";"Passa Vinte (MG)";"Total";"2233"
"3147907";"Passos (MG)";"Total";"111939"
"3147956";"Patis (MG)";"Total";"4837"
"3148004";"Patos de Minas (MG)";"Total";"159235"
"3148103";"Patrocínio (MG)";"Total";"89826"
"3148202";"Patrocínio do Muriaé (MG)";"Total";"5576"
"3148301";"Paula Cândido (MG)";"Total";"8659"
"3148400";"Paulistas (MG)";"Total";"4389"
"3148509";"Pavão (MG)";"Total";"8047"
"3148608";"Peçanha (MG)";"Total";"17446"
"3148707";"Pedra Azul (MG)";"Total";"24410"
"3148756";"Pedra Bonita (MG)";"Total";"7320"
"3148806";"Pedra do Anta (MG)";"Total";"3311"
"3148905";"Pedra do Indaiá (MG)";"Total";"4112"
"3149002";"Pedra Dourada (MG)";"Total";"2757"
"3149101";"Pedralva (MG)";"Total";"10760"
"3149150";"Pedras de Maria da Cruz (MG)";"Total";"10433"
"3149200";"Pedrinópolis (MG)";"Total";"3344"
"3149309";"Pedro Leopoldo (MG)";"Total";"62580"
"3149408";"Pedro Teixeira (MG)";"Total";"1810"
"3149507";"Pequeri (MG)";"Total";"3351"
"3149606";"Pequi (MG)";"Total";"4155"
"3149705";"Perdigão (MG)";"Total";"12268"
"3149804";"Perdizes (MG)";"Total";"17151"
"3149903";"Perdões (MG)";"Total";"21384"
"3149952";"Periquito (MG)";"Total";"6553"
"3150000";"Pescador (MG)";"Total";"3570"
"3150109";"Piau (MG)";"Total";"2796"
"3150158";"Piedade de Caratinga (MG)";"Total";"8529"
"3150208";"Piedade de Ponte Nova (MG)";"Total";"3976"
"3150307";"Piedade do Rio Grande (MG)";"Total";"4604"
"3150406";"Piedade dos Gerais (MG)";"Total";"5019"
"3150505";"Pimenta (MG)";"Total";"8563"
"3150539";"Pingo-d'Água (MG)";"Total";"4706"
"3150570";"Pintópolis (MG)";"Total";"7084"
"3150604";"Piracema (MG)";"Total";"6700"
"3150703";"Pirajuba (MG)";"Total";"5537"
"3150802";"Piranga (MG)";"Total";"17018"
"3150901";"Piranguçu (MG)";"Total";"6041"
"3151008";"Piranguinho (MG)";"Total";"9120"
"3151107";"Pirapetinga (MG)";"Total";"11077"
"3151206";"Pirapora (MG)";"Total";"55606"
"3151305";"Piraúba (MG)";"Total";"11610"
"3151404";"Pitangui (MG)";"Total";"26685"
"3151503";"Piumhi (MG)";"Total";"36062"
"3151602";"Planura (MG)";"Total";"11145"
"3151701";"Poço Fundo (MG)";"Total";"16390"
"3151800";"Poços de Caldas (MG)";"Total";"163742"
"3151909";"Pocrane (MG)";"Total";"8350"
"3152006";"Pompéu (MG)";"Total";"31047"
"3152105";"Ponte Nova (MG)";"Total";"57776"
"3152131";"Ponto Chique (MG)";"Total";"3747"
"3152170";"Ponto dos Volantes (MG)";"Total";"10883"
"3152204";"Porteirinha (MG)";"Total";"37438"
"3152303";"Porto Firme (MG)";"Total";"10569"
"3152402";"Poté (MG)";"Total";"13666"
"3152501";"Pouso Alegre (MG)";"Total";"152217"
"3152600";"Pouso Alto (MG)";"Total";"6566"
"3152709";"Prados (MG)";"Total";"9048"
"3152808";"Prata (MG)";"Total";"28342"
"3152907";"Pratápolis (MG)";"Total";"8406"
"3153004";"Pratinha (MG)";"Total";"3559"
"3153103";"Presidente Bernardes (MG)";"Total";"4850"
"3153202";"Presidente Juscelino (MG)";"Total";"3465"
"3153301";"Presidente Kubitschek (MG)";"Total";"3071"
"3153400";"Presidente Olegário (MG)";"Total";"18765"
"3153509";"Alto Jequitibá (MG)";"Total";"8397"
"3153608";"Prudente de Morais (MG)";"Total";"11466"
"3153707";"Quartel Geral (MG)";"Total";"3179"
"3153806";"Queluzito (MG)";"Total";"1770"
"3153905";"Raposos (MG)";"Total";"16279"
"3154002";"Raul Soares (MG)";"Total";"23423"
"3154101";"Recreio (MG)";"Total";"11007"
"3154150";"Reduto (MG)";"Total";"7848"
"3154200";"Resende Costa (MG)";"Total";"11230"
"3154309";"Resplendor (MG)";"Total";"17226"
"3154408";"Ressaquinha (MG)";"Total";"4548"
"3154457";"Riachinho (MG)";"Total";"6863"
"3154507";"Riacho dos Machados (MG)";"Total";"8756"
"3154606";"Ribeirão das Neves (MG)";"Total";"329794"
"3154705";"Ribeirão Vermelho (MG)";"Total";"4080"
"3154804";"Rio Acima (MG)";"Total";"10261"
"3154903";"Rio Casca (MG)";"Total";"12789"
"3155009";"Rio Doce (MG)";"Total";"2484"
"3155108";"Rio do Prado (MG)";"Total";"4639"
"3155207";"Rio Espera (MG)";"Total";"5429"
"3155306";"Rio Manso (MG)";"Total";"5568"
"3155405";"Rio Novo (MG)";"Total";"8518"
"3155504";"Rio Paranaíba (MG)";"Total";"14532"
"3155603";"Rio Pardo de Minas (MG)";"Total";"28271"
"3155702";"Rio Piracicaba (MG)";"Total";"14631"
"3155801";"Rio Pomba (MG)";"Total";"17443"
"3155900";"Rio Preto (MG)";"Total";"5141"
"3156007";"Rio Vermelho (MG)";"Total";"12641"
"3156106";"Ritápolis (MG)";"Total";"4994"
"3156205";"Rochedo de Minas (MG)";"Total";"2291"
"3156304";"Rodeiro (MG)";"Total";"8664"
"3156403";"Romaria (MG)";"Total";"3386"
"3156452";"Rosário da Limeira (MG)";"Total";"4734"
"3156502";"Rubelita (MG)";"Total";"5679"
"3156601";"Rubim (MG)";"Total";"10298"
"3156700";"Sabará (MG)";"Total";"129380"
"3156809";"Sabinópolis (MG)";"Total";"14240"
"3156908";"Sacramento (MG)";"Total";"26670"
"3157005";"Salinas (MG)";"Total";"40178"
"3157104";"Salto da Divisa (MG)";"Total";"6110"
"3157203";"Santa Bárbara (MG)";"Total";"30466"
"3157252";"Santa Bárbara do Leste (MG)";"Total";"8458"
"3157278";"Santa Bárbara do Monte Verde (MG)";"Total";"3095"
"3157302";"Santa Bárbara do Tugúrio (MG)";"Total";"4208"
"3157336";"Santa Cruz de Minas (MG)";"Total";"8109"
"3157377";"Santa Cruz de Salinas (MG)";"Total";"3910"
"3157401";"Santa Cruz do Escalvado (MG)";"Total";"4673"
"3157500";"Santa Efigênia de Minas (MG)";"Total";"4039"
"3157609";"Santa Fé de Minas (MG)";"Total";"3522"
"3157658";"Santa Helena de Minas (MG)";"Total";"5938"
"3157708";"Santa Juliana (MG)";"Total";"15734"
"3157807";"Santa Luzia (MG)";"Total";"219132"
"3157906";"Santa Margarida (MG)";"Total";"16395"
"3158003";"Santa Maria de Itabira (MG)";"Total";"10485"
"3158102";"Santa Maria do Salto (MG)";"Total";"4755"
"3158201";"Santa Maria do Suaçuí (MG)";"Total";"12788"
"3158300";"Santana da Vargem (MG)";"Total";"6691"
"3158409";"Santana de Cataguases (MG)";"Total";"3489"
"3158508";"Santana de Pirapama (MG)";"Total";"7030"
"3158607";"Santana do Deserto (MG)";"Total";"3747"
"3158706";"Santana do Garambéu (MG)";"Total";"2137"
"3158805";"Santana do Jacaré (MG)";"Total";"4214"
"3158904";"Santana do Manhuaçu (MG)";"Total";"8987"
"3158953";"Santana do Paraíso (MG)";"Total";"44800"
"3159001";"Santana do Riacho (MG)";"Total";"5313"
"3159100";"Santana dos Montes (MG)";"Total";"3469"
"3159209";"Santa Rita de Caldas (MG)";"Total";"8460"
"3159308";"Santa Rita de Jacutinga (MG)";"Total";"4755"
"3159357";"Santa Rita de Minas (MG)";"Total";"6773"
"3159407";"Santa Rita de Ibitipoca (MG)";"Total";"3301"
"3159506";"Santa Rita do Itueto (MG)";"Total";"5826"
"3159605";"Santa Rita do Sapucaí (MG)";"Total";"40635"
"3159704";"Santa Rosa da Serra (MG)";"Total";"3382"
"3159803";"Santa Vitória (MG)";"Total";"20973"
"3159902";"Santo Antônio do Amparo (MG)";"Total";"17285"
"3160009";"Santo Antônio do Aventureiro (MG)";"Total";"3769"
"3160108";"Santo Antônio do Grama (MG)";"Total";"4229"
"3160207";"Santo Antônio do Itambé (MG)";"Total";"3915"
"3160306";"Santo Antônio do Jacinto (MG)";"Total";"10327"
"3160405";"Santo Antônio do Monte (MG)";"Total";"27295"
"3160454";"Santo Antônio do Retiro (MG)";"Total";"6629"
"3160504";"Santo Antônio do Rio Abaixo (MG)";"Total";"1808"
"3160603";"Santo Hipólito (MG)";"Total";"2717"
"3160702";"Santos Dumont (MG)";"Total";"42406"
"3160801";"São Bento Abade (MG)";"Total";"4713"
"3160900";"São Brás do Suaçuí (MG)";"Total";"3989"
"3160959";"São Domingos das Dores (MG)";"Total";"5626"
"3161007";"São Domingos do Prata (MG)";"Total";"17392"
"3161056";"São Félix de Minas (MG)";"Total";"3200"
"3161106";"São Francisco (MG)";"Total";"52762"
"3161205";"São Francisco de Paula (MG)";"Total";"6187"
"3161304";"São Francisco de Sales (MG)";"Total";"5732"
"3161403";"São Francisco do Glória (MG)";"Total";"4800"
"3161502";"São Geraldo (MG)";"Total";"10282"
"3161601";"São Geraldo da Piedade (MG)";"Total";"3305"
"3161650";"São Geraldo do Baixio (MG)";"Total";"3143"
"3161700";"São Gonçalo do Abaeté (MG)";"Total";"7375"
"3161809";"São Gonçalo do Pará (MG)";"Total";"11770"
"3161908";"São Gonçalo do Rio Abaixo (MG)";"Total";"11850"
"3162005";"São Gonçalo do Sapucaí (MG)";"Total";"23959"
"3162104";"São Gotardo (MG)";"Total";"40910"
"3162203";"São João Batista do Glória (MG)";"Total";"7652"
"3162252";"São João da Lagoa (MG)";"Total";"4822"
"3162302";"São João da Mata (MG)";"Total";"2914"
"3162401";"São João da Ponte (MG)";"Total";"23930"
"3162450";"São João das Missões (MG)";"Total";"13024"
"3162500";"São João del Rei (MG)";"Total";"90225"
"3162559";"São João do Manhuaçu (MG)";"Total";"11246"
"3162575";"São João do Manteninha (MG)";"Total";"5331"
"3162609";"São João do Oriente (MG)";"Total";"7070"
"3162658";"São João do Pacuí (MG)";"Total";"3972"
"3162708";"São João do Paraíso (MG)";"Total";"23910"
"3162807";"São João Evangelista (MG)";"Total";"15315"
"3162906";"São João Nepomuceno (MG)";"Total";"25565"
"3162922";"São Joaquim de Bicas (MG)";"Total";"34348"
"3162948";"São José da Barra (MG)";"Total";"7793"
"3162955";"São José da Lapa (MG)";"Total";"26090"
"3163003";"São José da Safira (MG)";"Total";"3806"
"3163102";"São José da Varginha (MG)";"Total";"4536"
"3163201";"São José do Alegre (MG)";"Total";"4133"
"3163300";"São José do Divino (MG)";"Total";"3464"
"3163409";"São José do Goiabal (MG)";"Total";"5396"
"3163508";"São José do Jacuri (MG)";"Total";"6197"
"3163607";"São José do Mantimento (MG)";"Total";"2753"
"3163706";"São Lourenço (MG)";"Total";"44798"
"3163805";"São Miguel do Anta (MG)";"Total";"6334"
"3163904";"São Pedro da União (MG)";"Total";"4885"
"3164001";"São Pedro dos Ferros (MG)";"Total";"7166"
"3164100";"São Pedro do Suaçuí (MG)";"Total";"5103"
"3164209";"São Romão (MG)";"Total";"10315"
"3164308";"São Roque de Minas (MG)";"Total";"7129"
"3164407";"São Sebastião da Bela Vista (MG)";"Total";"6387"
"3164431";"São Sebastião da Vargem Alegre (MG)";"Total";"3113"
"3164472";"São Sebastião do Anta (MG)";"Total";"6194"
"3164506";"São Sebastião do Maranhão (MG)";"Total";"10079"
"3164605";"São Sebastião do Oeste (MG)";"Total";"8815"
"3164704";"São Sebastião do Paraíso (MG)";"Total";"71796"
"3164803";"São Sebastião do Rio Preto (MG)";"Total";"1259"
"3164902";"São Sebastião do Rio Verde (MG)";"Total";"2300"
"3165008";"São Tiago (MG)";"Total";"11192"
"3165107";"São Tomás de Aquino (MG)";"Total";"6740"
"3165206";"São Tomé das Letras (MG)";"Total";"6904"
"3165305";"São Vicente de Minas (MG)";"Total";"6804"
"3165404";"Sapucaí-Mirim (MG)";"Total";"6311"
"3165503";"Sardoá (MG)";"Total";"5104"
"3165537";"Sarzedo (MG)";"Total";"36844"
"3165552";"Setubinha (MG)";"Total";"9917"
"3165560";"Sem-Peixe (MG)";"Total";"2433"
"3165578";"Senador Amaral (MG)";"Total";"6206"
"3165602";"Senador Cortes (MG)";"Total";"2240"
"3165701";"Senador Firmino (MG)";"Total";"7716"
"3165800";"Senador José Bento (MG)";"Total";"2068"
"3165909";"Senador Modestino Gonçalves (MG)";"Total";"4008"
"3166006";"Senhora de Oliveira (MG)";"Total";"5483"
"3166105";"Senhora do Porto (MG)";"Total";"3067"
"3166204";"Senhora dos Remédios (MG)";"Total";"10384"
"3166303";"Sericita (MG)";"Total";"7345"
"3166402";"Seritinga (MG)";"Total";"1819"
"3166501";"Serra Azul de Minas (MG)";"Total";"3792"
"3166600";"Serra da Saudade (MG)";"Total";"833"
"3166709";"Serra dos Aimorés (MG)";"Total";"6944"
"3166808";"Serra do Salitre (MG)";"Total";"11801"
"3166907";"Serrania (MG)";"Total";"7621"
"3166956";"Serranópolis de Minas (MG)";"Total";"4399"
"3167004";"Serranos (MG)";"Total";"1990"
"3167103";"Serro (MG)";"Total";"21952"
"3167202";"Sete Lagoas (MG)";"Total";"227397"
"3167301";"Silveirânia (MG)";"Total";"2323"
"3167400";"Silvianópolis (MG)";"Total";"6179"
"3167509";"Simão Pereira (MG)";"Total";"2947"
"3167608";"Simonésia (MG)";"Total";"19750"
"3167707";"Sobrália (MG)";"Total";"5137"
"3167806";"Soledade de Minas (MG)";"Total";"5613"
"3167905";"Tabuleiro (MG)";"Total";"4014"
"3168002";"Taiobeiras (MG)";"Total";"33050"
"3168051";"Taparuba (MG)";"Total";"3387"
"3168101";"Tapira (MG)";"Total";"4118"
"3168200";"Tapiraí (MG)";"Total";"1690"
"3168309";"Taquaraçu de Minas (MG)";"Total";"4224"
"3168408";"Tarumirim (MG)";"Total";"14709"
"3168507";"Teixeiras (MG)";"Total";"12255"
"3168606";"Teófilo Otoni (MG)";"Total";"137418"
"3168705";"Timóteo (MG)";"Total";"81579"
"3168804";"Tiradentes (MG)";"Total";"7744"
"3168903";"Tiros (MG)";"Total";"7883"
"3169000";"Tocantins (MG)";"Total";"16185"
"3169059";"Tocos do Moji (MG)";"Total";"3826"
"3169109";"Toledo (MG)";"Total";"7214"
"3169208";"Tombos (MG)";"Total";"8609"
"3169307";"Três Corações (MG)";"Total";"75485"
"3169356";"Três Marias (MG)";"Total";"28895"
"3169406";"Três Pontas (MG)";"Total";"55255"
"3169505";"Tumiritinga (MG)";"Total";"5886"
"3169604";"Tupaciguara (MG)";"Total";"25470"
"3169703";"Turmalina (MG)";"Total";"20000"
"3169802";"Turvolândia (MG)";"Total";"4935"
"3169901";"Ubá (MG)";"Total";"103365"
"3170008";"Ubaí (MG)";"Total";"11708"
"3170057";"Ubaporanga (MG)";"Total";"13017"
"3170107";"Uberaba (MG)";"Total";"337836"
"3170206";"Uberlândia (MG)";"Total";"713224"
"3170305";"Umburatiba (MG)";"Total";"2684"
"3170404";"Unaí (MG)";"Total";"86619"
"3170438";"União de Minas (MG)";"Total";"3828"
"3170479";"Uruana de Minas (MG)";"Total";"3282"
"3170503";"Urucânia (MG)";"Total";"10600"
"3170529";"Urucuia (MG)";"Total";"17479"
"3170578";"Vargem Alegre (MG)";"Total";"5780"
"3170602";"Vargem Bonita (MG)";"Total";"2158"
"3170651";"Vargem Grande do Rio Pardo (MG)";"Total";"4633"
"3170701";"Varginha (MG)";"Total";"136467"
"3170750";"Varjão de Minas (MG)";"Total";"6969"
"3170800";"Várzea da Palma (MG)";"Total";"33744"
"3170909";"Varzelândia (MG)";"Total";"18840"
"3171006";"Vazante (MG)";"Total";"19975"
"3171030";"Verdelândia (MG)";"Total";"7672"
"3171071";"Veredinha (MG)";"Total";"5181"
"3171105";"Veríssimo (MG)";"Total";"3411"
"3171154";"Vermelho Novo (MG)";"Total";"4899"
"3171204";"Vespasiano (MG)";"Total";"129246"
"3171303";"Viçosa (MG)";"Total";"76430"
"3171402";"Vieiras (MG)";"Total";"3700"
"3171501";"Mathias Lobato (MG)";"Total";"3038"
"3171600";"Virgem da Lapa (MG)";"Total";"11804"
"3171709";"Virgínia (MG)";"Total";"8908"
"3171808";"Virginópolis (MG)";"Total";"10314"
"3171907";"Virgolândia (MG)";"Total";"4552"
"3172004";"Visconde do Rio Branco (MG)";"Total";"39160"
"3172103";"Volta Grande (MG)";"Total";"4443"
"3172202";"Wenceslau Braz (MG)";"Total";"2356"
"3200102";"Afonso Cláudio (ES)";"Total";"30684"
"3200136";"Águia Branca (ES)";"Total";"9711"
"3200169";"Água Doce do Norte (ES)";"Total";"12042"
"3200201";"Alegre (ES)";"Total";"29177"
"3200300";"Alfredo Chaves (ES)";"Total";"13836"
"3200359";"Alto Rio Novo (ES)";"Total";"7434"
"3200409";"Anchieta (ES)";"Total";"29984"
"3200508";"Apiacá (ES)";"Total";"7223"
"3200607";"Aracruz (ES)";"Total";"94765"
"3200706";"Atílio Vivácqua (ES)";"Total";"10540"
"3200805";"Baixo Guandu (ES)";"Total";"30674"
"3200904";"Barra de São Francisco (ES)";"Total";"42498"
"3201001";"Boa Esperança (ES)";"Total";"13608"
"3201100";"Bom Jesus do Norte (ES)";"Total";"10254"
"3201159";"Brejetuba (ES)";"Total";"12985"
"3201209";"Cachoeiro de Itapemirim (ES)";"Total";"185786"
"3201308";"Cariacica (ES)";"Total";"353491"
"3201407";"Castelo (ES)";"Total";"36930"
"3201506";"Colatina (ES)";"Total";"120033"
"3201605";"Conceição da Barra (ES)";"Total";"27458"
"3201704";"Conceição do Castelo (ES)";"Total";"11937"
"3201803";"Divino de São Lourenço (ES)";"Total";"5083"
"3201902";"Domingos Martins (ES)";"Total";"35416"
"3202009";"Dores do Rio Preto (ES)";"Total";"6596"
"3202108";"Ecoporanga (ES)";"Total";"21992"
"3202207";"Fundão (ES)";"Total";"18014"
"3202256";"Governador Lindenberg (ES)";"Total";"11009"
"3202306";"Guaçuí (ES)";"Total";"29358"
"3202405";"Guarapari (ES)";"Total";"124656"
"3202454";"Ibatiba (ES)";"Total";"25380"
"3202504";"Ibiraçu (ES)";"Total";"11723"
"3202553";"Ibitirama (ES)";"Total";"9520"
"3202603";"Iconha (ES)";"Total";"12326"
"3202652";"Irupi (ES)";"Total";"13710"
"3202702";"Itaguaçu (ES)";"Total";"13589"
"3202801";"Itapemirim (ES)";"Total";"39832"
"3202900";"Itarana (ES)";"Total";"10597"
"3203007";"Iúna (ES)";"Total";"28590"
"3203056";"Jaguaré (ES)";"Total";"28931"
"3203106";"Jerônimo Monteiro (ES)";"Total";"11575"
"3203130";"João Neiva (ES)";"Total";"14079"
"3203163";"Laranja da Terra (ES)";"Total";"11094"
"3203205";"Linhares (ES)";"Total";"166786"
"3203304";"Mantenópolis (ES)";"Total";"12770"
"3203320";"Marataízes (ES)";"Total";"41929"
"3203346";"Marechal Floriano (ES)";"Total";"17641"
"3203353";"Marilândia (ES)";"Total";"12387"
"3203403";"Mimoso do Sul (ES)";"Total";"24475"
"3203502";"Montanha (ES)";"Total";"18900"
"3203601";"Mucurici (ES)";"Total";"5466"
"3203700";"Muniz Freire (ES)";"Total";"18153"
"3203809";"Muqui (ES)";"Total";"13745"
"3203908";"Nova Venécia (ES)";"Total";"49065"
"3204005";"Pancas (ES)";"Total";"18893"
"3204054";"Pedro Canário (ES)";"Total";"21522"
"3204104";"Pinheiros (ES)";"Total";"23915"
"3204203";"Piúma (ES)";"Total";"22300"
"3204252";"Ponto Belo (ES)";"Total";"6497"
"3204302";"Presidente Kennedy (ES)";"Total";"13696"
"3204351";"Rio Bananal (ES)";"Total";"19274"
"3204401";"Rio Novo do Sul (ES)";"Total";"11069"
"3204500";"Santa Leopoldina (ES)";"Total";"13106"
"3204559";"Santa Maria de Jetibá (ES)";"Total";"41636"
"3204609";"Santa Teresa (ES)";"Total";"22808"
"3204658";"São Domingos do Norte (ES)";"Total";"8589"
"3204708";"São Gabriel da Palha (ES)";"Total";"32252"
"3204807";"São José do Calçado (ES)";"Total";"10878"
"3204906";"São Mateus (ES)";"Total";"123752"
"3204955";"São Roque do Canaã (ES)";"Total";"10886"
"3205002";"Serra (ES)";"Total";"520653"
"3205010";"Sooretama (ES)";"Total";"26502"
"3205036";"Vargem Alta (ES)";"Total";"19563"
"3205069";"Venda Nova do Imigrante (ES)";"Total";"23831"
"3205101";"Viana (ES)";"Total";"73423"
"3205150";"Vila Pavão (ES)";"Total";"8911"
"3205176";"Vila Valério (ES)";"Total";"13728"
"3205200";"Vila Velha (ES)";"Total";"467722"
"3205309";"Vitória (ES)";"Total";"322869"
"3300100";"Angra dos Reis (RJ)";"Total";"167434"
"3300159";"Aperibé (RJ)";"Total";"11034"
"3300209";"Araruama (RJ)";"Total";"129671"
"3300225";"Areal (RJ)";"Total";"11828"
"3300233";"Armação dos Búzios (RJ)";"Total";"40006"
"3300258";"Arraial do Cabo (RJ)";"Total";"30986"
"3300308";"Barra do Piraí (RJ)";"Total";"92883"
"3300407";"Barra Mansa (RJ)";"Total";"169894"
"3300456";"Belford Roxo (RJ)";"Total";"483087"
"3300506";"Bom Jardim (RJ)";"Total";"28102"
"3300605";"Bom Jesus do Itabapoana (RJ)";"Total";"35173"
"3300704";"Cabo Frio (RJ)";"Total";"222161"
"3300803";"Cachoeiras de Macacu (RJ)";"Total";"56943"
"3300902";"Cambuci (RJ)";"Total";"14616"
"3300936";"Carapebus (RJ)";"Total";"13847"
"3300951";"Comendador Levy Gasparian (RJ)";"Total";"8741"
"3301009";"Campos dos Goytacazes (RJ)";"Total";"483540"
"3301108";"Cantagalo (RJ)";"Total";"19390"
"3301157";"Cardoso Moreira (RJ)";"Total";"12958"
"3301207";"Carmo (RJ)";"Total";"17198"
"3301306";"Casimiro de Abreu (RJ)";"Total";"46110"
"3301405";"Conceição de Macabu (RJ)";"Total";"21104"
"3301504";"Cordeiro (RJ)";"Total";"20783"
"3301603";"Duas Barras (RJ)";"Total";"10980"
"3301702";"Duque de Caxias (RJ)";"Total";"808161"
"3301801";"Engenheiro Paulo de Frontin (RJ)";"Total";"12242"
"3301850";"Guapimirim (RJ)";"Total";"51696"
"3301876";"Iguaba Grande (RJ)";"Total";"27920"
"3301900";"Itaboraí (RJ)";"Total";"224267"
"3302007";"Itaguaí (RJ)";"Total";"116841"
"3302056";"Italva (RJ)";"Total";"14073"
"3302106";"Itaocara (RJ)";"Total";"22919"
"3302205";"Itaperuna (RJ)";"Total";"101041"
"3302254";"Itatiaia (RJ)";"Total";"30908"
"3302270";"Japeri (RJ)";"Total";"96289"
"3302304";"Laje do Muriaé (RJ)";"Total";"7336"
"3302403";"Macaé (RJ)";"Total";"246391"
"3302452";"Macuco (RJ)";"Total";"5415"
"3302502";"Magé (RJ)";"Total";"228127"
"3302601";"Mangaratiba (RJ)";"Total";"41220"
"3302700";"Maricá (RJ)";"Total";"197277"
"3302809";"Mendes (RJ)";"Total";"17502"
"3302858";"Mesquita (RJ)";"Total";"167127"
"3302908";"Miguel Pereira (RJ)";"Total";"26582"
"3303005";"Miracema (RJ)";"Total";"26881"
"3303104";"Natividade (RJ)";"Total";"15074"
"3303203";"Nilópolis (RJ)";"Total";"146774"
"3303302";"Niterói (RJ)";"Total";"481749"
"3303401";"Nova Friburgo (RJ)";"Total";"189939"
"3303500";"Nova Iguaçu (RJ)";"Total";"785867"
"3303609";"Paracambi (RJ)";"Total";"41375"
"3303708";"Paraíba do Sul (RJ)";"Total";"42063"
"3303807";"Paraty (RJ)";"Total";"45243"
"3303856";"Paty do Alferes (RJ)";"Total";"29619"
"3303906";"Petrópolis (RJ)";"Total";"278881"
"3303955";"Pinheiral (RJ)";"Total";"24298"
"3304003";"Piraí (RJ)";"Total";"27474"
"3304102";"Porciúncula (RJ)";"Total";"17288"
"3304110";"Porto Real (RJ)";"Total";"20373"
"3304128";"Quatis (RJ)";"Total";"13682"
"3304144";"Queimados (RJ)";"Total";"140523"
"3304151";"Quissamã (RJ)";"Total";"22393"
"3304201";"Resende (RJ)";"Total";"129612"
"3304300";"Rio Bonito (RJ)";"Total";"56276"
"3304409";"Rio Claro (RJ)";"Total";"17401"
"3304508";"Rio das Flores (RJ)";"Total";"8954"
"3304524";"Rio das Ostras (RJ)";"Total";"156491"
"3304557";"Rio de Janeiro (RJ)";"Total";"6211223"
"3304607";"Santa Maria Madalena (RJ)";"Total";"10232"
"3304706";"Santo Antônio de Pádua (RJ)";"Total";"41325"
"3304755";"São Francisco de Itabapoana (RJ)";"Total";"45059"
"3304805";"São Fidélis (RJ)";"Total";"38961"
"3304904";"São Gonçalo (RJ)";"Total";"896744"
"3305000";"São João da Barra (RJ)";"Total";"36573"
"3305109";"São João de Meriti (RJ)";"Total";"440962"
"3305133";"São José de Ubá (RJ)";"Total";"7070"
"3305158";"São José do Vale do Rio Preto (RJ)";"Total";"22080"
"3305208";"São Pedro da Aldeia (RJ)";"Total";"104029"
"3305307";"São Sebastião do Alto (RJ)";"Total";"7750"
"3305406";"Sapucaia (RJ)";"Total";"17729"
"3305505";"Saquarema (RJ)";"Total";"89559"
"3305554";"Seropédica (RJ)";"Total";"80596"
"3305604";"Silva Jardim (RJ)";"Total";"21352"
"3305703";"Sumidouro (RJ)";"Total";"15206"
"3305752";"Tanguá (RJ)";"Total";"31086"
"3305802";"Teresópolis (RJ)";"Total";"165123"
"3305901";"Trajano de Moraes (RJ)";"Total";"10302"
"3306008";"Três Rios (RJ)";"Total";"78346"
"3306107";"Valença (RJ)";"Total";"68088"
"3306156";"Varre-Sai (RJ)";"Total";"10207"
"3306206";"Vassouras (RJ)";"Total";"33976"
"3306305";"Volta Redonda (RJ)";"Total";"261563"
"3500105";"Adamantina (SP)";"Total";"34687"
"3500204";"Adolfo (SP)";"Total";"4351"
"3500303";"Aguaí (SP)";"Total";"32072"
"3500402";"Águas da Prata (SP)";"Total";"7369"
"3500501";"Águas de Lindóia (SP)";"Total";"17930"
"3500550";"Águas de Santa Bárbara (SP)";"Total";"7177"
"3500600";"Águas de São Pedro (SP)";"Total";"2780"
"3500709";"Agudos (SP)";"Total";"37680"
"3500758";"Alambari (SP)";"Total";"6141"
"3500808";"Alfredo Marcondes (SP)";"Total";"4445"
"3500907";"Altair (SP)";"Total";"3451"
"3501004";"Altinópolis (SP)";"Total";"16818"
"3501103";"Alto Alegre (SP)";"Total";"3841"
"3501152";"Alumínio (SP)";"Total";"17301"
"3501202";"Álvares Florence (SP)";"Total";"3915"
"3501301";"Álvares Machado (SP)";"Total";"27255"
"3501400";"Álvaro de Carvalho (SP)";"Total";"4808"
"3501509";"Alvinlândia (SP)";"Total";"2885"
"3501608";"Americana (SP)";"Total";"237240"
"3501707";"Américo Brasiliense (SP)";"Total";"33019"
"3501806";"Américo de Campos (SP)";"Total";"5870"
"3501905";"Amparo (SP)";"Total";"68008"
"3502002";"Analândia (SP)";"Total";"4589"
"3502101";"Andradina (SP)";"Total";"59783"
"3502200";"Angatuba (SP)";"Total";"24022"
"3502309";"Anhembi (SP)";"Total";"5674"
"3502408";"Anhumas (SP)";"Total";"4023"
"3502507";"Aparecida (SP)";"Total";"32569"
"3502606";"Aparecida d'Oeste (SP)";"Total";"4086"
"3502705";"Apiaí (SP)";"Total";"24585"
"3502754";"Araçariguama (SP)";"Total";"21522"
"3502804";"Araçatuba (SP)";"Total";"200124"
"3502903";"Araçoiaba da Serra (SP)";"Total";"32443"
"3503000";"Aramina (SP)";"Total";"5420"
"3503109";"Arandu (SP)";"Total";"6885"
"3503158";"Arapeí (SP)";"Total";"2330"
"3503208";"Araraquara (SP)";"Total";"242228"
"3503307";"Araras (SP)";"Total";"130866"
"3503356";"Arco-Íris (SP)";"Total";"2044"
"3503406";"Arealva (SP)";"Total";"8130"
"3503505";"Areias (SP)";"Total";"3577"
"3503604";"Areiópolis (SP)";"Total";"10130"
"3503703";"Ariranha (SP)";"Total";"7602"
"3503802";"Artur Nogueira (SP)";"Total";"51456"
"3503901";"Arujá (SP)";"Total";"86678"
"3503950";"Aspásia (SP)";"Total";"1842"
"3504008";"Assis (SP)";"Total";"101409"
"3504107";"Atibaia (SP)";"Total";"158647"
"3504206";"Auriflama (SP)";"Total";"13692"
"3504305";"Avaí (SP)";"Total";"4483"
"3504404";"Avanhandava (SP)";"Total";"11263"
"3504503";"Avaré (SP)";"Total";"92805"
"3504602";"Bady Bassitt (SP)";"Total";"27260"
"3504701";"Balbinos (SP)";"Total";"3887"
"3504800";"Bálsamo (SP)";"Total";"9596"
"3504909";"Bananal (SP)";"Total";"9969"
"3505005";"Barão de Antonina (SP)";"Total";"3531"
"3505104";"Barbosa (SP)";"Total";"5640"
"3505203";"Bariri (SP)";"Total";"31595"
"3505302";"Barra Bonita (SP)";"Total";"34346"
"3505351";"Barra do Chapéu (SP)";"Total";"5179"
"3505401";"Barra do Turvo (SP)";"Total";"6876"
"3505500";"Barretos (SP)";"Total";"122485"
"3505609";"Barrinha (SP)";"Total";"32092"
"3505708";"Barueri (SP)";"Total";"316473"
"3505807";"Bastos (SP)";"Total";"21503"
"3505906";"Batatais (SP)";"Total";"58402"
"3506003";"Bauru (SP)";"Total";"379146"
"3506102";"Bebedouro (SP)";"Total";"76373"
"3506201";"Bento de Abreu (SP)";"Total";"2606"
"3506300";"Bernardino de Campos (SP)";"Total";"11607"
"3506359";"Bertioga (SP)";"Total";"64188"
"3506409";"Bilac (SP)";"Total";"7319"
"3506508";"Birigui (SP)";"Total";"118979"
"3506607";"Biritiba Mirim (SP)";"Total";"29683"
"3506706";"Boa Esperança do Sul (SP)";"Total";"12978"
"3506805";"Bocaina (SP)";"Total";"11259"
"3506904";"Bofete (SP)";"Total";"10460"
"3507001";"Boituva (SP)";"Total";"61081"
"3507100";"Bom Jesus dos Perdões (SP)";"Total";"22006"
"3507159";"Bom Sucesso de Itararé (SP)";"Total";"3555"
"3507209";"Borá (SP)";"Total";"907"
"3507308";"Boracéia (SP)";"Total";"4715"
"3507407";"Borborema (SP)";"Total";"14226"
"3507456";"Borebi (SP)";"Total";"2713"
"3507506";"Botucatu (SP)";"Total";"145155"
"3507605";"Bragança Paulista (SP)";"Total";"176811"
"3507704";"Braúna (SP)";"Total";"5356"
"3507753";"Brejo Alegre (SP)";"Total";"2565"
"3507803";"Brodowski (SP)";"Total";"25201"
"3507902";"Brotas (SP)";"Total";"23898"
"3508009";"Buri (SP)";"Total";"20250"
"3508108";"Buritama (SP)";"Total";"17210"
"3508207";"Buritizal (SP)";"Total";"4356"
"3508306";"Cabrália Paulista (SP)";"Total";"4299"
"3508405";"Cabreúva (SP)";"Total";"47011"
"3508504";"Caçapava (SP)";"Total";"96202"
"3508603";"Cachoeira Paulista (SP)";"Total";"31564"
"3508702";"Caconde (SP)";"Total";"17101"
"3508801";"Cafelândia (SP)";"Total";"16654"
"3508900";"Caiabu (SP)";"Total";"3712"
"3509007";"Caieiras (SP)";"Total";"95032"
"3509106";"Caiuá (SP)";"Total";"5466"
"3509205";"Cajamar (SP)";"Total";"92689"
"3509254";"Cajati (SP)";"Total";"28515"
"3509304";"Cajobi (SP)";"Total";"9133"
"3509403";"Cajuru (SP)";"Total";"23830"
"3509452";"Campina do Monte Alegre (SP)";"Total";"5954"
"3509502";"Campinas (SP)";"Total";"1139047"
"3509601";"Campo Limpo Paulista (SP)";"Total";"77632"
"3509700";"Campos do Jordão (SP)";"Total";"46974"
"3509809";"Campos Novos Paulista (SP)";"Total";"4888"
"3509908";"Cananéia (SP)";"Total";"12289"
"3509957";"Canas (SP)";"Total";"4931"
"3510005";"Cândido Mota (SP)";"Total";"29449"
"3510104";"Cândido Rodrigues (SP)";"Total";"2889"
"3510153";"Canitar (SP)";"Total";"6283"
"3510203";"Capão Bonito (SP)";"Total";"46337"
"3510302";"Capela do Alto (SP)";"Total";"22866"
"3510401";"Capivari (SP)";"Total";"50068"
"3510500";"Caraguatatuba (SP)";"Total";"134873"
"3510609";"Carapicuíba (SP)";"Total";"386984"
"3510708";"Cardoso (SP)";"Total";"11345"
"3510807";"Casa Branca (SP)";"Total";"28083"
"3510906";"Cássia dos Coqueiros (SP)";"Total";"2799"
"3511003";"Castilho (SP)";"Total";"19977"
"3511102";"Catanduva (SP)";"Total";"115791"
"3511201";"Catiguá (SP)";"Total";"7003"
"3511300";"Cedral (SP)";"Total";"12618"
"3511409";"Cerqueira César (SP)";"Total";"21469"
"3511508";"Cerquilho (SP)";"Total";"44695"
"3511607";"Cesário Lange (SP)";"Total";"19048"
"3511706";"Charqueada (SP)";"Total";"15535"
"3511904";"Clementina (SP)";"Total";"6982"
"3512001";"Colina (SP)";"Total";"18486"
"3512100";"Colômbia (SP)";"Total";"6629"
"3512209";"Conchal (SP)";"Total";"28101"
"3512308";"Conchas (SP)";"Total";"15232"
"3512407";"Cordeirópolis (SP)";"Total";"24514"
"3512506";"Coroados (SP)";"Total";"5400"
"3512605";"Coronel Macedo (SP)";"Total";"4280"
"3512704";"Corumbataí (SP)";"Total";"4195"
"3512803";"Cosmópolis (SP)";"Total";"59773"
"3512902";"Cosmorama (SP)";"Total";"8719"
"3513009";"Cotia (SP)";"Total";"274413"
"3513108";"Cravinhos (SP)";"Total";"33281"
"3513207";"Cristais Paulista (SP)";"Total";"9272"
"3513306";"Cruzália (SP)";"Total";"2108"
"3513405";"Cruzeiro (SP)";"Total";"74961"
"3513504";"Cubatão (SP)";"Total";"112476"
"3513603";"Cunha (SP)";"Total";"22110"
"3513702";"Descalvado (SP)";"Total";"31756"
"3513801";"Diadema (SP)";"Total";"393237"
"3513850";"Dirce Reis (SP)";"Total";"1620"
"3513900";"Divinolândia (SP)";"Total";"11158"
"3514007";"Dobrada (SP)";"Total";"8759"
"3514106";"Dois Córregos (SP)";"Total";"24510"
"3514205";"Dolcinópolis (SP)";"Total";"2207"
"3514304";"Dourado (SP)";"Total";"8096"
"3514403";"Dracena (SP)";"Total";"45474"
"3514502";"Duartina (SP)";"Total";"12328"
"3514601";"Dumont (SP)";"Total";"9471"
"3514700";"Echaporã (SP)";"Total";"6205"
"3514809";"Eldorado (SP)";"Total";"13069"
"3514908";"Elias Fausto (SP)";"Total";"17699"
"3514924";"Elisiário (SP)";"Total";"3138"
"3514957";"Embaúba (SP)";"Total";"2323"
"3515004";"Embu das Artes (SP)";"Total";"250691"
"3515103";"Embu-Guaçu (SP)";"Total";"66970"
"3515129";"Emilianópolis (SP)";"Total";"3014"
"3515152";"Engenheiro Coelho (SP)";"Total";"19566"
"3515186";"Espírito Santo do Pinhal (SP)";"Total";"39816"
"3515194";"Espírito Santo do Turvo (SP)";"Total";"4157"
"3515202";"Estrela d'Oeste (SP)";"Total";"9417"
"3515301";"Estrela do Norte (SP)";"Total";"2703"
"3515350";"Euclides da Cunha Paulista (SP)";"Total";"7924"
"3515400";"Fartura (SP)";"Total";"16641"
"3515509";"Fernandópolis (SP)";"Total";"71186"
"3515608";"Fernando Prestes (SP)";"Total";"5942"
"3515657";"Fernão (SP)";"Total";"1656"
"3515707";"Ferraz de Vasconcelos (SP)";"Total";"179198"
"3515806";"Flora Rica (SP)";"Total";"1487"
"3515905";"Floreal (SP)";"Total";"2733"
"3516002";"Flórida Paulista (SP)";"Total";"12958"
"3516101";"Florínea (SP)";"Total";"3851"
"3516200";"Franca (SP)";"Total";"352536"
"3516309";"Francisco Morato (SP)";"Total";"165139"
"3516408";"Franco da Rocha (SP)";"Total";"144849"
"3516507";"Gabriel Monteiro (SP)";"Total";"2763"
"3516606";"Gália (SP)";"Total";"6380"
"3516705";"Garça (SP)";"Total";"42110"
"3516804";"Gastão Vidigal (SP)";"Total";"3252"
"3516853";"Gavião Peixoto (SP)";"Total";"4702"
"3516903";"General Salgado (SP)";"Total";"10312"
"3517000";"Getulina (SP)";"Total";"10232"
"3517109";"Glicério (SP)";"Total";"4138"
"3517208";"Guaiçara (SP)";"Total";"11239"
"3517307";"Guaimbê (SP)";"Total";"5512"
"3517406";"Guaíra (SP)";"Total";"39279"
"3517505";"Guapiaçu (SP)";"Total";"21711"
"3517604";"Guapiara (SP)";"Total";"17071"
"3517703";"Guará (SP)";"Total";"18606"
"3517802";"Guaraçaí (SP)";"Total";"7441"
"3517901";"Guaraci (SP)";"Total";"10350"
"3518008";"Guarani d'Oeste (SP)";"Total";"1968"
"3518107";"Guarantã (SP)";"Total";"6427"
"3518206";"Guararapes (SP)";"Total";"31043"
"3518305";"Guararema (SP)";"Total";"31236"
"3518404";"Guaratinguetá (SP)";"Total";"118044"
"3518503";"Guareí (SP)";"Total";"15013"
"3518602";"Guariba (SP)";"Total";"37498"
"3518701";"Guarujá (SP)";"Total";"287634"
"3518800";"Guarulhos (SP)";"Total";"1291771"
"3518859";"Guatapará (SP)";"Total";"7320"
"3518909";"Guzolândia (SP)";"Total";"4246"
"3519006";"Herculândia (SP)";"Total";"9125"
"3519055";"Holambra (SP)";"Total";"15094"
"3519071";"Hortolândia (SP)";"Total";"236641"
"3519105";"Iacanga (SP)";"Total";"10437"
"3519204";"Iacri (SP)";"Total";"6131"
"3519253";"Iaras (SP)";"Total";"8010"
"3519303";"Ibaté (SP)";"Total";"32178"
"3519402";"Ibirá (SP)";"Total";"11690"
"3519501";"Ibirarema (SP)";"Total";"6385"
"3519600";"Ibitinga (SP)";"Total";"60033"
"3519709";"Ibiúna (SP)";"Total";"75605"
"3519808";"Icém (SP)";"Total";"7819"
"3519907";"Iepê (SP)";"Total";"7619"
"3520004";"Igaraçu do Tietê (SP)";"Total";"23106"
"3520103";"Igarapava (SP)";"Total";"26212"
"3520202";"Igaratá (SP)";"Total";"10605"
"3520301";"Iguape (SP)";"Total";"29115"
"3520400";"Ilhabela (SP)";"Total";"34934"
"3520426";"Ilha Comprida (SP)";"Total";"13419"
"3520442";"Ilha Solteira (SP)";"Total";"25549"
"3520509";"Indaiatuba (SP)";"Total";"255748"
"3520608";"Indiana (SP)";"Total";"5090"
"3520707";"Indiaporã (SP)";"Total";"4035"
"3520806";"Inúbia Paulista (SP)";"Total";"3615"
"3520905";"Ipaussu (SP)";"Total";"13712"
"3521002";"Iperó (SP)";"Total";"36459"
"3521101";"Ipeúna (SP)";"Total";"6831"
"3521150";"Ipiguá (SP)";"Total";"6761"
"3521200";"Iporanga (SP)";"Total";"4046"
"3521309";"Ipuã (SP)";"Total";"14454"
"3521408";"Iracemápolis (SP)";"Total";"21967"
"3521507";"Irapuã (SP)";"Total";"6867"
"3521606";"Irapuru (SP)";"Total";"7085"
"3521705";"Itaberá (SP)";"Total";"17983"
"3521804";"Itaí (SP)";"Total";"25180"
"3521903";"Itajobi (SP)";"Total";"16989"
"3522000";"Itaju (SP)";"Total";"3618"
"3522109";"Itanhaém (SP)";"Total";"112476"
"3522158";"Itaoca (SP)";"Total";"3422"
"3522208";"Itapecerica da Serra (SP)";"Total";"158522"
"3522307";"Itapetininga (SP)";"Total";"157790"
"3522406";"Itapeva (SP)";"Total";"89728"
"3522505";"Itapevi (SP)";"Total";"232297"
"3522604";"Itapira (SP)";"Total";"72022"
"3522653";"Itapirapuã Paulista (SP)";"Total";"4306"
"3522703";"Itápolis (SP)";"Total";"39493"
"3522802";"Itaporanga (SP)";"Total";"14085"
"3522901";"Itapuí (SP)";"Total";"13659"
"3523008";"Itapura (SP)";"Total";"3979"
"3523107";"Itaquaquecetuba (SP)";"Total";"369275"
"3523206";"Itararé (SP)";"Total";"44438"
"3523305";"Itariri (SP)";"Total";"15528"
"3523404";"Itatiba (SP)";"Total";"121590"
"3523503";"Itatinga (SP)";"Total";"19070"
"3523602";"Itirapina (SP)";"Total";"16148"
"3523701";"Itirapuã (SP)";"Total";"5779"
"3523800";"Itobi (SP)";"Total";"8046"
"3523909";"Itu (SP)";"Total";"168240"
"3524006";"Itupeva (SP)";"Total";"70616"
"3524105";"Ituverava (SP)";"Total";"37571"
"3524204";"Jaborandi (SP)";"Total";"6221"
"3524303";"Jaboticabal (SP)";"Total";"71821"
"3524402";"Jacareí (SP)";"Total";"240275"
"3524501";"Jaci (SP)";"Total";"7613"
"3524600";"Jacupiranga (SP)";"Total";"16097"
"3524709";"Jaguariúna (SP)";"Total";"59347"
"3524808";"Jales (SP)";"Total";"48776"
"3524907";"Jambeiro (SP)";"Total";"6397"
"3525003";"Jandira (SP)";"Total";"118045"
"3525102";"Jardinópolis (SP)";"Total";"45282"
"3525201";"Jarinu (SP)";"Total";"37535"
"3525300";"Jaú (SP)";"Total";"133497"
"3525409";"Jeriquara (SP)";"Total";"3863"
"3525508";"Joanópolis (SP)";"Total";"12815"
"3525607";"João Ramalho (SP)";"Total";"4371"
"3525706";"José Bonifácio (SP)";"Total";"36633"
"3525805";"Júlio Mesquita (SP)";"Total";"4254"
"3525854";"Jumirim (SP)";"Total";"3056"
"3525904";"Jundiaí (SP)";"Total";"443221"
"3526001";"Junqueirópolis (SP)";"Total";"20448"
"3526100";"Juquiá (SP)";"Total";"17154"
"3526209";"Juquitiba (SP)";"Total";"27404"
"3526308";"Lagoinha (SP)";"Total";"5083"
"3526407";"Laranjal Paulista (SP)";"Total";"26261"
"3526506";"Lavínia (SP)";"Total";"9689"
"3526605";"Lavrinhas (SP)";"Total";"7171"
"3526704";"Leme (SP)";"Total";"98161"
"3526803";"Lençóis Paulista (SP)";"Total";"66505"
"3526902";"Limeira (SP)";"Total";"291869"
"3527009";"Lindóia (SP)";"Total";"7014"
"3527108";"Lins (SP)";"Total";"74779"
"3527207";"Lorena (SP)";"Total";"84855"
"3527256";"Lourdes (SP)";"Total";"1950"
"3527306";"Louveira (SP)";"Total";"51847"
"3527405";"Lucélia (SP)";"Total";"20061"
"3527504";"Lucianópolis (SP)";"Total";"2372"
"3527603";"Luís Antônio (SP)";"Total";"12265"
"3527702";"Luiziânia (SP)";"Total";"4701"
"3527801";"Lupércio (SP)";"Total";"3981"
"3527900";"Lutécia (SP)";"Total";"2661"
"3528007";"Macatuba (SP)";"Total";"16829"
"3528106";"Macaubal (SP)";"Total";"7481"
"3528205";"Macedônia (SP)";"Total";"3963"
"3528304";"Magda (SP)";"Total";"3165"
"3528403";"Mairinque (SP)";"Total";"50027"
"3528502";"Mairiporã (SP)";"Total";"93853"
"3528601";"Manduri (SP)";"Total";"9871"
"3528700";"Marabá Paulista (SP)";"Total";"4573"
"3528809";"Maracaí (SP)";"Total";"12673"
"3528858";"Marapoama (SP)";"Total";"3292"
"3528908";"Mariápolis (SP)";"Total";"3513"
"3529005";"Marília (SP)";"Total";"237627"
"3529104";"Marinópolis (SP)";"Total";"1860"
"3529203";"Martinópolis (SP)";"Total";"24881"
"3529302";"Matão (SP)";"Total";"79033"
"3529401";"Mauá (SP)";"Total";"418261"
"3529500";"Mendonça (SP)";"Total";"6159"
"3529609";"Meridiano (SP)";"Total";"4572"
"3529658";"Mesópolis (SP)";"Total";"1952"
"3529708";"Miguelópolis (SP)";"Total";"19441"
"3529807";"Mineiros do Tietê (SP)";"Total";"11230"
"3529906";"Miracatu (SP)";"Total";"18553"
"3530003";"Mira Estrela (SP)";"Total";"3126"
"3530102";"Mirandópolis (SP)";"Total";"27983"
"3530201";"Mirante do Paranapanema (SP)";"Total";"15917"
"3530300";"Mirassol (SP)";"Total";"63337"
"3530409";"Mirassolândia (SP)";"Total";"4669"
"3530508";"Mococa (SP)";"Total";"67681"
"3530607";"Mogi das Cruzes (SP)";"Total";"451505"
"3530706";"Mogi Guaçu (SP)";"Total";"153658"
"3530805";"Mogi Mirim (SP)";"Total";"92558"
"3530904";"Mombuca (SP)";"Total";"3722"
"3531001";"Monções (SP)";"Total";"1937"
"3531100";"Mongaguá (SP)";"Total";"61951"
"3531209";"Monte Alegre do Sul (SP)";"Total";"8627"
"3531308";"Monte Alto (SP)";"Total";"47574"
"3531407";"Monte Aprazível (SP)";"Total";"22280"
"3531506";"Monte Azul Paulista (SP)";"Total";"18151"
"3531605";"Monte Castelo (SP)";"Total";"4222"
"3531704";"Monteiro Lobato (SP)";"Total";"4138"
"3531803";"Monte Mor (SP)";"Total";"64662"
"3531902";"Morro Agudo (SP)";"Total";"27933"
"3532009";"Morungaba (SP)";"Total";"13720"
"3532058";"Motuca (SP)";"Total";"4034"
"3532108";"Murutinga do Sul (SP)";"Total";"3737"
"3532157";"Nantes (SP)";"Total";"2660"
"3532207";"Narandiba (SP)";"Total";"5713"
"3532306";"Natividade da Serra (SP)";"Total";"6999"
"3532405";"Nazaré Paulista (SP)";"Total";"18217"
"3532504";"Neves Paulista (SP)";"Total";"9699"
"3532603";"Nhandeara (SP)";"Total";"9852"
"3532702";"Nipoã (SP)";"Total";"4750"
"3532801";"Nova Aliança (SP)";"Total";"6693"
"3532827";"Nova Campina (SP)";"Total";"8497"
"3532843";"Nova Canaã Paulista (SP)";"Total";"2032"
"3532868";"Nova Castilho (SP)";"Total";"1062"
"3532900";"Nova Europa (SP)";"Total";"9311"
"3533007";"Nova Granada (SP)";"Total";"19419"
"3533106";"Nova Guataporanga (SP)";"Total";"2156"
"3533205";"Nova Independência (SP)";"Total";"4609"
"3533254";"Novais (SP)";"Total";"4412"
"3533304";"Nova Luzitânia (SP)";"Total";"2837"
"3533403";"Nova Odessa (SP)";"Total";"62019"
"3533502";"Novo Horizonte (SP)";"Total";"38324"
"3533601";"Nuporanga (SP)";"Total";"7391"
"3533700";"Ocauçu (SP)";"Total";"4331"
"3533809";"Óleo (SP)";"Total";"2512"
"3533908";"Olímpia (SP)";"Total";"55074"
"3534005";"Onda Verde (SP)";"Total";"4771"
"3534104";"Oriente (SP)";"Total";"6085"
"3534203";"Orindiúva (SP)";"Total";"6024"
"3534302";"Orlândia (SP)";"Total";"38319"
"3534401";"Osasco (SP)";"Total";"728615"
"3534500";"Oscar Bressane (SP)";"Total";"2470"
"3534609";"Osvaldo Cruz (SP)";"Total";"31272"
"3534708";"Ourinhos (SP)";"Total";"103970"
"3534757";"Ouroeste (SP)";"Total";"10294"
"3534807";"Ouro Verde (SP)";"Total";"7779"
"3534906";"Pacaembu (SP)";"Total";"14877"
"3535002";"Palestina (SP)";"Total";"11476"
"3535101";"Palmares Paulista (SP)";"Total";"9650"
"3535200";"Palmeira d'Oeste (SP)";"Total";"8903"
"3535309";"Palmital (SP)";"Total";"19594"
"3535408";"Panorama (SP)";"Total";"14964"
"3535507";"Paraguaçu Paulista (SP)";"Total";"41120"
"3535606";"Paraibuna (SP)";"Total";"17667"
"3535705";"Paraíso (SP)";"Total";"6099"
"3535804";"Paranapanema (SP)";"Total";"19395"
"3535903";"Paranapuã (SP)";"Total";"4031"
"3536000";"Parapuã (SP)";"Total";"10580"
"3536109";"Pardinho (SP)";"Total";"7153"
"3536208";"Pariquera-Açu (SP)";"Total";"19233"
"3536257";"Parisi (SP)";"Total";"2892"
"3536307";"Patrocínio Paulista (SP)";"Total";"14512"
"3536406";"Paulicéia (SP)";"Total";"7955"
"3536505";"Paulínia (SP)";"Total";"110537"
"3536570";"Paulistânia (SP)";"Total";"2090"
"3536604";"Paulo de Faria (SP)";"Total";"7400"
"3536703";"Pederneiras (SP)";"Total";"44827"
"3536802";"Pedra Bela (SP)";"Total";"6557"
"3536901";"Pedranópolis (SP)";"Total";"2787"
"3537008";"Pedregulho (SP)";"Total";"15525"
"3537107";"Pedreira (SP)";"Total";"43112"
"3537156";"Pedrinhas Paulista (SP)";"Total";"2804"
"3537206";"Pedro de Toledo (SP)";"Total";"11281"
"3537305";"Penápolis (SP)";"Total";"61679"
"3537404";"Pereira Barreto (SP)";"Total";"24095"
"3537503";"Pereiras (SP)";"Total";"8737"
"3537602";"Peruíbe (SP)";"Total";"68352"
"3537701";"Piacatu (SP)";"Total";"5519"
"3537800";"Piedade (SP)";"Total";"52970"
"3537909";"Pilar do Sul (SP)";"Total";"27619"
"3538006";"Pindamonhangaba (SP)";"Total";"165428"
"3538105";"Pindorama (SP)";"Total";"14542"
"3538204";"Pinhalzinho (SP)";"Total";"15224"
"3538303";"Piquerobi (SP)";"Total";"3264"
"3538501";"Piquete (SP)";"Total";"12490"
"3538600";"Piracaia (SP)";"Total";"26029"
"3538709";"Piracicaba (SP)";"Total";"423323"
"3538808";"Piraju (SP)";"Total";"29436"
"3538907";"Pirajuí (SP)";"Total";"22431"
"3539004";"Pirangi (SP)";"Total";"10885"
"3539103";"Pirapora do Bom Jesus (SP)";"Total";"18370"
"3539202";"Pirapozinho (SP)";"Total";"25348"
"3539301";"Pirassununga (SP)";"Total";"73545"
"3539400";"Piratininga (SP)";"Total";"15108"
"3539509";"Pitangueiras (SP)";"Total";"33674"
"3539608";"Planalto (SP)";"Total";"4389"
"3539707";"Platina (SP)";"Total";"3025"
"3539806";"Poá (SP)";"Total";"103765"
"3539905";"Poloni (SP)";"Total";"5592"
"3540002";"Pompéia (SP)";"Total";"20196"
"3540101";"Pongaí (SP)";"Total";"3395"
"3540200";"Pontal (SP)";"Total";"37607"
"3540259";"Pontalinda (SP)";"Total";"4127"
"3540309";"Pontes Gestal (SP)";"Total";"2387"
"3540408";"Populina (SP)";"Total";"4127"
"3540507";"Porangaba (SP)";"Total";"10451"
"3540606";"Porto Feliz (SP)";"Total";"56497"
"3540705";"Porto Ferreira (SP)";"Total";"52649"
"3540754";"Potim (SP)";"Total";"20392"
"3540804";"Potirendaba (SP)";"Total";"18496"
"3540853";"Pracinha (SP)";"Total";"2578"
"3540903";"Pradópolis (SP)";"Total";"17078"
"3541000";"Praia Grande (SP)";"Total";"349935"
"3541059";"Pratânia (SP)";"Total";"5126"
"3541109";"Presidente Alves (SP)";"Total";"3804"
"3541208";"Presidente Bernardes (SP)";"Total";"14490"
"3541307";"Presidente Epitácio (SP)";"Total";"39505"
"3541406";"Presidente Prudente (SP)";"Total";"225668"
"3541505";"Presidente Venceslau (SP)";"Total";"35201"
"3541604";"Promissão (SP)";"Total";"35131"
"3541653";"Quadra (SP)";"Total";"3405"
"3541703";"Quatá (SP)";"Total";"13163"
"3541802";"Queiroz (SP)";"Total";"3265"
"3541901";"Queluz (SP)";"Total";"9159"
"3542008";"Quintana (SP)";"Total";"7038"
"3542107";"Rafard (SP)";"Total";"8965"
"3542206";"Rancharia (SP)";"Total";"28588"
"3542305";"Redenção da Serra (SP)";"Total";"4494"
"3542404";"Regente Feijó (SP)";"Total";"20145"
"3542503";"Reginópolis (SP)";"Total";"7662"
"3542602";"Registro (SP)";"Total";"59947"
"3542701";"Restinga (SP)";"Total";"6404"
"3542800";"Ribeira (SP)";"Total";"3132"
"3542909";"Ribeirão Bonito (SP)";"Total";"10989"
"3543006";"Ribeirão Branco (SP)";"Total";"18627"
"3543105";"Ribeirão Corrente (SP)";"Total";"4608"
"3543204";"Ribeirão do Sul (SP)";"Total";"4677"
"3543238";"Ribeirão dos Índios (SP)";"Total";"2025"
"3543253";"Ribeirão Grande (SP)";"Total";"7450"
"3543303";"Ribeirão Pires (SP)";"Total";"115559"
"3543402";"Ribeirão Preto (SP)";"Total";"698642"
"3543501";"Riversul (SP)";"Total";"5599"
"3543600";"Rifaina (SP)";"Total";"4049"
"3543709";"Rincão (SP)";"Total";"9098"
"3543808";"Rinópolis (SP)";"Total";"9259"
"3543907";"Rio Claro (SP)";"Total";"201418"
"3544004";"Rio das Pedras (SP)";"Total";"31328"
"3544103";"Rio Grande da Serra (SP)";"Total";"44170"
"3544202";"Riolândia (SP)";"Total";"10309"
"3544251";"Rosana (SP)";"Total";"17440"
"3544301";"Roseira (SP)";"Total";"10832"
"3544400";"Rubiácea (SP)";"Total";"2700"
"3544509";"Rubinéia (SP)";"Total";"3833"
"3544608";"Sabino (SP)";"Total";"5112"
"3544707";"Sagres (SP)";"Total";"2474"
"3544806";"Sales (SP)";"Total";"6437"
"3544905";"Sales Oliveira (SP)";"Total";"11411"
"3545001";"Salesópolis (SP)";"Total";"15202"
"3545100";"Salmourão (SP)";"Total";"4808"
"3545159";"Saltinho (SP)";"Total";"8161"
"3545209";"Salto (SP)";"Total";"134319"
"3545308";"Salto de Pirapora (SP)";"Total";"43748"
"3545407";"Salto Grande (SP)";"Total";"9050"
"3545506";"Sandovalina (SP)";"Total";"3645"
"3545605";"Santa Adélia (SP)";"Total";"14018"
"3545704";"Santa Albertina (SP)";"Total";"6393"
"3545803";"Santa Bárbara d'Oeste (SP)";"Total";"183347"
"3546009";"Santa Branca (SP)";"Total";"13975"
"3546108";"Santa Clara d'Oeste (SP)";"Total";"2598"
"3546207";"Santa Cruz da Conceição (SP)";"Total";"4277"
"3546256";"Santa Cruz da Esperança (SP)";"Total";"2116"
"3546306";"Santa Cruz das Palmeiras (SP)";"Total";"28864"
"3546405";"Santa Cruz do Rio Pardo (SP)";"Total";"46442"
"3546504";"Santa Ernestina (SP)";"Total";"6118"
"3546603";"Santa Fé do Sul (SP)";"Total";"34794"
"3546702";"Santa Gertrudes (SP)";"Total";"23611"
"3546801";"Santa Isabel (SP)";"Total";"53174"
"3546900";"Santa Lúcia (SP)";"Total";"7149"
"3547007";"Santa Maria da Serra (SP)";"Total";"5243"
"3547106";"Santa Mercedes (SP)";"Total";"2956"
"3547205";"Santana da Ponte Pensa (SP)";"Total";"1670"
"3547304";"Santana de Parnaíba (SP)";"Total";"154105"
"3547403";"Santa Rita d'Oeste (SP)";"Total";"2733"
"3547502";"Santa Rita do Passa Quatro (SP)";"Total";"24833"
"3547601";"Santa Rosa de Viterbo (SP)";"Total";"23411"
"3547650";"Santa Salete (SP)";"Total";"1645"
"3547700";"Santo Anastácio (SP)";"Total";"17963"
"3547809";"Santo André (SP)";"Total";"748919"
"3547908";"Santo Antônio da Alegria (SP)";"Total";"6775"
"3548005";"Santo Antônio de Posse (SP)";"Total";"23244"
"3548054";"Santo Antônio do Aracanguá (SP)";"Total";"8379"
"3548104";"Santo Antônio do Jardim (SP)";"Total";"6126"
"3548203";"Santo Antônio do Pinhal (SP)";"Total";"7133"
"3548302";"Santo Expedito (SP)";"Total";"3000"
"3548401";"Santópolis do Aguapeí (SP)";"Total";"3899"
"3548500";"Santos (SP)";"Total";"418608"
"3548609";"São Bento do Sapucaí (SP)";"Total";"11674"
"3548708";"São Bernardo do Campo (SP)";"Total";"810729"
"3548807";"São Caetano do Sul (SP)";"Total";"165655"
"3548906";"São Carlos (SP)";"Total";"254857"
"3549003";"São Francisco (SP)";"Total";"2602"
"3549102";"São João da Boa Vista (SP)";"Total";"92547"
"3549201";"São João das Duas Pontes (SP)";"Total";"2580"
"3549250";"São João de Iracema (SP)";"Total";"1846"
"3549300";"São João do Pau d'Alho (SP)";"Total";"2242"
"3549409";"São Joaquim da Barra (SP)";"Total";"48558"
"3549508";"São José da Bela Vista (SP)";"Total";"7626"
"3549607";"São José do Barreiro (SP)";"Total";"3853"
"3549706";"São José do Rio Pardo (SP)";"Total";"52205"
"3549805";"São José do Rio Preto (SP)";"Total";"480393"
"3549904";"São José dos Campos (SP)";"Total";"697054"
"3549953";"São Lourenço da Serra (SP)";"Total";"16067"
"3550001";"São Luiz do Paraitinga (SP)";"Total";"10337"
"3550100";"São Manuel (SP)";"Total";"37289"
"3550209";"São Miguel Arcanjo (SP)";"Total";"32039"
"3550308";"São Paulo (SP)";"Total";"11451999"
"3550407";"São Pedro (SP)";"Total";"38256"
"3550506";"São Pedro do Turvo (SP)";"Total";"7217"
"3550605";"São Roque (SP)";"Total";"79484"
"3550704";"São Sebastião (SP)";"Total";"81595"
"3550803";"São Sebastião da Grama (SP)";"Total";"10441"
"3550902";"São Simão (SP)";"Total";"13442"
"3551009";"São Vicente (SP)";"Total";"329911"
"3551108";"Sarapuí (SP)";"Total";"10369"
"3551207";"Sarutaiá (SP)";"Total";"3704"
"3551306";"Sebastianópolis do Sul (SP)";"Total";"3130"
"3551405";"Serra Azul (SP)";"Total";"12746"
"3551504";"Serrana (SP)";"Total";"43909"
"3551603";"Serra Negra (SP)";"Total";"29894"
"3551702";"Sertãozinho (SP)";"Total";"126887"
"3551801";"Sete Barras (SP)";"Total";"12730"
"3551900";"Severínia (SP)";"Total";"14576"
"3552007";"Silveiras (SP)";"Total";"6186"
"3552106";"Socorro (SP)";"Total";"40122"
"3552205";"Sorocaba (SP)";"Total";"723682"
"3552304";"Sud Mennucci (SP)";"Total";"7355"
"3552403";"Sumaré (SP)";"Total";"279545"
"3552502";"Suzano (SP)";"Total";"307429"
"3552551";"Suzanápolis (SP)";"Total";"3408"
"3552601";"Tabapuã (SP)";"Total";"11323"
"3552700";"Tabatinga (SP)";"Total";"14769"
"3552809";"Taboão da Serra (SP)";"Total";"273542"
"3552908";"Taciba (SP)";"Total";"6260"
"3553005";"Taguaí (SP)";"Total";"12669"
"3553104";"Taiaçu (SP)";"Total";"5677"
"3553203";"Taiúva (SP)";"Total";"6548"
"3553302";"Tambaú (SP)";"Total";"21435"
"3553401";"Tanabi (SP)";"Total";"25265"
"3553500";"Tapiraí (SP)";"Total";"7996"
"3553609";"Tapiratiba (SP)";"Total";"11816"
"3553658";"Taquaral (SP)";"Total";"2619"
"3553708";"Taquaritinga (SP)";"Total";"52260"
"3553807";"Taquarituba (SP)";"Total";"24350"
"3553856";"Taquarivaí (SP)";"Total";"6876"
"3553906";"Tarabai (SP)";"Total";"6536"
"3553955";"Tarumã (SP)";"Total";"14882"
"3554003";"Tatuí (SP)";"Total";"123942"
"3554102";"Taubaté (SP)";"Total";"310739"
"3554201";"Tejupá (SP)";"Total";"4127"
"3554300";"Teodoro Sampaio (SP)";"Total";"22173"
"3554409";"Terra Roxa (SP)";"Total";"7904"
"3554508";"Tietê (SP)";"Total";"37663"
"3554607";"Timburi (SP)";"Total";"2464"
"3554656";"Torre de Pedra (SP)";"Total";"2046"
"3554706";"Torrinha (SP)";"Total";"9335"
"3554755";"Trabiju (SP)";"Total";"1682"
"3554805";"Tremembé (SP)";"Total";"51173"
"3554904";"Três Fronteiras (SP)";"Total";"6804"
"3554953";"Tuiuti (SP)";"Total";"6778"
"3555000";"Tupã (SP)";"Total";"63928"
"3555109";"Tupi Paulista (SP)";"Total";"15854"
"3555208";"Turiúba (SP)";"Total";"1818"
"3555307";"Turmalina (SP)";"Total";"1669"
"3555356";"Ubarana (SP)";"Total";"5365"
"3555406";"Ubatuba (SP)";"Total";"92981"
"3555505";"Ubirajara (SP)";"Total";"5132"
"3555604";"Uchoa (SP)";"Total";"10394"
"3555703";"União Paulista (SP)";"Total";"1603"
"3555802";"Urânia (SP)";"Total";"8833"
"3555901";"Uru (SP)";"Total";"1387"
"3556008";"Urupês (SP)";"Total";"13744"
"3556107";"Valentim Gentil (SP)";"Total";"14098"
"3556206";"Valinhos (SP)";"Total";"126373"
"3556305";"Valparaíso (SP)";"Total";"24241"
"3556354";"Vargem (SP)";"Total";"10512"
"3556404";"Vargem Grande do Sul (SP)";"Total";"40133"
"3556453";"Vargem Grande Paulista (SP)";"Total";"50415"
"3556503";"Várzea Paulista (SP)";"Total";"115771"
"3556602";"Vera Cruz (SP)";"Total";"10176"
"3556701";"Vinhedo (SP)";"Total";"76540"
"3556800";"Viradouro (SP)";"Total";"17414"
"3556909";"Vista Alegre do Alto (SP)";"Total";"8109"
"3556958";"Vitória Brasil (SP)";"Total";"1794"
"3557006";"Votorantim (SP)";"Total";"127923"
"3557105";"Votuporanga (SP)";"Total";"96634"
"3557154";"Zacarias (SP)";"Total";"2692"
"3557204";"Chavantes (SP)";"Total";"12211"
"3557303";"Estiva Gerbi (SP)";"Total";"11295"
"4100103";"Abatiá (PR)";"Total";"7241"
"4100202";"Adrianópolis (PR)";"Total";"6256"
"4100301";"Agudos do Sul (PR)";"Total";"10233"
"4100400";"Almirante Tamandaré (PR)";"Total";"119825"
"4100459";"Altamira do Paraná (PR)";"Total";"3590"
"4100509";"Altônia (PR)";"Total";"18742"
"4100608";"Alto Paraná (PR)";"Total";"13909"
"4100707";"Alto Piquiri (PR)";"Total";"9727"
"4100806";"Alvorada do Sul (PR)";"Total";"10326"
"4100905";"Amaporã (PR)";"Total";"4762"
"4101002";"Ampére (PR)";"Total";"19620"
"4101051";"Anahy (PR)";"Total";"2918"
"4101101";"Andirá (PR)";"Total";"19878"
"4101150";"Ângulo (PR)";"Total";"3235"
"4101200";"Antonina (PR)";"Total";"18091"
"4101309";"Antônio Olinto (PR)";"Total";"7018"
"4101408";"Apucarana (PR)";"Total";"130134"
"4101507";"Arapongas (PR)";"Total";"119138"
"4101606";"Arapoti (PR)";"Total";"25777"
"4101655";"Arapuã (PR)";"Total";"3527"
"4101705";"Araruna (PR)";"Total";"14485"
"4101804";"Araucária (PR)";"Total";"151666"
"4101853";"Ariranha do Ivaí (PR)";"Total";"2329"
"4101903";"Assaí (PR)";"Total";"13797"
"4102000";"Assis Chateaubriand (PR)";"Total";"36808"
"4102109";"Astorga (PR)";"Total";"25475"
"4102208";"Atalaia (PR)";"Total";"3980"
"4102307";"Balsa Nova (PR)";"Total";"13395"
"4102406";"Bandeirantes (PR)";"Total";"31273"
"4102505";"Barbosa Ferraz (PR)";"Total";"10795"
"4102604";"Barracão (PR)";"Total";"9759"
"4102703";"Barra do Jacaré (PR)";"Total";"2814"
"4102752";"Bela Vista da Caroba (PR)";"Total";"4031"
"4102802";"Bela Vista do Paraíso (PR)";"Total";"14833"
"4102901";"Bituruna (PR)";"Total";"15533"
"4103008";"Boa Esperança (PR)";"Total";"4558"
"4103024";"Boa Esperança do Iguaçu (PR)";"Total";"2455"
"4103040";"Boa Ventura de São Roque (PR)";"Total";"6378"
"4103057";"Boa Vista da Aparecida (PR)";"Total";"7924"
"4103107";"Bocaiúva do Sul (PR)";"Total";"13299"
"4103156";"Bom Jesus do Sul (PR)";"Total";"3980"
"4103206";"Bom Sucesso (PR)";"Total";"6581"
"4103222";"Bom Sucesso do Sul (PR)";"Total";"3202"
"4103305";"Borrazópolis (PR)";"Total";"7735"
"4103354";"Braganey (PR)";"Total";"4854"
"4103370";"Brasilândia do Sul (PR)";"Total";"3708"
"4103404";"Cafeara (PR)";"Total";"2627"
"4103453";"Cafelândia (PR)";"Total";"18997"
"4103479";"Cafezal do Sul (PR)";"Total";"4473"
"4103503";"Califórnia (PR)";"Total";"8710"
"4103602";"Cambará (PR)";"Total";"23212"
"4103701";"Cambé (PR)";"Total";"107208"
"4103800";"Cambira (PR)";"Total";"9460"
"4103909";"Campina da Lagoa (PR)";"Total";"15723"
"4103958";"Campina do Simão (PR)";"Total";"3936"
"4104006";"Campina Grande do Sul (PR)";"Total";"47825"
"4104055";"Campo Bonito (PR)";"Total";"4027"
"4104105";"Campo do Tenente (PR)";"Total";"7508"
"4104204";"Campo Largo (PR)";"Total";"136327"
"4104253";"Campo Magro (PR)";"Total";"30160"
"4104303";"Campo Mourão (PR)";"Total";"99432"
"4104402";"Cândido de Abreu (PR)";"Total";"15244"
"4104428";"Candói (PR)";"Total";"14973"
"4104451";"Cantagalo (PR)";"Total";"10933"
"4104501";"Capanema (PR)";"Total";"20481"
"4104600";"Capitão Leônidas Marques (PR)";"Total";"14648"
"4104659";"Carambeí (PR)";"Total";"23283"
"4104709";"Carlópolis (PR)";"Total";"16905"
"4104808";"Cascavel (PR)";"Total";"348051"
"4104907";"Castro (PR)";"Total";"73075"
"4105003";"Catanduvas (PR)";"Total";"10446"
"4105102";"Centenário do Sul (PR)";"Total";"10832"
"4105201";"Cerro Azul (PR)";"Total";"16134"
"4105300";"Céu Azul (PR)";"Total";"11087"
"4105409";"Chopinzinho (PR)";"Total";"21085"
"4105508";"Cianorte (PR)";"Total";"79527"
"4105607";"Cidade Gaúcha (PR)";"Total";"11467"
"4105706";"Clevelândia (PR)";"Total";"15070"
"4105805";"Colombo (PR)";"Total";"232212"
"4105904";"Colorado (PR)";"Total";"22896"
"4106001";"Congonhinhas (PR)";"Total";"8320"
"4106100";"Conselheiro Mairinck (PR)";"Total";"3461"
"4106209";"Contenda (PR)";"Total";"19128"
"4106308";"Corbélia (PR)";"Total";"17470"
"4106407";"Cornélio Procópio (PR)";"Total";"45206"
"4106456";"Coronel Domingos Soares (PR)";"Total";"5649"
"4106506";"Coronel Vivida (PR)";"Total";"23331"
"4106555";"Corumbataí do Sul (PR)";"Total";"3760"
"4106571";"Cruzeiro do Iguaçu (PR)";"Total";"4133"
"4106605";"Cruzeiro do Oeste (PR)";"Total";"23831"
"4106704";"Cruzeiro do Sul (PR)";"Total";"4494"
"4106803";"Cruz Machado (PR)";"Total";"15978"
"4106852";"Cruzmaltina (PR)";"Total";"2892"
"4106902";"Curitiba (PR)";"Total";"1773718"
"4107009";"Curiúva (PR)";"Total";"13647"
"4107108";"Diamante do Norte (PR)";"Total";"5142"
"4107124";"Diamante do Sul (PR)";"Total";"3171"
"4107157";"Diamante D'Oeste (PR)";"Total";"4557"
"4107207";"Dois Vizinhos (PR)";"Total";"44869"
"4107256";"Douradina (PR)";"Total";"9161"
"4107306";"Doutor Camargo (PR)";"Total";"6327"
"4107405";"Enéas Marques (PR)";"Total";"5999"
"4107504";"Engenheiro Beltrão (PR)";"Total";"12454"
"4107520";"Esperança Nova (PR)";"Total";"1849"
"4107538";"Entre Rios do Oeste (PR)";"Total";"4575"
"4107546";"Espigão Alto do Iguaçu (PR)";"Total";"4797"
"4107553";"Farol (PR)";"Total";"3039"
"4107603";"Faxinal (PR)";"Total";"16389"
"4107652";"Fazenda Rio Grande (PR)";"Total";"148873"
"4107702";"Fênix (PR)";"Total";"4492"
"4107736";"Fernandes Pinheiro (PR)";"Total";"6255"
"4107751";"Figueira (PR)";"Total";"8062"
"4107801";"Floraí (PR)";"Total";"4792"
"4107850";"Flor da Serra do Sul (PR)";"Total";"4364"
"4107900";"Floresta (PR)";"Total";"10458"
"4108007";"Florestópolis (PR)";"Total";"11446"
"4108106";"Flórida (PR)";"Total";"2652"
"4108205";"Formosa do Oeste (PR)";"Total";"7635"
"4108304";"Foz do Iguaçu (PR)";"Total";"285415"
"4108320";"Francisco Alves (PR)";"Total";"8116"
"4108403";"Francisco Beltrão (PR)";"Total";"96666"
"4108452";"Foz do Jordão (PR)";"Total";"4926"
"4108502";"General Carneiro (PR)";"Total";"11062"
"4108551";"Godoy Moreira (PR)";"Total";"2977"
"4108601";"Goioerê (PR)";"Total";"28437"
"4108650";"Goioxim (PR)";"Total";"6566"
"4108700";"Grandes Rios (PR)";"Total";"5641"
"4108809";"Guaíra (PR)";"Total";"32097"
"4108908";"Guairaçá (PR)";"Total";"6587"
"4108957";"Guamiranga (PR)";"Total";"7856"
"4109005";"Guapirama (PR)";"Total";"4626"
"4109104";"Guaporema (PR)";"Total";"2191"
"4109203";"Guaraci (PR)";"Total";"4748"
"4109302";"Guaraniaçu (PR)";"Total";"13735"
"4109401";"Guarapuava (PR)";"Total";"182093"
"4109500";"Guaraqueçaba (PR)";"Total";"7430"
"4109609";"Guaratuba (PR)";"Total";"42062"
"4109658";"Honório Serpa (PR)";"Total";"4941"
"4109708";"Ibaiti (PR)";"Total";"28830"
"4109757";"Ibema (PR)";"Total";"6218"
"4109807";"Ibiporã (PR)";"Total";"51603"
"4109906";"Icaraíma (PR)";"Total";"8991"
"4110003";"Iguaraçu (PR)";"Total";"5338"
"4110052";"Iguatu (PR)";"Total";"2144"
"4110078";"Imbaú (PR)";"Total";"14249"
"4110102";"Imbituva (PR)";"Total";"29924"
"4110201";"Inácio Martins (PR)";"Total";"9670"
"4110300";"Inajá (PR)";"Total";"2536"
"4110409";"Indianópolis (PR)";"Total";"4448"
"4110508";"Ipiranga (PR)";"Total";"14142"
"4110607";"Iporã (PR)";"Total";"15746"
"4110656";"Iracema do Oeste (PR)";"Total";"2343"
"4110706";"Irati (PR)";"Total";"59250"
"4110805";"Iretama (PR)";"Total";"10684"
"4110904";"Itaguajé (PR)";"Total";"4481"
"4110953";"Itaipulândia (PR)";"Total";"11485"
"4111001";"Itambaracá (PR)";"Total";"5908"
"4111100";"Itambé (PR)";"Total";"6111"
"4111209";"Itapejara d'Oeste (PR)";"Total";"12344"
"4111258";"Itaperuçu (PR)";"Total";"31217"
"4111308";"Itaúna do Sul (PR)";"Total";"3572"
"4111407";"Ivaí (PR)";"Total";"13229"
"4111506";"Ivaiporã (PR)";"Total";"32720"
"4111555";"Ivaté (PR)";"Total";"6831"
"4111605";"Ivatuba (PR)";"Total";"2708"
"4111704";"Jaboti (PR)";"Total";"5427"
"4111803";"Jacarezinho (PR)";"Total";"40375"
"4111902";"Jaguapitã (PR)";"Total";"15122"
"4112009";"Jaguariaíva (PR)";"Total";"35141"
"4112108";"Jandaia do Sul (PR)";"Total";"21408"
"4112207";"Janiópolis (PR)";"Total";"5870"
"4112306";"Japira (PR)";"Total";"4972"
"4112405";"Japurá (PR)";"Total";"9144"
"4112504";"Jardim Alegre (PR)";"Total";"12004"
"4112603";"Jardim Olinda (PR)";"Total";"1343"
"4112702";"Jataizinho (PR)";"Total";"11813"
"4112751";"Jesuítas (PR)";"Total";"10506"
"4112801";"Joaquim Távora (PR)";"Total";"11945"
"4112900";"Jundiaí do Sul (PR)";"Total";"3333"
"4112959";"Juranda (PR)";"Total";"7771"
"4113007";"Jussara (PR)";"Total";"6690"
"4113106";"Kaloré (PR)";"Total";"4582"
"4113205";"Lapa (PR)";"Total";"45003"
"4113254";"Laranjal (PR)";"Total";"5600"
"4113304";"Laranjeiras do Sul (PR)";"Total";"32227"
"4113403";"Leópolis (PR)";"Total";"3752"
"4113429";"Lidianópolis (PR)";"Total";"3938"
"4113452";"Lindoeste (PR)";"Total";"5175"
"4113502";"Loanda (PR)";"Total";"23225"
"4113601";"Lobato (PR)";"Total";"4601"
"4113700";"Londrina (PR)";"Total";"555965"
"4113734";"Luiziana (PR)";"Total";"6690"
"4113759";"Lunardelli (PR)";"Total";"4872"
"4113809";"Lupionópolis (PR)";"Total";"4813"
"4113908";"Mallet (PR)";"Total";"13428"
"4114005";"Mamborê (PR)";"Total";"13452"
"4114104";"Mandaguaçu (PR)";"Total";"31457"
"4114203";"Mandaguari (PR)";"Total";"36716"
"4114302";"Mandirituba (PR)";"Total";"27439"
"4114351";"Manfrinópolis (PR)";"Total";"2770"
"4114401";"Mangueirinha (PR)";"Total";"16603"
"4114500";"Manoel Ribas (PR)";"Total";"14240"
"4114609";"Marechal Cândido Rondon (PR)";"Total";"55836"
"4114708";"Maria Helena (PR)";"Total";"5865"
"4114807";"Marialva (PR)";"Total";"41851"
"4114906";"Marilândia do Sul (PR)";"Total";"8677"
"4115002";"Marilena (PR)";"Total";"7253"
"4115101";"Mariluz (PR)";"Total";"9847"
"4115200";"Maringá (PR)";"Total";"409657"
"4115309";"Mariópolis (PR)";"Total";"6371"
"4115358";"Maripá (PR)";"Total";"6555"
"4115408";"Marmeleiro (PR)";"Total";"15901"
"4115457";"Marquinho (PR)";"Total";"4504"
"4115507";"Marumbi (PR)";"Total";"4699"
"4115606";"Matelândia (PR)";"Total";"18450"
"4115705";"Matinhos (PR)";"Total";"39259"
"4115739";"Mato Rico (PR)";"Total";"3267"
"4115754";"Mauá da Serra (PR)";"Total";"9383"
"4115804";"Medianeira (PR)";"Total";"54369"
"4115853";"Mercedes (PR)";"Total";"5931"
"4115903";"Mirador (PR)";"Total";"2238"
"4116000";"Miraselva (PR)";"Total";"1966"
"4116059";"Missal (PR)";"Total";"11064"
"4116109";"Moreira Sales (PR)";"Total";"11175"
"4116208";"Morretes (PR)";"Total";"18309"
"4116307";"Munhoz de Melo (PR)";"Total";"3951"
"4116406";"Nossa Senhora das Graças (PR)";"Total";"3669"
"4116505";"Nova Aliança do Ivaí (PR)";"Total";"1323"
"4116604";"Nova América da Colina (PR)";"Total";"3280"
"4116703";"Nova Aurora (PR)";"Total";"13765"
"4116802";"Nova Cantu (PR)";"Total";"6790"
"4116901";"Nova Esperança (PR)";"Total";"26585"
"4116950";"Nova Esperança do Sudoeste (PR)";"Total";"5597"
"4117008";"Nova Fátima (PR)";"Total";"7225"
"4117057";"Nova Laranjeiras (PR)";"Total";"12074"
"4117107";"Nova Londrina (PR)";"Total";"12923"
"4117206";"Nova Olímpia (PR)";"Total";"5833"
"4117214";"Nova Santa Bárbara (PR)";"Total";"4184"
"4117222";"Nova Santa Rosa (PR)";"Total";"8322"
"4117255";"Nova Prata do Iguaçu (PR)";"Total";"12699"
"4117271";"Nova Tebas (PR)";"Total";"6848"
"4117297";"Novo Itacolomi (PR)";"Total";"3125"
"4117305";"Ortigueira (PR)";"Total";"24192"
"4117404";"Ourizona (PR)";"Total";"3187"
"4117453";"Ouro Verde do Oeste (PR)";"Total";"6785"
"4117503";"Paiçandu (PR)";"Total";"45962"
"4117602";"Palmas (PR)";"Total";"48247"
"4117701";"Palmeira (PR)";"Total";"33855"
"4117800";"Palmital (PR)";"Total";"13033"
"4117909";"Palotina (PR)";"Total";"35011"
"4118006";"Paraíso do Norte (PR)";"Total";"13245"
"4118105";"Paranacity (PR)";"Total";"9557"
"4118204";"Paranaguá (PR)";"Total";"145829"
"4118303";"Paranapoema (PR)";"Total";"2398"
"4118402";"Paranavaí (PR)";"Total";"92001"
"4118451";"Pato Bragado (PR)";"Total";"5733"
"4118501";"Pato Branco (PR)";"Total";"91836"
"4118600";"Paula Freitas (PR)";"Total";"5666"
"4118709";"Paulo Frontin (PR)";"Total";"6343"
"4118808";"Peabiru (PR)";"Total";"13346"
"4118857";"Perobal (PR)";"Total";"7189"
"4118907";"Pérola (PR)";"Total";"11878"
"4119004";"Pérola d'Oeste (PR)";"Total";"6221"
"4119103";"Piên (PR)";"Total";"13655"
"4119152";"Pinhais (PR)";"Total";"127019"
"4119202";"Pinhalão (PR)";"Total";"6566"
"4119251";"Pinhal de São Bento (PR)";"Total";"2761"
"4119301";"Pinhão (PR)";"Total";"29886"
"4119400";"Piraí do Sul (PR)";"Total";"23651"
"4119509";"Piraquara (PR)";"Total";"118730"
"4119608";"Pitanga (PR)";"Total";"33567"
"4119657";"Pitangueiras (PR)";"Total";"3046"
"4119707";"Planaltina do Paraná (PR)";"Total";"4070"
"4119806";"Planalto (PR)";"Total";"14374"
"4119905";"Ponta Grossa (PR)";"Total";"358371"
"4119954";"Pontal do Paraná (PR)";"Total";"30425"
"4120002";"Porecatu (PR)";"Total";"11624"
"4120101";"Porto Amazonas (PR)";"Total";"4098"
"4120150";"Porto Barreiro (PR)";"Total";"3110"
"4120200";"Porto Rico (PR)";"Total";"3182"
"4120309";"Porto Vitória (PR)";"Total";"3562"
"4120333";"Prado Ferreira (PR)";"Total";"3709"
"4120358";"Pranchita (PR)";"Total";"5737"
"4120408";"Presidente Castelo Branco (PR)";"Total";"4336"
"4120507";"Primeiro de Maio (PR)";"Total";"10082"
"4120606";"Prudentópolis (PR)";"Total";"49393"
"4120655";"Quarto Centenário (PR)";"Total";"4201"
"4120705";"Quatiguá (PR)";"Total";"8099"
"4120804";"Quatro Barras (PR)";"Total";"24191"
"4120853";"Quatro Pontes (PR)";"Total";"4480"
"4120903";"Quedas do Iguaçu (PR)";"Total";"30738"
"4121000";"Querência do Norte (PR)";"Total";"10685"
"4121109";"Quinta do Sol (PR)";"Total";"5001"
"4121208";"Quitandinha (PR)";"Total";"18398"
"4121257";"Ramilândia (PR)";"Total";"4221"
"4121307";"Rancho Alegre (PR)";"Total";"3512"
"4121356";"Rancho Alegre D'Oeste (PR)";"Total";"2618"
"4121406";"Realeza (PR)";"Total";"19247"
"4121505";"Rebouças (PR)";"Total";"14514"
"4121604";"Renascença (PR)";"Total";"6845"
"4121703";"Reserva (PR)";"Total";"24573"
"4121752";"Reserva do Iguaçu (PR)";"Total";"6553"
"4121802";"Ribeirão Claro (PR)";"Total";"12364"
"4121901";"Ribeirão do Pinhal (PR)";"Total";"13060"
"4122008";"Rio Azul (PR)";"Total";"14025"
"4122107";"Rio Bom (PR)";"Total";"3197"
"4122156";"Rio Bonito do Iguaçu (PR)";"Total";"13929"
"4122172";"Rio Branco do Ivaí (PR)";"Total";"3808"
"4122206";"Rio Branco do Sul (PR)";"Total";"37558"
"4122305";"Rio Negro (PR)";"Total";"31324"
"4122404";"Rolândia (PR)";"Total";"71670"
"4122503";"Roncador (PR)";"Total";"11251"
"4122602";"Rondon (PR)";"Total";"9097"
"4122651";"Rosário do Ivaí (PR)";"Total";"5435"
"4122701";"Sabáudia (PR)";"Total";"8822"
"4122800";"Salgado Filho (PR)";"Total";"4075"
"4122909";"Salto do Itararé (PR)";"Total";"5192"
"4123006";"Salto do Lontra (PR)";"Total";"15223"
"4123105";"Santa Amélia (PR)";"Total";"3394"
"4123204";"Santa Cecília do Pavão (PR)";"Total";"3365"
"4123303";"Santa Cruz de Monte Castelo (PR)";"Total";"8613"
"4123402";"Santa Fé (PR)";"Total";"11378"
"4123501";"Santa Helena (PR)";"Total";"25492"
"4123600";"Santa Inês (PR)";"Total";"1748"
"4123709";"Santa Isabel do Ivaí (PR)";"Total";"8912"
"4123808";"Santa Izabel do Oeste (PR)";"Total";"14070"
"4123824";"Santa Lúcia (PR)";"Total";"3644"
"4123857";"Santa Maria do Oeste (PR)";"Total";"9934"
"4123907";"Santa Mariana (PR)";"Total";"11066"
"4123956";"Santa Mônica (PR)";"Total";"3356"
"4124004";"Santana do Itararé (PR)";"Total";"5514"
"4124020";"Santa Tereza do Oeste (PR)";"Total";"13174"
"4124053";"Santa Terezinha de Itaipu (PR)";"Total";"24262"
"4124103";"Santo Antônio da Platina (PR)";"Total";"44369"
"4124202";"Santo Antônio do Caiuá (PR)";"Total";"2493"
"4124301";"Santo Antônio do Paraíso (PR)";"Total";"2125"
"4124400";"Santo Antônio do Sudoeste (PR)";"Total";"23673"
"4124509";"Santo Inácio (PR)";"Total";"6181"
"4124608";"São Carlos do Ivaí (PR)";"Total";"6587"
"4124707";"São Jerônimo da Serra (PR)";"Total";"10830"
"4124806";"São João (PR)";"Total";"11886"
"4124905";"São João do Caiuá (PR)";"Total";"5586"
"4125001";"São João do Ivaí (PR)";"Total";"10667"
"4125100";"São João do Triunfo (PR)";"Total";"13726"
"4125209";"São Jorge d'Oeste (PR)";"Total";"9378"
"4125308";"São Jorge do Ivaí (PR)";"Total";"5168"
"4125357";"São Jorge do Patrocínio (PR)";"Total";"6504"
"4125407";"São José da Boa Vista (PR)";"Total";"6040"
"4125456";"São José das Palmeiras (PR)";"Total";"3957"
"4125506";"São José dos Pinhais (PR)";"Total";"329628"
"4125555";"São Manoel do Paraná (PR)";"Total";"2138"
"4125605";"São Mateus do Sul (PR)";"Total";"42366"
"4125704";"São Miguel do Iguaçu (PR)";"Total";"29122"
"4125753";"São Pedro do Iguaçu (PR)";"Total";"5784"
"4125803";"São Pedro do Ivaí (PR)";"Total";"8690"
"4125902";"São Pedro do Paraná (PR)";"Total";"2661"
"4126009";"São Sebastião da Amoreira (PR)";"Total";"8063"
"4126108";"São Tomé (PR)";"Total";"5232"
"4126207";"Sapopema (PR)";"Total";"6695"
"4126256";"Sarandi (PR)";"Total";"118455"
"4126272";"Saudade do Iguaçu (PR)";"Total";"6108"
"4126306";"Sengés (PR)";"Total";"17270"
"4126355";"Serranópolis do Iguaçu (PR)";"Total";"5007"
"4126405";"Sertaneja (PR)";"Total";"5616"
"4126504";"Sertanópolis (PR)";"Total";"15930"
"4126603";"Siqueira Campos (PR)";"Total";"22811"
"4126652";"Sulina (PR)";"Total";"3440"
"4126678";"Tamarana (PR)";"Total";"10707"
"4126702";"Tamboara (PR)";"Total";"4880"
"4126801";"Tapejara (PR)";"Total";"15869"
"4126900";"Tapira (PR)";"Total";"5745"
"4127007";"Teixeira Soares (PR)";"Total";"9547"
"4127106";"Telêmaco Borba (PR)";"Total";"75042"
"4127205";"Terra Boa (PR)";"Total";"17568"
"4127304";"Terra Rica (PR)";"Total";"14842"
"4127403";"Terra Roxa (PR)";"Total";"18119"
"4127502";"Tibagi (PR)";"Total";"19961"
"4127601";"Tijucas do Sul (PR)";"Total";"17621"
"4127700";"Toledo (PR)";"Total";"150470"
"4127809";"Tomazina (PR)";"Total";"8426"
"4127858";"Três Barras do Paraná (PR)";"Total";"11135"
"4127882";"Tunas do Paraná (PR)";"Total";"6219"
"4127908";"Tuneiras do Oeste (PR)";"Total";"8067"
"4127957";"Tupãssi (PR)";"Total";"8077"
"4127965";"Turvo (PR)";"Total";"14231"
"4128005";"Ubiratã (PR)";"Total";"24749"
"4128104";"Umuarama (PR)";"Total";"117095"
"4128203";"União da Vitória (PR)";"Total";"55033"
"4128302";"Uniflor (PR)";"Total";"2136"
"4128401";"Uraí (PR)";"Total";"10406"
"4128500";"Wenceslau Braz (PR)";"Total";"19188"
"4128534";"Ventania (PR)";"Total";"9681"
"4128559";"Vera Cruz do Oeste (PR)";"Total";"8215"
"4128609";"Verê (PR)";"Total";"7932"
"4128625";"Alto Paraíso (PR)";"Total";"3055"
"4128633";"Doutor Ulysses (PR)";"Total";"5697"
"4128658";"Virmond (PR)";"Total";"3811"
"4128708";"Vitorino (PR)";"Total";"9706"
"4128807";"Xambrê (PR)";"Total";"5798"
"4200051";"Abdon Batista (SC)";"Total";"2598"
"4200101";"Abelardo Luz (SC)";"Total";"17392"
"4200200";"Agrolândia (SC)";"Total";"10990"
"4200309";"Agronômica (SC)";"Total";"6055"
"4200408";"Água Doce (SC)";"Total";"6508"
"4200507";"Águas de Chapecó (SC)";"Total";"6036"
"4200556";"Águas Frias (SC)";"Total";"2839"
"4200606";"Águas Mornas (SC)";"Total";"6743"
"4200705";"Alfredo Wagner (SC)";"Total";"10481"
"4200754";"Alto Bela Vista (SC)";"Total";"1856"
"4200804";"Anchieta (SC)";"Total";"5943"
"4200903";"Angelina (SC)";"Total";"5358"
"4201000";"Anita Garibaldi (SC)";"Total";"8285"
"4201109";"Anitápolis (SC)";"Total";"3593"
"4201208";"Antônio Carlos (SC)";"Total";"11224"
"4201257";"Apiúna (SC)";"Total";"9811"
"4201273";"Arabutã (SC)";"Total";"4378"
"4201307";"Araquari (SC)";"Total";"45283"
"4201406";"Araranguá (SC)";"Total";"71922"
"4201505";"Armazém (SC)";"Total";"8834"
"4201604";"Arroio Trinta (SC)";"Total";"3556"
"4201653";"Arvoredo (SC)";"Total";"2510"
"4201703";"Ascurra (SC)";"Total";"8319"
"4201802";"Atalanta (SC)";"Total";"3227"
"4201901";"Aurora (SC)";"Total";"6780"
"4201950";"Balneário Arroio do Silva (SC)";"Total";"15820"
"4202008";"Balneário Camboriú (SC)";"Total";"139155"
"4202057";"Balneário Barra do Sul (SC)";"Total";"14912"
"4202073";"Balneário Gaivota (SC)";"Total";"15669"
"4202081";"Bandeirante (SC)";"Total";"3144"
"4202099";"Barra Bonita (SC)";"Total";"1668"
"4202107";"Barra Velha (SC)";"Total";"45369"
"4202131";"Bela Vista do Toldo (SC)";"Total";"5872"
"4202156";"Belmonte (SC)";"Total";"2658"
"4202206";"Benedito Novo (SC)";"Total";"10520"
"4202305";"Biguaçu (SC)";"Total";"76773"
"4202404";"Blumenau (SC)";"Total";"361261"
"4202438";"Bocaina do Sul (SC)";"Total";"3515"
"4202453";"Bombinhas (SC)";"Total";"25058"
"4202503";"Bom Jardim da Serra (SC)";"Total";"4026"
"4202537";"Bom Jesus (SC)";"Total";"2777"
"4202578";"Bom Jesus do Oeste (SC)";"Total";"2187"
"4202602";"Bom Retiro (SC)";"Total";"8418"
"4202701";"Botuverá (SC)";"Total";"5363"
"4202800";"Braço do Norte (SC)";"Total";"33773"
"4202859";"Braço do Trombudo (SC)";"Total";"4026"
"4202875";"Brunópolis (SC)";"Total";"2489"
"4202909";"Brusque (SC)";"Total";"141385"
"4203006";"Caçador (SC)";"Total";"73720"
"4203105";"Caibi (SC)";"Total";"6304"
"4203154";"Calmon (SC)";"Total";"3443"
"4203204";"Camboriú (SC)";"Total";"103074"
"4203253";"Capão Alto (SC)";"Total";"2625"
"4203303";"Campo Alegre (SC)";"Total";"12501"
"4203402";"Campo Belo do Sul (SC)";"Total";"7257"
"4203501";"Campo Erê (SC)";"Total";"9623"
"4203600";"Campos Novos (SC)";"Total";"36932"
"4203709";"Canelinha (SC)";"Total";"12821"
"4203808";"Canoinhas (SC)";"Total";"55016"
"4203907";"Capinzal (SC)";"Total";"23314"
"4203956";"Capivari de Baixo (SC)";"Total";"23975"
"4204004";"Catanduvas (SC)";"Total";"10566"
"4204103";"Caxambu do Sul (SC)";"Total";"4614"
"4204152";"Celso Ramos (SC)";"Total";"2805"
"4204178";"Cerro Negro (SC)";"Total";"3317"
"4204194";"Chapadão do Lageado (SC)";"Total";"2950"
"4204202";"Chapecó (SC)";"Total";"254785"
"4204251";"Cocal do Sul (SC)";"Total";"17240"
"4204301";"Concórdia (SC)";"Total";"81646"
"4204350";"Cordilheira Alta (SC)";"Total";"4781"
"4204400";"Coronel Freitas (SC)";"Total";"10388"
"4204459";"Coronel Martins (SC)";"Total";"2065"
"4204509";"Corupá (SC)";"Total";"15267"
"4204558";"Correia Pinto (SC)";"Total";"15727"
"4204608";"Criciúma (SC)";"Total";"214493"
"4204707";"Cunha Porã (SC)";"Total";"10953"
"4204756";"Cunhataí (SC)";"Total";"1968"
"4204806";"Curitibanos (SC)";"Total";"40045"
"4204905";"Descanso (SC)";"Total";"8530"
"4205001";"Dionísio Cerqueira (SC)";"Total";"15008"
"4205100";"Dona Emma (SC)";"Total";"4221"
"4205159";"Doutor Pedrinho (SC)";"Total";"3637"
"4205175";"Entre Rios (SC)";"Total";"3402"
"4205191";"Ermo (SC)";"Total";"2269"
"4205209";"Erval Velho (SC)";"Total";"4885"
"4205308";"Faxinal dos Guedes (SC)";"Total";"11192"
"4205357";"Flor do Sertão (SC)";"Total";"1783"
"4205407";"Florianópolis (SC)";"Total";"537211"
"4205431";"Formosa do Sul (SC)";"Total";"2682"
"4205456";"Forquilhinha (SC)";"Total";"31431"
"4205506";"Fraiburgo (SC)";"Total";"33481"
"4205555";"Frei Rogério (SC)";"Total";"2411"
"4205605";"Galvão (SC)";"Total";"3210"
"4205704";"Garopaba (SC)";"Total";"29959"
"4205803";"Garuva (SC)";"Total";"18545"
"4205902";"Gaspar (SC)";"Total";"72570"
"4206009";"Governador Celso Ramos (SC)";"Total";"16915"
"4206108";"Grão-Pará (SC)";"Total";"6277"
"4206207";"Gravatal (SC)";"Total";"12435"
"4206306";"Guabiruba (SC)";"Total";"24543"
"4206405";"Guaraciaba (SC)";"Total";"10796"
"4206504";"Guaramirim (SC)";"Total";"46711"
"4206603";"Guarujá do Sul (SC)";"Total";"4829"
"4206652";"Guatambú (SC)";"Total";"8425"
"4206702";"Herval d'Oeste (SC)";"Total";"21724"
"4206751";"Ibiam (SC)";"Total";"2008"
"4206801";"Ibicaré (SC)";"Total";"3269"
"4206900";"Ibirama (SC)";"Total";"19862"
"4207007";"Içara (SC)";"Total";"59035"
"4207106";"Ilhota (SC)";"Total";"17046"
"4207205";"Imaruí (SC)";"Total";"11881"
"4207304";"Imbituba (SC)";"Total";"52579"
"4207403";"Imbuia (SC)";"Total";"5982"
"4207502";"Indaial (SC)";"Total";"71549"
"4207577";"Iomerê (SC)";"Total";"2877"
"4207601";"Ipira (SC)";"Total";"4578"
"4207650";"Iporã do Oeste (SC)";"Total";"9335"
"4207684";"Ipuaçu (SC)";"Total";"7730"
"4207700";"Ipumirim (SC)";"Total";"7816"
"4207759";"Iraceminha (SC)";"Total";"3986"
"4207809";"Irani (SC)";"Total";"10195"
"4207858";"Irati (SC)";"Total";"2069"
"4207908";"Irineópolis (SC)";"Total";"10285"
"4208005";"Itá (SC)";"Total";"7067"
"4208104";"Itaiópolis (SC)";"Total";"22051"
"4208203";"Itajaí (SC)";"Total";"264054"
"4208302";"Itapema (SC)";"Total";"75940"
"4208401";"Itapiranga (SC)";"Total";"16638"
"4208450";"Itapoá (SC)";"Total";"30750"
"4208500";"Ituporanga (SC)";"Total";"26525"
"4208609";"Jaborá (SC)";"Total";"4310"
"4208708";"Jacinto Machado (SC)";"Total";"10624"
"4208807";"Jaguaruna (SC)";"Total";"20375"
"4208906";"Jaraguá do Sul (SC)";"Total";"182660"
"4208955";"Jardinópolis (SC)";"Total";"1776"
"4209003";"Joaçaba (SC)";"Total";"30146"
"4209102";"Joinville (SC)";"Total";"616317"
"4209151";"José Boiteux (SC)";"Total";"5985"
"4209177";"Jupiá (SC)";"Total";"2555"
"4209201";"Lacerdópolis (SC)";"Total";"2248"
"4209300";"Lages (SC)";"Total";"164981"
"4209409";"Laguna (SC)";"Total";"42785"
"4209458";"Lajeado Grande (SC)";"Total";"1702"
"4209508";"Laurentino (SC)";"Total";"7932"
"4209607";"Lauro Müller (SC)";"Total";"14381"
"4209706";"Lebon Régis (SC)";"Total";"11472"
"4209805";"Leoberto Leal (SC)";"Total";"3330"
"4209854";"Lindóia do Sul (SC)";"Total";"4549"
"4209904";"Lontras (SC)";"Total";"12873"
"4210001";"Luiz Alves (SC)";"Total";"11684"
"4210035";"Luzerna (SC)";"Total";"5794"
"4210050";"Macieira (SC)";"Total";"1778"
"4210100";"Mafra (SC)";"Total";"55286"
"4210209";"Major Gercino (SC)";"Total";"3214"
"4210308";"Major Vieira (SC)";"Total";"7425"
"4210407";"Maracajá (SC)";"Total";"7815"
"4210506";"Maravilha (SC)";"Total";"28251"
"4210555";"Marema (SC)";"Total";"2184"
"4210605";"Massaranduba (SC)";"Total";"17162"
"4210704";"Matos Costa (SC)";"Total";"2761"
"4210803";"Meleiro (SC)";"Total";"7006"
"4210852";"Mirim Doce (SC)";"Total";"2511"
"4210902";"Modelo (SC)";"Total";"4080"
"4211009";"Mondaí (SC)";"Total";"10066"
"4211058";"Monte Carlo (SC)";"Total";"9117"
"4211108";"Monte Castelo (SC)";"Total";"7736"
"4211207";"Morro da Fumaça (SC)";"Total";"18537"
"4211256";"Morro Grande (SC)";"Total";"3010"
"4211306";"Navegantes (SC)";"Total";"86401"
"4211405";"Nova Erechim (SC)";"Total";"5155"
"4211454";"Nova Itaberaba (SC)";"Total";"4536"
"4211504";"Nova Trento (SC)";"Total";"13727"
"4211603";"Nova Veneza (SC)";"Total";"13664"
"4211652";"Novo Horizonte (SC)";"Total";"2643"
"4211702";"Orleans (SC)";"Total";"23661"
"4211751";"Otacílio Costa (SC)";"Total";"17312"
"4211801";"Ouro (SC)";"Total";"7032"
"4211850";"Ouro Verde (SC)";"Total";"2181"
"4211876";"Paial (SC)";"Total";"1927"
"4211892";"Painel (SC)";"Total";"2215"
"4211900";"Palhoça (SC)";"Total";"222598"
"4212007";"Palma Sola (SC)";"Total";"7605"
"4212056";"Palmeira (SC)";"Total";"2561"
"4212106";"Palmitos (SC)";"Total";"15626"
"4212205";"Papanduva (SC)";"Total";"19150"
"4212239";"Paraíso (SC)";"Total";"4267"
"4212254";"Passo de Torres (SC)";"Total";"12897"
"4212270";"Passos Maia (SC)";"Total";"4034"
"4212304";"Paulo Lopes (SC)";"Total";"9063"
"4212403";"Pedras Grandes (SC)";"Total";"4245"
"4212502";"Penha (SC)";"Total";"33663"
"4212601";"Peritiba (SC)";"Total";"2992"
"4212650";"Pescaria Brava (SC)";"Total";"10190"
"4212700";"Petrolândia (SC)";"Total";"6716"
"4212809";"Balneário Piçarras (SC)";"Total";"27127"
"4212908";"Pinhalzinho (SC)";"Total";"21972"
"4213005";"Pinheiro Preto (SC)";"Total";"3473"
"4213104";"Piratuba (SC)";"Total";"5769"
"4213153";"Planalto Alegre (SC)";"Total";"2946"
"4213203";"Pomerode (SC)";"Total";"34289"
"4213302";"Ponte Alta (SC)";"Total";"4437"
"4213351";"Ponte Alta do Norte (SC)";"Total";"3210"
"4213401";"Ponte Serrada (SC)";"Total";"10649"
"4213500";"Porto Belo (SC)";"Total";"27688"
"4213609";"Porto União (SC)";"Total";"32970"
"4213708";"Pouso Redondo (SC)";"Total";"17123"
"4213807";"Praia Grande (SC)";"Total";"8270"
"4213906";"Presidente Castello Branco (SC)";"Total";"1689"
"4214003";"Presidente Getúlio (SC)";"Total";"20010"
"4214102";"Presidente Nereu (SC)";"Total";"2301"
"4214151";"Princesa (SC)";"Total";"2964"
"4214201";"Quilombo (SC)";"Total";"11022"
"4214300";"Rancho Queimado (SC)";"Total";"3279"
"4214409";"Rio das Antas (SC)";"Total";"6253"
"4214508";"Rio do Campo (SC)";"Total";"6452"
"4214607";"Rio do Oeste (SC)";"Total";"7747"
"4214706";"Rio dos Cedros (SC)";"Total";"10865"
"4214805";"Rio do Sul (SC)";"Total";"72587"
"4214904";"Rio Fortuna (SC)";"Total";"4847"
"4215000";"Rio Negrinho (SC)";"Total";"39261"
"4215059";"Rio Rufino (SC)";"Total";"2397"
"4215075";"Riqueza (SC)";"Total";"4768"
"4215109";"Rodeio (SC)";"Total";"12757"
"4215208";"Romelândia (SC)";"Total";"4823"
"4215307";"Salete (SC)";"Total";"7489"
"4215356";"Saltinho (SC)";"Total";"3632"
"4215406";"Salto Veloso (SC)";"Total";"4390"
"4215455";"Sangão (SC)";"Total";"12882"
"4215505";"Santa Cecília (SC)";"Total";"15546"
"4215554";"Santa Helena (SC)";"Total";"2425"
"4215604";"Santa Rosa de Lima (SC)";"Total";"2088"
"4215653";"Santa Rosa do Sul (SC)";"Total";"9792"
"4215679";"Santa Terezinha (SC)";"Total";"8066"
"4215687";"Santa Terezinha do Progresso (SC)";"Total";"2576"
"4215695";"Santiago do Sul (SC)";"Total";"1651"
"4215703";"Santo Amaro da Imperatriz (SC)";"Total";"27272"
"4215752";"São Bernardino (SC)";"Total";"2684"
"4215802";"São Bento do Sul (SC)";"Total";"83277"
"4215901";"São Bonifácio (SC)";"Total";"2946"
"4216008";"São Carlos (SC)";"Total";"10282"
"4216057";"São Cristóvão do Sul (SC)";"Total";"6084"
"4216107";"São Domingos (SC)";"Total";"9226"
"4216206";"São Francisco do Sul (SC)";"Total";"52674"
"4216255";"São João do Oeste (SC)";"Total";"6295"
"4216305";"São João Batista (SC)";"Total";"32687"
"4216354";"São João do Itaperiú (SC)";"Total";"4463"
"4216404";"São João do Sul (SC)";"Total";"8668"
"4216503";"São Joaquim (SC)";"Total";"25939"
"4216602";"São José (SC)";"Total";"270299"
"4216701";"São José do Cedro (SC)";"Total";"14167"
"4216800";"São José do Cerrito (SC)";"Total";"8708"
"4216909";"São Lourenço do Oeste (SC)";"Total";"24791"
"4217006";"São Ludgero (SC)";"Total";"13509"
"4217105";"São Martinho (SC)";"Total";"3405"
"4217154";"São Miguel da Boa Vista (SC)";"Total";"1781"
"4217204";"São Miguel do Oeste (SC)";"Total";"44330"
"4217253";"São Pedro de Alcântara (SC)";"Total";"5776"
"4217303";"Saudades (SC)";"Total";"10265"
"4217402";"Schroeder (SC)";"Total";"20061"
"4217501";"Seara (SC)";"Total";"18620"
"4217550";"Serra Alta (SC)";"Total";"3303"
"4217600";"Siderópolis (SC)";"Total";"13714"
"4217709";"Sombrio (SC)";"Total";"29991"
"4217758";"Sul Brasil (SC)";"Total";"2832"
"4217808";"Taió (SC)";"Total";"18310"
"4217907";"Tangará (SC)";"Total";"8143"
"4217956";"Tigrinhos (SC)";"Total";"2329"
"4218004";"Tijucas (SC)";"Total";"51592"
"4218103";"Timbé do Sul (SC)";"Total";"5386"
"4218202";"Timbó (SC)";"Total";"46099"
"4218251";"Timbó Grande (SC)";"Total";"7342"
"4218301";"Três Barras (SC)";"Total";"19746"
"4218350";"Treviso (SC)";"Total";"3782"
"4218400";"Treze de Maio (SC)";"Total";"7362"
"4218509";"Treze Tílias (SC)";"Total";"8787"
"4218608";"Trombudo Central (SC)";"Total";"7274"
"4218707";"Tubarão (SC)";"Total";"110088"
"4218756";"Tunápolis (SC)";"Total";"4916"
"4218806";"Turvo (SC)";"Total";"13043"
"4218855";"União do Oeste (SC)";"Total";"2774"
"4218905";"Urubici (SC)";"Total";"10834"
"4218954";"Urupema (SC)";"Total";"2656"
"4219002";"Urussanga (SC)";"Total";"20919"
"4219101";"Vargeão (SC)";"Total";"3634"
"4219150";"Vargem (SC)";"Total";"2627"
"4219176";"Vargem Bonita (SC)";"Total";"4576"
"4219200";"Vidal Ramos (SC)";"Total";"6189"
"4219309";"Videira (SC)";"Total";"55466"
"4219358";"Vitor Meireles (SC)";"Total";"5370"
"4219408";"Witmarsum (SC)";"Total";"4255"
"4219507";"Xanxerê (SC)";"Total";"51607"
"4219606";"Xavantina (SC)";"Total";"3653"
"4219705";"Xaxim (SC)";"Total";"31918"
"4219853";"Zortéa (SC)";"Total";"3930"
"4220000";"Balneário Rincão (SC)";"Total";"15981"
"4300034";"Aceguá (RS)";"Total";"4170"
"4300059";"Água Santa (RS)";"Total";"3912"
"4300109";"Agudo (RS)";"Total";"16041"
"4300208";"Ajuricaba (RS)";"Total";"6720"
"4300307";"Alecrim (RS)";"Total";"6123"
"4300406";"Alegrete (RS)";"Total";"72409"
"4300455";"Alegria (RS)";"Total";"3651"
"4300471";"Almirante Tamandaré do Sul (RS)";"Total";"1969"
"4300505";"Alpestre (RS)";"Total";"7117"
"4300554";"Alto Alegre (RS)";"Total";"1800"
"4300570";"Alto Feliz (RS)";"Total";"3072"
"4300604";"Alvorada (RS)";"Total";"187315"
"4300638";"Amaral Ferrador (RS)";"Total";"5310"
"4300646";"Ametista do Sul (RS)";"Total";"7650"
"4300661";"André da Rocha (RS)";"Total";"1135"
"4300703";"Anta Gorda (RS)";"Total";"5957"
"4300802";"Antônio Prado (RS)";"Total";"13045"
"4300851";"Arambaré (RS)";"Total";"4112"
"4300877";"Araricá (RS)";"Total";"8525"
"4300901";"Aratiba (RS)";"Total";"6483"
"4301008";"Arroio do Meio (RS)";"Total";"21958"
"4301057";"Arroio do Sal (RS)";"Total";"11057"
"4301073";"Arroio do Padre (RS)";"Total";"2599"
"4301107";"Arroio dos Ratos (RS)";"Total";"14601"
"4301206";"Arroio do Tigre (RS)";"Total";"12058"
"4301305";"Arroio Grande (RS)";"Total";"17558"
"4301404";"Arvorezinha (RS)";"Total";"10322"
"4301503";"Augusto Pestana (RS)";"Total";"7149"
"4301552";"Áurea (RS)";"Total";"3396"
"4301602";"Bagé (RS)";"Total";"117938"
"4301636";"Balneário Pinhal (RS)";"Total";"14955"
"4301651";"Barão (RS)";"Total";"6461"
"4301701";"Barão de Cotegipe (RS)";"Total";"7144"
"4301750";"Barão do Triunfo (RS)";"Total";"5889"
"4301800";"Barracão (RS)";"Total";"4831"
"4301859";"Barra do Guarita (RS)";"Total";"3161"
"4301875";"Barra do Quaraí (RS)";"Total";"4241"
"4301909";"Barra do Ribeiro (RS)";"Total";"12225"
"4301925";"Barra do Rio Azul (RS)";"Total";"1696"
"4301958";"Barra Funda (RS)";"Total";"2498"
"4302006";"Barros Cassal (RS)";"Total";"9296"
"4302055";"Benjamin Constant do Sul (RS)";"Total";"2082"
"4302105";"Bento Gonçalves (RS)";"Total";"123151"
"4302154";"Boa Vista das Missões (RS)";"Total";"1933"
"4302204";"Boa Vista do Buricá (RS)";"Total";"6966"
"4302220";"Boa Vista do Cadeado (RS)";"Total";"2229"
"4302238";"Boa Vista do Incra (RS)";"Total";"2271"
"4302253";"Boa Vista do Sul (RS)";"Total";"2779"
"4302303";"Bom Jesus (RS)";"Total";"11202"
"4302352";"Bom Princípio (RS)";"Total";"13142"
"4302378";"Bom Progresso (RS)";"Total";"2096"
"4302402";"Bom Retiro do Sul (RS)";"Total";"12294"
"4302451";"Boqueirão do Leão (RS)";"Total";"6247"
"4302501";"Bossoroca (RS)";"Total";"5890"
"4302584";"Bozano (RS)";"Total";"2151"
"4302600";"Braga (RS)";"Total";"3268"
"4302659";"Brochier (RS)";"Total";"4966"
"4302709";"Butiá (RS)";"Total";"19084"
"4302808";"Caçapava do Sul (RS)";"Total";"32515"
"4302907";"Cacequi (RS)";"Total";"11157"
"4303004";"Cachoeira do Sul (RS)";"Total";"80070"
"4303103";"Cachoeirinha (RS)";"Total";"136258"
"4303202";"Cacique Doble (RS)";"Total";"4603"
"4303301";"Caibaté (RS)";"Total";"4704"
"4303400";"Caiçara (RS)";"Total";"4836"
"4303509";"Camaquã (RS)";"Total";"62200"
"4303558";"Camargo (RS)";"Total";"2981"
"4303608";"Cambará do Sul (RS)";"Total";"6361"
"4303673";"Campestre da Serra (RS)";"Total";"3242"
"4303707";"Campina das Missões (RS)";"Total";"5882"
"4303806";"Campinas do Sul (RS)";"Total";"5284"
"4303905";"Campo Bom (RS)";"Total";"62886"
"4304002";"Campo Novo (RS)";"Total";"4975"
"4304101";"Campos Borges (RS)";"Total";"3613"
"4304200";"Candelária (RS)";"Total";"28906"
"4304309";"Cândido Godói (RS)";"Total";"6294"
"4304358";"Candiota (RS)";"Total";"10710"
"4304408";"Canela (RS)";"Total";"48946"
"4304507";"Canguçu (RS)";"Total";"49680"
"4304606";"Canoas (RS)";"Total";"347657"
"4304614";"Canudos do Vale (RS)";"Total";"1656"
"4304622";"Capão Bonito do Sul (RS)";"Total";"1733"
"4304630";"Capão da Canoa (RS)";"Total";"63594"
"4304655";"Capão do Cipó (RS)";"Total";"3119"
"4304663";"Capão do Leão (RS)";"Total";"26487"
"4304671";"Capivari do Sul (RS)";"Total";"3991"
"4304689";"Capela de Santana (RS)";"Total";"11159"
"4304697";"Capitão (RS)";"Total";"2921"
"4304705";"Carazinho (RS)";"Total";"61804"
"4304713";"Caraá (RS)";"Total";"7394"
"4304804";"Carlos Barbosa (RS)";"Total";"30420"
"4304853";"Carlos Gomes (RS)";"Total";"1368"
"4304903";"Casca (RS)";"Total";"9465"
"4304952";"Caseiros (RS)";"Total";"3000"
"4305009";"Catuípe (RS)";"Total";"8674"
"4305108";"Caxias do Sul (RS)";"Total";"463501"
"4305116";"Centenário (RS)";"Total";"2721"
"4305124";"Cerrito (RS)";"Total";"5808"
"4305132";"Cerro Branco (RS)";"Total";"3802"
"4305157";"Cerro Grande (RS)";"Total";"2379"
"4305173";"Cerro Grande do Sul (RS)";"Total";"9178"
"4305207";"Cerro Largo (RS)";"Total";"13705"
"4305306";"Chapada (RS)";"Total";"9540"
"4305355";"Charqueadas (RS)";"Total";"35012"
"4305371";"Charrua (RS)";"Total";"2768"
"4305405";"Chiapetta (RS)";"Total";"3913"
"4305439";"Chuí (RS)";"Total";"6262"
"4305447";"Chuvisca (RS)";"Total";"4597"
"4305454";"Cidreira (RS)";"Total";"17071"
"4305504";"Ciríaco (RS)";"Total";"4149"
"4305587";"Colinas (RS)";"Total";"2423"
"4305603";"Colorado (RS)";"Total";"3258"
"4305702";"Condor (RS)";"Total";"6406"
"4305801";"Constantina (RS)";"Total";"10385"
"4305835";"Coqueiro Baixo (RS)";"Total";"1290"
"4305850";"Coqueiros do Sul (RS)";"Total";"2211"
"4305871";"Coronel Barros (RS)";"Total";"2822"
"4305900";"Coronel Bicaco (RS)";"Total";"6144"
"4305934";"Coronel Pilar (RS)";"Total";"1607"
"4305959";"Cotiporã (RS)";"Total";"3846"
"4305975";"Coxilha (RS)";"Total";"2667"
"4306007";"Crissiumal (RS)";"Total";"12886"
"4306056";"Cristal (RS)";"Total";"7299"
"4306072";"Cristal do Sul (RS)";"Total";"2692"
"4306106";"Cruz Alta (RS)";"Total";"58913"
"4306130";"Cruzaltense (RS)";"Total";"1635"
"4306205";"Cruzeiro do Sul (RS)";"Total";"11600"
"4306304";"David Canabarro (RS)";"Total";"4321"
"4306320";"Derrubadas (RS)";"Total";"2751"
"4306353";"Dezesseis de Novembro (RS)";"Total";"2507"
"4306379";"Dilermando de Aguiar (RS)";"Total";"2806"
"4306403";"Dois Irmãos (RS)";"Total";"30709"
"4306429";"Dois Irmãos das Missões (RS)";"Total";"2090"
"4306452";"Dois Lajeados (RS)";"Total";"3097"
"4306502";"Dom Feliciano (RS)";"Total";"13051"
"4306551";"Dom Pedro de Alcântara (RS)";"Total";"2562"
"4306601";"Dom Pedrito (RS)";"Total";"36981"
"4306700";"Dona Francisca (RS)";"Total";"3079"
"4306734";"Doutor Maurício Cardoso (RS)";"Total";"4470"
"4306759";"Doutor Ricardo (RS)";"Total";"1888"
"4306767";"Eldorado do Sul (RS)";"Total";"39559"
"4306809";"Encantado (RS)";"Total";"22962"
"4306908";"Encruzilhada do Sul (RS)";"Total";"23819"
"4306924";"Engenho Velho (RS)";"Total";"1296"
"4306932";"Entre-Ijuís (RS)";"Total";"9158"
"4306957";"Entre Rios do Sul (RS)";"Total";"2685"
"4306973";"Erebango (RS)";"Total";"3054"
"4307005";"Erechim (RS)";"Total";"105705"
"4307054";"Ernestina (RS)";"Total";"3034"
"4307104";"Herval (RS)";"Total";"6191"
"4307203";"Erval Grande (RS)";"Total";"4930"
"4307302";"Erval Seco (RS)";"Total";"6787"
"4307401";"Esmeralda (RS)";"Total";"3195"
"4307450";"Esperança do Sul (RS)";"Total";"3226"
"4307500";"Espumoso (RS)";"Total";"15173"
"4307559";"Estação (RS)";"Total";"5582"
"4307609";"Estância Velha (RS)";"Total";"47924"
"4307708";"Esteio (RS)";"Total";"76137"
"4307807";"Estrela (RS)";"Total";"32183"
"4307815";"Estrela Velha (RS)";"Total";"3070"
"4307831";"Eugênio de Castro (RS)";"Total";"2633"
"4307864";"Fagundes Varela (RS)";"Total";"2566"
"4307906";"Farroupilha (RS)";"Total";"70286"
"4308003";"Faxinal do Soturno (RS)";"Total";"6702"
"4308052";"Faxinalzinho (RS)";"Total";"2520"
"4308078";"Fazenda Vilanova (RS)";"Total";"4291"
"4308102";"Feliz (RS)";"Total";"13764"
"4308201";"Flores da Cunha (RS)";"Total";"30892"
"4308250";"Floriano Peixoto (RS)";"Total";"1668"
"4308300";"Fontoura Xavier (RS)";"Total";"9550"
"4308409";"Formigueiro (RS)";"Total";"6413"
"4308433";"Forquetinha (RS)";"Total";"2393"
"4308458";"Fortaleza dos Valos (RS)";"Total";"4477"
"4308508";"Frederico Westphalen (RS)";"Total";"32627"
"4308607";"Garibaldi (RS)";"Total";"34335"
"4308656";"Garruchos (RS)";"Total";"2688"
"4308706";"Gaurama (RS)";"Total";"5665"
"4308805";"General Câmara (RS)";"Total";"7612"
"4308854";"Gentil (RS)";"Total";"1744"
"4308904";"Getúlio Vargas (RS)";"Total";"16602"
"4309001";"Giruá (RS)";"Total";"16013"
"4309050";"Glorinha (RS)";"Total";"7658"
"4309100";"Gramado (RS)";"Total";"40134"
"4309126";"Gramado dos Loureiros (RS)";"Total";"2014"
"4309159";"Gramado Xavier (RS)";"Total";"3304"
"4309209";"Gravataí (RS)";"Total";"265074"
"4309258";"Guabiju (RS)";"Total";"1417"
"4309308";"Guaíba (RS)";"Total";"92924"
"4309407";"Guaporé (RS)";"Total";"25268"
"4309506";"Guarani das Missões (RS)";"Total";"7415"
"4309555";"Harmonia (RS)";"Total";"5378"
"4309571";"Herveiras (RS)";"Total";"2565"
"4309605";"Horizontina (RS)";"Total";"18851"
"4309654";"Hulha Negra (RS)";"Total";"5976"
"4309704";"Humaitá (RS)";"Total";"4681"
"4309753";"Ibarama (RS)";"Total";"3732"
"4309803";"Ibiaçá (RS)";"Total";"4527"
"4309902";"Ibiraiaras (RS)";"Total";"6776"
"4309951";"Ibirapuitã (RS)";"Total";"3723"
"4310009";"Ibirubá (RS)";"Total";"21583"
"4310108";"Igrejinha (RS)";"Total";"32808"
"4310207";"Ijuí (RS)";"Total";"84780"
"4310306";"Ilópolis (RS)";"Total";"4157"
"4310330";"Imbé (RS)";"Total";"26824"
"4310363";"Imigrante (RS)";"Total";"3080"
"4310405";"Independência (RS)";"Total";"6427"
"4310413";"Inhacorá (RS)";"Total";"2014"
"4310439";"Ipê (RS)";"Total";"5399"
"4310462";"Ipiranga do Sul (RS)";"Total";"1720"
"4310504";"Iraí (RS)";"Total";"7482"
"4310538";"Itaara (RS)";"Total";"5572"
"4310553";"Itacurubi (RS)";"Total";"2995"
"4310579";"Itapuca (RS)";"Total";"1937"
"4310603";"Itaqui (RS)";"Total";"35768"
"4310652";"Itati (RS)";"Total";"2638"
"4310702";"Itatiba do Sul (RS)";"Total";"3208"
"4310751";"Ivorá (RS)";"Total";"1929"
"4310801";"Ivoti (RS)";"Total";"22983"
"4310850";"Jaboticaba (RS)";"Total";"3779"
"4310876";"Jacuizinho (RS)";"Total";"2040"
"4310900";"Jacutinga (RS)";"Total";"3338"
"4311007";"Jaguarão (RS)";"Total";"26603"
"4311106";"Jaguari (RS)";"Total";"10579"
"4311122";"Jaquirana (RS)";"Total";"3690"
"4311130";"Jari (RS)";"Total";"3349"
"4311155";"Jóia (RS)";"Total";"7184"
"4311205";"Júlio de Castilhos (RS)";"Total";"18226"
"4311239";"Lagoa Bonita do Sul (RS)";"Total";"2251"
"4311254";"Lagoão (RS)";"Total";"5341"
"4311270";"Lagoa dos Três Cantos (RS)";"Total";"1738"
"4311304";"Lagoa Vermelha (RS)";"Total";"27659"
"4311403";"Lajeado (RS)";"Total";"93646"
"4311429";"Lajeado do Bugre (RS)";"Total";"2601"
"4311502";"Lavras do Sul (RS)";"Total";"7157"
"4311601";"Liberato Salzano (RS)";"Total";"4781"
"4311627";"Lindolfo Collor (RS)";"Total";"6248"
"4311643";"Linha Nova (RS)";"Total";"1683"
"4311700";"Machadinho (RS)";"Total";"5735"
"4311718";"Maçambará (RS)";"Total";"4425"
"4311734";"Mampituba (RS)";"Total";"3131"
"4311759";"Manoel Viana (RS)";"Total";"6801"
"4311775";"Maquiné (RS)";"Total";"7418"
"4311791";"Maratá (RS)";"Total";"2470"
"4311809";"Marau (RS)";"Total";"45124"
"4311908";"Marcelino Ramos (RS)";"Total";"4320"
"4311981";"Mariana Pimentel (RS)";"Total";"3916"
"4312005";"Mariano Moro (RS)";"Total";"1858"
"4312054";"Marques de Souza (RS)";"Total";"3969"
"4312104";"Mata (RS)";"Total";"4698"
"4312138";"Mato Castelhano (RS)";"Total";"2553"
"4312153";"Mato Leitão (RS)";"Total";"4859"
"4312179";"Mato Queimado (RS)";"Total";"1795"
"4312203";"Maximiliano de Almeida (RS)";"Total";"4191"
"4312252";"Minas do Leão (RS)";"Total";"7505"
"4312302";"Miraguaí (RS)";"Total";"4427"
"4312351";"Montauri (RS)";"Total";"1499"
"4312377";"Monte Alegre dos Campos (RS)";"Total";"3180"
"4312385";"Monte Belo do Sul (RS)";"Total";"2557"
"4312401";"Montenegro (RS)";"Total";"64322"
"4312427";"Mormaço (RS)";"Total";"2756"
"4312443";"Morrinhos do Sul (RS)";"Total";"3071"
"4312450";"Morro Redondo (RS)";"Total";"6046"
"4312476";"Morro Reuter (RS)";"Total";"6029"
"4312500";"Mostardas (RS)";"Total";"12090"
"4312609";"Muçum (RS)";"Total";"4601"
"4312617";"Muitos Capões (RS)";"Total";"2879"
"4312625";"Muliterno (RS)";"Total";"1721"
"4312658";"Não-Me-Toque (RS)";"Total";"17898"
"4312674";"Nicolau Vergueiro (RS)";"Total";"1932"
"4312708";"Nonoai (RS)";"Total";"13719"
"4312757";"Nova Alvorada (RS)";"Total";"3163"
"4312807";"Nova Araçá (RS)";"Total";"4954"
"4312906";"Nova Bassano (RS)";"Total";"9649"
"4312955";"Nova Boa Vista (RS)";"Total";"2042"
"4313003";"Nova Bréscia (RS)";"Total";"3044"
"4313011";"Nova Candelária (RS)";"Total";"3061"
"4313037";"Nova Esperança do Sul (RS)";"Total";"4865"
"4313060";"Nova Hartz (RS)";"Total";"20088"
"4313086";"Nova Pádua (RS)";"Total";"2343"
"4313102";"Nova Palma (RS)";"Total";"5586"
"4313201";"Nova Petrópolis (RS)";"Total";"23300"
"4313300";"Nova Prata (RS)";"Total";"25692"
"4313334";"Nova Ramada (RS)";"Total";"2163"
"4313359";"Nova Roma do Sul (RS)";"Total";"3466"
"4313375";"Nova Santa Rita (RS)";"Total";"29024"
"4313391";"Novo Cabrais (RS)";"Total";"3568"
"4313409";"Novo Hamburgo (RS)";"Total";"227646"
"4313425";"Novo Machado (RS)";"Total";"3198"
"4313441";"Novo Tiradentes (RS)";"Total";"2146"
"4313466";"Novo Xingu (RS)";"Total";"1646"
"4313490";"Novo Barreiro (RS)";"Total";"4272"
"4313508";"Osório (RS)";"Total";"47396"
"4313607";"Paim Filho (RS)";"Total";"3629"
"4313656";"Palmares do Sul (RS)";"Total";"12844"
"4313706";"Palmeira das Missões (RS)";"Total";"33216"
"4313805";"Palmitinho (RS)";"Total";"7839"
"4313904";"Panambi (RS)";"Total";"43515"
"4313953";"Pantano Grande (RS)";"Total";"10212"
"4314001";"Paraí (RS)";"Total";"7194"
"4314027";"Paraíso do Sul (RS)";"Total";"6519"
"4314035";"Pareci Novo (RS)";"Total";"4319"
"4314050";"Parobé (RS)";"Total";"52058"
"4314068";"Passa Sete (RS)";"Total";"3983"
"4314076";"Passo do Sobrado (RS)";"Total";"6025"
"4314100";"Passo Fundo (RS)";"Total";"206215"
"4314134";"Paulo Bento (RS)";"Total";"2144"
"4314159";"Paverama (RS)";"Total";"7978"
"4314175";"Pedras Altas (RS)";"Total";"2061"
"4314209";"Pedro Osório (RS)";"Total";"7484"
"4314308";"Pejuçara (RS)";"Total";"3745"
"4314407";"Pelotas (RS)";"Total";"325685"
"4314423";"Picada Café (RS)";"Total";"5351"
"4314456";"Pinhal (RS)";"Total";"2959"
"4314464";"Pinhal da Serra (RS)";"Total";"2248"
"4314472";"Pinhal Grande (RS)";"Total";"3805"
"4314498";"Pinheirinho do Vale (RS)";"Total";"4540"
"4314506";"Pinheiro Machado (RS)";"Total";"11214"
"4314548";"Pinto Bandeira (RS)";"Total";"2723"
"4314555";"Pirapó (RS)";"Total";"2260"
"4314605";"Piratini (RS)";"Total";"17504"
"4314704";"Planalto (RS)";"Total";"10406"
"4314753";"Poço das Antas (RS)";"Total";"2171"
"4314779";"Pontão (RS)";"Total";"3296"
"4314787";"Ponte Preta (RS)";"Total";"1575"
"4314803";"Portão (RS)";"Total";"34071"
"4314902";"Porto Alegre (RS)";"Total";"1332845"
"4315008";"Porto Lucena (RS)";"Total";"4360"
"4315057";"Porto Mauá (RS)";"Total";"2142"
"4315073";"Porto Vera Cruz (RS)";"Total";"1560"
"4315107";"Porto Xavier (RS)";"Total";"9938"
"4315131";"Pouso Novo (RS)";"Total";"1739"
"4315149";"Presidente Lucena (RS)";"Total";"3077"
"4315156";"Progresso (RS)";"Total";"5340"
"4315172";"Protásio Alves (RS)";"Total";"2025"
"4315206";"Putinga (RS)";"Total";"3747"
"4315305";"Quaraí (RS)";"Total";"23500"
"4315313";"Quatro Irmãos (RS)";"Total";"1552"
"4315321";"Quevedos (RS)";"Total";"2507"
"4315354";"Quinze de Novembro (RS)";"Total";"3910"
"4315404";"Redentora (RS)";"Total";"9738"
"4315453";"Relvado (RS)";"Total";"1796"
"4315503";"Restinga Sêca (RS)";"Total";"14939"
"4315552";"Rio dos Índios (RS)";"Total";"2835"
"4315602";"Rio Grande (RS)";"Total";"191900"
"4315701";"Rio Pardo (RS)";"Total";"34654"
"4315750";"Riozinho (RS)";"Total";"4473"
"4315800";"Roca Sales (RS)";"Total";"10418"
"4315909";"Rodeio Bonito (RS)";"Total";"6654"
"4315958";"Rolador (RS)";"Total";"2291"
"4316006";"Rolante (RS)";"Total";"21253"
"4316105";"Ronda Alta (RS)";"Total";"9777"
"4316204";"Rondinha (RS)";"Total";"4991"
"4316303";"Roque Gonzales (RS)";"Total";"6576"
"4316402";"Rosário do Sul (RS)";"Total";"36630"
"4316428";"Sagrada Família (RS)";"Total";"2480"
"4316436";"Saldanha Marinho (RS)";"Total";"2575"
"4316451";"Salto do Jacuí (RS)";"Total";"10203"
"4316477";"Salvador das Missões (RS)";"Total";"2877"
"4316501";"Salvador do Sul (RS)";"Total";"6879"
"4316600";"Sananduva (RS)";"Total";"16399"
"4316709";"Santa Bárbara do Sul (RS)";"Total";"8122"
"4316733";"Santa Cecília do Sul (RS)";"Total";"1674"
"4316758";"Santa Clara do Sul (RS)";"Total";"6887"
"4316808";"Santa Cruz do Sul (RS)";"Total";"133230"
"4316907";"Santa Maria (RS)";"Total";"271735"
"4316956";"Santa Maria do Herval (RS)";"Total";"6340"
"4316972";"Santa Margarida do Sul (RS)";"Total";"2596"
"4317004";"Santana da Boa Vista (RS)";"Total";"7024"
"4317103";"Sant'Ana do Livramento (RS)";"Total";"84421"
"4317202";"Santa Rosa (RS)";"Total";"76963"
"4317251";"Santa Tereza (RS)";"Total";"1505"
"4317301";"Santa Vitória do Palmar (RS)";"Total";"30983"
"4317400";"Santiago (RS)";"Total";"48938"
"4317509";"Santo Ângelo (RS)";"Total";"76917"
"4317558";"Santo Antônio do Palma (RS)";"Total";"2091"
"4317608";"Santo Antônio da Patrulha (RS)";"Total";"42947"
"4317707";"Santo Antônio das Missões (RS)";"Total";"10300"
"4317756";"Santo Antônio do Planalto (RS)";"Total";"2089"
"4317806";"Santo Augusto (RS)";"Total";"13902"
"4317905";"Santo Cristo (RS)";"Total";"15320"
"4317954";"Santo Expedito do Sul (RS)";"Total";"2349"
"4318002";"São Borja (RS)";"Total";"59676"
"4318051";"São Domingos do Sul (RS)";"Total";"2754"
"4318101";"São Francisco de Assis (RS)";"Total";"17618"
"4318200";"São Francisco de Paula (RS)";"Total";"21893"
"4318309";"São Gabriel (RS)";"Total";"58487"
"4318408";"São Jerônimo (RS)";"Total";"21028"
"4318424";"São João da Urtiga (RS)";"Total";"4461"
"4318432";"São João do Polêsine (RS)";"Total";"2649"
"4318440";"São Jorge (RS)";"Total";"2912"
"4318457";"São José das Missões (RS)";"Total";"2362"
"4318465";"São José do Herval (RS)";"Total";"1902"
"4318481";"São José do Hortêncio (RS)";"Total";"4447"
"4318499";"São José do Inhacorá (RS)";"Total";"2406"
"4318507";"São José do Norte (RS)";"Total";"25443"
"4318606";"São José do Ouro (RS)";"Total";"6834"
"4318614";"São José do Sul (RS)";"Total";"2380"
"4318622";"São José dos Ausentes (RS)";"Total";"4172"
"4318705";"São Leopoldo (RS)";"Total";"217409"
"4318804";"São Lourenço do Sul (RS)";"Total";"41989"
"4318903";"São Luiz Gonzaga (RS)";"Total";"34752"
"4319000";"São Marcos (RS)";"Total";"21084"
"4319109";"São Martinho (RS)";"Total";"5481"
"4319125";"São Martinho da Serra (RS)";"Total";"2860"
"4319158";"São Miguel das Missões (RS)";"Total";"7056"
"4319208";"São Nicolau (RS)";"Total";"5118"
"4319307";"São Paulo das Missões (RS)";"Total";"5846"
"4319356";"São Pedro da Serra (RS)";"Total";"3548"
"4319364";"São Pedro das Missões (RS)";"Total";"1757"
"4319372";"São Pedro do Butiá (RS)";"Total";"3070"
"4319406";"São Pedro do Sul (RS)";"Total";"15577"
"4319505";"São Sebastião do Caí (RS)";"Total";"24428"
"4319604";"São Sepé (RS)";"Total";"21219"
"4319703";"São Valentim (RS)";"Total";"3264"
"4319711";"São Valentim do Sul (RS)";"Total";"2207"
"4319737";"São Valério do Sul (RS)";"Total";"2543"
"4319752";"São Vendelino (RS)";"Total";"2251"
"4319802";"São Vicente do Sul (RS)";"Total";"8097"
"4319901";"Sapiranga (RS)";"Total";"75648"
"4320008";"Sapucaia do Sul (RS)";"Total";"132107"
"4320107";"Sarandi (RS)";"Total";"22851"
"4320206";"Seberi (RS)";"Total";"11950"
"4320230";"Sede Nova (RS)";"Total";"2704"
"4320263";"Segredo (RS)";"Total";"6009"
"4320305";"Selbach (RS)";"Total";"5107"
"4320321";"Senador Salgado Filho (RS)";"Total";"2673"
"4320354";"Sentinela do Sul (RS)";"Total";"5306"
"4320404";"Serafina Corrêa (RS)";"Total";"16961"
"4320453";"Sério (RS)";"Total";"1941"
"4320503";"Sertão (RS)";"Total";"5541"
"4320552";"Sertão Santana (RS)";"Total";"5863"
"4320578";"Sete de Setembro (RS)";"Total";"1830"
"4320602";"Severiano de Almeida (RS)";"Total";"3406"
"4320651";"Silveira Martins (RS)";"Total";"2028"
"4320677";"Sinimbu (RS)";"Total";"8578"
"4320701";"Sobradinho (RS)";"Total";"14226"
"4320800";"Soledade (RS)";"Total";"29991"
"4320859";"Tabaí (RS)";"Total";"4461"
"4320909";"Tapejara (RS)";"Total";"24557"
"4321006";"Tapera (RS)";"Total";"10592"
"4321105";"Tapes (RS)";"Total";"14695"
"4321204";"Taquara (RS)";"Total";"53242"
"4321303";"Taquari (RS)";"Total";"25198"
"4321329";"Taquaruçu do Sul (RS)";"Total";"3119"
"4321352";"Tavares (RS)";"Total";"5212"
"4321402";"Tenente Portela (RS)";"Total";"14497"
"4321436";"Terra de Areia (RS)";"Total";"10334"
"4321451";"Teutônia (RS)";"Total";"32797"
"4321469";"Tio Hugo (RS)";"Total";"3267"
"4321477";"Tiradentes do Sul (RS)";"Total";"5129"
"4321493";"Toropi (RS)";"Total";"2554"
"4321501";"Torres (RS)";"Total";"41751"
"4321600";"Tramandaí (RS)";"Total";"54387"
"4321626";"Travesseiro (RS)";"Total";"2152"
"4321634";"Três Arroios (RS)";"Total";"2591"
"4321667";"Três Cachoeiras (RS)";"Total";"10962"
"4321709";"Três Coroas (RS)";"Total";"24425"
"4321808";"Três de Maio (RS)";"Total";"24916"
"4321832";"Três Forquilhas (RS)";"Total";"2760"
"4321857";"Três Palmeiras (RS)";"Total";"4716"
"4321907";"Três Passos (RS)";"Total";"25436"
"4321956";"Trindade do Sul (RS)";"Total";"7556"
"4322004";"Triunfo (RS)";"Total";"27498"
"4322103";"Tucunduva (RS)";"Total";"5542"
"4322152";"Tunas (RS)";"Total";"3681"
"4322186";"Tupanci do Sul (RS)";"Total";"1374"
"4322202";"Tupanciretã (RS)";"Total";"20005"
"4322251";"Tupandi (RS)";"Total";"5029"
"4322301";"Tuparendi (RS)";"Total";"8363"
"4322327";"Turuçu (RS)";"Total";"3419"
"4322343";"Ubiretama (RS)";"Total";"1994"
"4322350";"União da Serra (RS)";"Total";"1170"
"4322376";"Unistalda (RS)";"Total";"1995"
"4322400";"Uruguaiana (RS)";"Total";"117210"
"4322509";"Vacaria (RS)";"Total";"64197"
"4322525";"Vale Verde (RS)";"Total";"3150"
"4322533";"Vale do Sol (RS)";"Total";"9897"
"4322541";"Vale Real (RS)";"Total";"6058"
"4322558";"Vanini (RS)";"Total";"2004"
"4322608";"Venâncio Aires (RS)";"Total";"68763"
"4322707";"Vera Cruz (RS)";"Total";"26710"
"4322806";"Veranópolis (RS)";"Total";"24021"
"4322855";"Vespasiano Corrêa (RS)";"Total";"1818"
"4322905";"Viadutos (RS)";"Total";"4769"
"4323002";"Viamão (RS)";"Total";"224112"
"4323101";"Vicente Dutra (RS)";"Total";"4665"
"4323200";"Victor Graeff (RS)";"Total";"2780"
"4323309";"Vila Flores (RS)";"Total";"3646"
"4323358";"Vila Lângaro (RS)";"Total";"2079"
"4323408";"Vila Maria (RS)";"Total";"4413"
"4323457";"Vila Nova do Sul (RS)";"Total";"3863"
"4323507";"Vista Alegre (RS)";"Total";"2660"
"4323606";"Vista Alegre do Prata (RS)";"Total";"1590"
"4323705";"Vista Gaúcha (RS)";"Total";"2783"
"4323754";"Vitória das Missões (RS)";"Total";"3260"
"4323770";"Westfália (RS)";"Total";"3098"
"4323804";"Xangri-lá (RS)";"Total";"16463"
"5000203";"Água Clara (MS)";"Total";"16741"
"5000252";"Alcinópolis (MS)";"Total";"4537"
"5000609";"Amambai (MS)";"Total";"39325"
"5000708";"Anastácio (MS)";"Total";"24114"
"5000807";"Anaurilândia (MS)";"Total";"7653"
"5000856";"Angélica (MS)";"Total";"10729"
"5000906";"Antônio João (MS)";"Total";"9303"
"5001003";"Aparecida do Taboado (MS)";"Total";"27674"
"5001102";"Aquidauana (MS)";"Total";"46803"
"5001243";"Aral Moreira (MS)";"Total";"10748"
"5001508";"Bandeirantes (MS)";"Total";"7940"
"5001904";"Bataguassu (MS)";"Total";"23031"
"5002001";"Batayporã (MS)";"Total";"10712"
"5002100";"Bela Vista (MS)";"Total";"21613"
"5002159";"Bodoquena (MS)";"Total";"8567"
"5002209";"Bonito (MS)";"Total";"23659"
"5002308";"Brasilândia (MS)";"Total";"11579"
"5002407";"Caarapó (MS)";"Total";"30612"
"5002605";"Camapuã (MS)";"Total";"13583"
"5002704";"Campo Grande (MS)";"Total";"898100"
"5002803";"Caracol (MS)";"Total";"5036"
"5002902";"Cassilândia (MS)";"Total";"20988"
"5002951";"Chapadão do Sul (MS)";"Total";"30993"
"5003108";"Corguinho (MS)";"Total";"4783"
"5003157";"Coronel Sapucaia (MS)";"Total";"14289"
"5003207";"Corumbá (MS)";"Total";"96268"
"5003256";"Costa Rica (MS)";"Total";"26037"
"5003306";"Coxim (MS)";"Total";"32151"
"5003454";"Deodápolis (MS)";"Total";"13663"
"5003488";"Dois Irmãos do Buriti (MS)";"Total";"11100"
"5003504";"Douradina (MS)";"Total";"5578"
"5003702";"Dourados (MS)";"Total";"243367"
"5003751";"Eldorado (MS)";"Total";"11386"
"5003801";"Fátima do Sul (MS)";"Total";"20609"
"5003900";"Figueirão (MS)";"Total";"3539"
"5004007";"Glória de Dourados (MS)";"Total";"10444"
"5004106";"Guia Lopes da Laguna (MS)";"Total";"9940"
"5004304";"Iguatemi (MS)";"Total";"13808"
"5004403";"Inocência (MS)";"Total";"8404"
"5004502";"Itaporã (MS)";"Total";"24137"
"5004601";"Itaquiraí (MS)";"Total";"19423"
"5004700";"Ivinhema (MS)";"Total";"27821"
"5004809";"Japorã (MS)";"Total";"8148"
"5004908";"Jaraguari (MS)";"Total";"7139"
"5005004";"Jardim (MS)";"Total";"23981"
"5005103";"Jateí (MS)";"Total";"3586"
"5005152";"Juti (MS)";"Total";"6729"
"5005202";"Ladário (MS)";"Total";"21522"
"5005251";"Laguna Carapã (MS)";"Total";"6799"
"5005400";"Maracaju (MS)";"Total";"45047"
"5005608";"Miranda (MS)";"Total";"25536"
"5005681";"Mundo Novo (MS)";"Total";"19193"
"5005707";"Naviraí (MS)";"Total";"50457"
"5005806";"Nioaque (MS)";"Total";"13220"
"5006002";"Nova Alvorada do Sul (MS)";"Total";"21822"
"5006200";"Nova Andradina (MS)";"Total";"48563"
"5006259";"Novo Horizonte do Sul (MS)";"Total";"4721"
"5006275";"Paraíso das Águas (MS)";"Total";"5510"
"5006309";"Paranaíba (MS)";"Total";"40957"
"5006358";"Paranhos (MS)";"Total";"12921"
"5006408";"Pedro Gomes (MS)";"Total";"6941"
"5006606";"Ponta Porã (MS)";"Total";"92017"
"5006903";"Porto Murtinho (MS)";"Total";"12859"
"5007109";"Ribas do Rio Pardo (MS)";"Total";"23150"
"5007208";"Rio Brilhante (MS)";"Total";"37601"
"5007307";"Rio Negro (MS)";"Total";"4841"
"5007406";"Rio Verde de Mato Grosso (MS)";"Total";"19818"
"5007505";"Rochedo (MS)";"Total";"5199"
"5007554";"Santa Rita do Pardo (MS)";"Total";"7027"
"5007695";"São Gabriel do Oeste (MS)";"Total";"29579"
"5007703";"Sete Quedas (MS)";"Total";"10994"
"5007802";"Selvíria (MS)";"Total";"8142"
"5007901";"Sidrolândia (MS)";"Total";"47118"
"5007935";"Sonora (MS)";"Total";"14516"
"5007950";"Tacuru (MS)";"Total";"10808"
"5007976";"Taquarussu (MS)";"Total";"3625"
"5008008";"Terenos (MS)";"Total";"17652"
"5008305";"Três Lagoas (MS)";"Total";"132152"
"5008404";"Vicentina (MS)";"Total";"6336"
"5100102";"Acorizal (MT)";"Total";"5014"
"5100201";"Água Boa (MT)";"Total";"29219"
"5100250";"Alta Floresta (MT)";"Total";"58613"
"5100300";"Alto Araguaia (MT)";"Total";"17193"
"5100359";"Alto Boa Vista (MT)";"Total";"5715"
"5100409";"Alto Garças (MT)";"Total";"13052"
"5100508";"Alto Paraguai (MT)";"Total";"8009"
"5100607";"Alto Taquari (MT)";"Total";"10904"
"5100805";"Apiacás (MT)";"Total";"8590"
"5101001";"Araguaiana (MT)";"Total";"3795"
"5101209";"Araguainha (MT)";"Total";"1010"
"5101258";"Araputanga (MT)";"Total";"14786"
"5101308";"Arenápolis (MT)";"Total";"10576"
"5101407";"Aripuanã (MT)";"Total";"24626"
"5101605";"Barão de Melgaço (MT)";"Total";"7253"
"5101704";"Barra do Bugres (MT)";"Total";"29403"
"5101803";"Barra do Garças (MT)";"Total";"69210"
"5101852";"Bom Jesus do Araguaia (MT)";"Total";"7280"
"5101902";"Brasnorte (MT)";"Total";"17004"
"5102504";"Cáceres (MT)";"Total";"89681"
"5102603";"Campinápolis (MT)";"Total";"15347"
"5102637";"Campo Novo do Parecis (MT)";"Total";"45899"
"5102678";"Campo Verde (MT)";"Total";"44585"
"5102686";"Campos de Júlio (MT)";"Total";"8822"
"5102694";"Canabrava do Norte (MT)";"Total";"4485"
"5102702";"Canarana (MT)";"Total";"25858"
"5102793";"Carlinda (MT)";"Total";"10332"
"5102850";"Castanheira (MT)";"Total";"7506"
"5103007";"Chapada dos Guimarães (MT)";"Total";"18990"
"5103056";"Cláudia (MT)";"Total";"9593"
"5103106";"Cocalinho (MT)";"Total";"6220"
"5103205";"Colíder (MT)";"Total";"31370"
"5103254";"Colniza (MT)";"Total";"25766"
"5103304";"Comodoro (MT)";"Total";"18238"
"5103353";"Confresa (MT)";"Total";"35075"
"5103361";"Conquista D'Oeste (MT)";"Total";"3760"
"5103379";"Cotriguaçu (MT)";"Total";"11011"
"5103403";"Cuiabá (MT)";"Total";"650877"
"5103437";"Curvelândia (MT)";"Total";"4903"
"5103452";"Denise (MT)";"Total";"7014"
"5103502";"Diamantino (MT)";"Total";"21941"
"5103601";"Dom Aquino (MT)";"Total";"7872"
"5103700";"Feliz Natal (MT)";"Total";"10521"
"5103809";"Figueirópolis D'Oeste (MT)";"Total";"3187"
"5103858";"Gaúcha do Norte (MT)";"Total";"8642"
"5103908";"General Carneiro (MT)";"Total";"6037"
"5103957";"Glória D'Oeste (MT)";"Total";"2905"
"5104104";"Guarantã do Norte (MT)";"Total";"31024"
"5104203";"Guiratinga (MT)";"Total";"10966"
"5104500";"Indiavaí (MT)";"Total";"2213"
"5104526";"Ipiranga do Norte (MT)";"Total";"7815"
"5104542";"Itanhangá (MT)";"Total";"7539"
"5104559";"Itaúba (MT)";"Total";"5020"
"5104609";"Itiquira (MT)";"Total";"12236"
"5104807";"Jaciara (MT)";"Total";"28569"
"5104906";"Jangada (MT)";"Total";"7426"
"5105002";"Jauru (MT)";"Total";"8367"
"5105101";"Juara (MT)";"Total";"34906"
"5105150";"Juína (MT)";"Total";"45869"
"5105176";"Juruena (MT)";"Total";"10213"
"5105200";"Juscimeira (MT)";"Total";"11480"
"5105234";"Lambari D'Oeste (MT)";"Total";"4790"
"5105259";"Lucas do Rio Verde (MT)";"Total";"83798"
"5105309";"Luciara (MT)";"Total";"2509"
"5105507";"Vila Bela da Santíssima Trindade (MT)";"Total";"16774"
"5105580";"Marcelândia (MT)";"Total";"11396"
"5105606";"Matupá (MT)";"Total";"20091"
"5105622";"Mirassol d'Oeste (MT)";"Total";"26785"
"5105903";"Nobres (MT)";"Total";"15492"
"5106000";"Nortelândia (MT)";"Total";"5956"
"5106109";"Nossa Senhora do Livramento (MT)";"Total";"12940"
"5106158";"Nova Bandeirantes (MT)";"Total";"13635"
"5106174";"Nova Nazaré (MT)";"Total";"4200"
"5106182";"Nova Lacerda (MT)";"Total";"6670"
"5106190";"Nova Santa Helena (MT)";"Total";"4239"
"5106208";"Nova Brasilândia (MT)";"Total";"3932"
"5106216";"Nova Canaã do Norte (MT)";"Total";"11707"
"5106224";"Nova Mutum (MT)";"Total";"55839"
"5106232";"Nova Olímpia (MT)";"Total";"16352"
"5106240";"Nova Ubiratã (MT)";"Total";"11530"
"5106257";"Nova Xavantina (MT)";"Total";"24345"
"5106265";"Novo Mundo (MT)";"Total";"6520"
"5106273";"Novo Horizonte do Norte (MT)";"Total";"3349"
"5106281";"Novo São Joaquim (MT)";"Total";"6919"
"5106299";"Paranaíta (MT)";"Total";"11671"
"5106307";"Paranatinga (MT)";"Total";"26423"
"5106315";"Novo Santo Antônio (MT)";"Total";"2015"
"5106372";"Pedra Preta (MT)";"Total";"18066"
"5106422";"Peixoto de Azevedo (MT)";"Total";"32714"
"5106455";"Planalto da Serra (MT)";"Total";"3166"
"5106505";"Poconé (MT)";"Total";"31217"
"5106653";"Pontal do Araguaia (MT)";"Total";"6932"
"5106703";"Ponte Branca (MT)";"Total";"2008"
"5106752";"Pontes e Lacerda (MT)";"Total";"52018"
"5106778";"Porto Alegre do Norte (MT)";"Total";"12127"
"5106802";"Porto dos Gaúchos (MT)";"Total";"5593"
"5106828";"Porto Esperidião (MT)";"Total";"10204"
"5106851";"Porto Estrela (MT)";"Total";"3224"
"5107008";"Poxoréu (MT)";"Total";"23283"
"5107040";"Primavera do Leste (MT)";"Total";"85146"
"5107065";"Querência (MT)";"Total";"26769"
"5107107";"São José dos Quatro Marcos (MT)";"Total";"17849"
"5107156";"Reserva do Cabaçal (MT)";"Total";"2122"
"5107180";"Ribeirão Cascalheira (MT)";"Total";"10089"
"5107198";"Ribeirãozinho (MT)";"Total";"2593"
"5107206";"Rio Branco (MT)";"Total";"4535"
"5107248";"Santa Carmem (MT)";"Total";"5374"
"5107263";"Santo Afonso (MT)";"Total";"2519"
"5107297";"São José do Povo (MT)";"Total";"2875"
"5107305";"São José do Rio Claro (MT)";"Total";"14911"
"5107354";"São José do Xingu (MT)";"Total";"5964"
"5107404";"São Pedro da Cipa (MT)";"Total";"4191"
"5107578";"Rondolândia (MT)";"Total";"3505"
"5107602";"Rondonópolis (MT)";"Total";"244911"
"5107701";"Rosário Oeste (MT)";"Total";"15453"
"5107743";"Santa Cruz do Xingu (MT)";"Total";"2661"
"5107750";"Salto do Céu (MT)";"Total";"3679"
"5107768";"Santa Rita do Trivelato (MT)";"Total";"3276"
"5107776";"Santa Terezinha (MT)";"Total";"7596"
"5107792";"Santo Antônio do Leste (MT)";"Total";"4099"
"5107800";"Santo Antônio de Leverger (MT)";"Total";"15246"
"5107859";"São Félix do Araguaia (MT)";"Total";"13621"
"5107875";"Sapezal (MT)";"Total";"28944"
"5107883";"Serra Nova Dourada (MT)";"Total";"1800"
"5107909";"Sinop (MT)";"Total";"196312"
"5107925";"Sorriso (MT)";"Total";"110635"
"5107941";"Tabaporã (MT)";"Total";"9818"
"5107958";"Tangará da Serra (MT)";"Total";"106434"
"5108006";"Tapurah (MT)";"Total";"14370"
"5108055";"Terra Nova do Norte (MT)";"Total";"10616"
"5108105";"Tesouro (MT)";"Total";"3025"
"5108204";"Torixoréu (MT)";"Total";"4164"
"5108303";"União do Sul (MT)";"Total";"3838"
"5108352";"Vale de São Domingos (MT)";"Total";"2904"
"5108402";"Várzea Grande (MT)";"Total";"300078"
"5108501";"Vera (MT)";"Total";"12800"
"5108600";"Vila Rica (MT)";"Total";"19888"
"5108808";"Nova Guarita (MT)";"Total";"4590"
"5108857";"Nova Marilândia (MT)";"Total";"3529"
"5108907";"Nova Maringá (MT)";"Total";"5846"
"5108956";"Nova Monte Verde (MT)";"Total";"8313"
"5200050";"Abadia de Goiás (GO)";"Total";"19128"
"5200100";"Abadiânia (GO)";"Total";"17232"
"5200134";"Acreúna (GO)";"Total";"21568"
"5200159";"Adelândia (GO)";"Total";"2297"
"5200175";"Água Fria de Goiás (GO)";"Total";"4954"
"5200209";"Água Limpa (GO)";"Total";"1858"
"5200258";"Águas Lindas de Goiás (GO)";"Total";"225693"
"5200308";"Alexânia (GO)";"Total";"27008"
"5200506";"Aloândia (GO)";"Total";"1973"
"5200555";"Alto Horizonte (GO)";"Total";"6072"
"5200605";"Alto Paraíso de Goiás (GO)";"Total";"10306"
"5200803";"Alvorada do Norte (GO)";"Total";"8446"
"5200829";"Amaralina (GO)";"Total";"3268"
"5200852";"Americano do Brasil (GO)";"Total";"5259"
"5200902";"Amorinópolis (GO)";"Total";"3007"
"5201108";"Anápolis (GO)";"Total";"398869"
"5201207";"Anhanguera (GO)";"Total";"924"
"5201306";"Anicuns (GO)";"Total";"18503"
"5201405";"Aparecida de Goiânia (GO)";"Total";"527796"
"5201454";"Aparecida do Rio Doce (GO)";"Total";"2907"
"5201504";"Aporé (GO)";"Total";"4325"
"5201603";"Araçu (GO)";"Total";"3799"
"5201702";"Aragarças (GO)";"Total";"18390"
"5201801";"Aragoiânia (GO)";"Total";"11890"
"5202155";"Araguapaz (GO)";"Total";"7153"
"5202353";"Arenópolis (GO)";"Total";"2946"
"5202502";"Aruanã (GO)";"Total";"8300"
"5202601";"Aurilândia (GO)";"Total";"3284"
"5202809";"Avelinópolis (GO)";"Total";"2868"
"5203104";"Baliza (GO)";"Total";"3351"
"5203203";"Barro Alto (GO)";"Total";"10371"
"5203302";"Bela Vista de Goiás (GO)";"Total";"34445"
"5203401";"Bom Jardim de Goiás (GO)";"Total";"7826"
"5203500";"Bom Jesus de Goiás (GO)";"Total";"23958"
"5203559";"Bonfinópolis (GO)";"Total";"10296"
"5203575";"Bonópolis (GO)";"Total";"3299"
"5203609";"Brazabrantes (GO)";"Total";"3992"
"5203807";"Britânia (GO)";"Total";"5695"
"5203906";"Buriti Alegre (GO)";"Total";"10495"
"5203939";"Buriti de Goiás (GO)";"Total";"2732"
"5203962";"Buritinópolis (GO)";"Total";"3145"
"5204003";"Cabeceiras (GO)";"Total";"7560"
"5204102";"Cachoeira Alta (GO)";"Total";"11513"
"5204201";"Cachoeira de Goiás (GO)";"Total";"1405"
"5204250";"Cachoeira Dourada (GO)";"Total";"7782"
"5204300";"Caçu (GO)";"Total";"13774"
"5204409";"Caiapônia (GO)";"Total";"16513"
"5204508";"Caldas Novas (GO)";"Total";"98622"
"5204557";"Caldazinha (GO)";"Total";"4507"
"5204607";"Campestre de Goiás (GO)";"Total";"3755"
"5204656";"Campinaçu (GO)";"Total";"3708"
"5204706";"Campinorte (GO)";"Total";"12510"
"5204805";"Campo Alegre de Goiás (GO)";"Total";"7422"
"5204854";"Campo Limpo de Goiás (GO)";"Total";"8081"
"5204904";"Campos Belos (GO)";"Total";"18108"
"5204953";"Campos Verdes (GO)";"Total";"4005"
"5205000";"Carmo do Rio Verde (GO)";"Total";"9710"
"5205059";"Castelândia (GO)";"Total";"2985"
"5205109";"Catalão (GO)";"Total";"114427"
"5205208";"Caturaí (GO)";"Total";"5184"
"5205307";"Cavalcante (GO)";"Total";"9583"
"5205406";"Ceres (GO)";"Total";"22046"
"5205455";"Cezarina (GO)";"Total";"8090"
"5205471";"Chapadão do Céu (GO)";"Total";"12870"
"5205497";"Cidade Ocidental (GO)";"Total";"91767"
"5205513";"Cocalzinho de Goiás (GO)";"Total";"25016"
"5205521";"Colinas do Sul (GO)";"Total";"4030"
"5205703";"Córrego do Ouro (GO)";"Total";"2454"
"5205802";"Corumbá de Goiás (GO)";"Total";"10562"
"5205901";"Corumbaíba (GO)";"Total";"9164"
"5206206";"Cristalina (GO)";"Total";"62337"
"5206305";"Cristianópolis (GO)";"Total";"3504"
"5206404";"Crixás (GO)";"Total";"17065"
"5206503";"Cromínia (GO)";"Total";"3883"
"5206602";"Cumari (GO)";"Total";"2927"
"5206701";"Damianópolis (GO)";"Total";"3770"
"5206800";"Damolândia (GO)";"Total";"2724"
"5206909";"Davinópolis (GO)";"Total";"1902"
"5207105";"Diorama (GO)";"Total";"2062"
"5207253";"Doverlândia (GO)";"Total";"6956"
"5207352";"Edealina (GO)";"Total";"4001"
"5207402";"Edéia (GO)";"Total";"11747"
"5207501";"Estrela do Norte (GO)";"Total";"3205"
"5207535";"Faina (GO)";"Total";"7070"
"5207600";"Fazenda Nova (GO)";"Total";"5877"
"5207808";"Firminópolis (GO)";"Total";"10419"
"5207907";"Flores de Goiás (GO)";"Total";"13744"
"5208004";"Formosa (GO)";"Total";"115901"
"5208103";"Formoso (GO)";"Total";"4660"
"5208152";"Gameleira de Goiás (GO)";"Total";"3456"
"5208301";"Divinópolis de Goiás (GO)";"Total";"4457"
"5208400";"Goianápolis (GO)";"Total";"13967"
"5208509";"Goiandira (GO)";"Total";"4973"
"5208608";"Goianésia (GO)";"Total";"73707"
"5208707";"Goiânia (GO)";"Total";"1437366"
"5208806";"Goianira (GO)";"Total";"71916"
"5208905";"Goiás (GO)";"Total";"24071"
"5209101";"Goiatuba (GO)";"Total";"35664"
"5209150";"Gouvelândia (GO)";"Total";"4390"
"5209200";"Guapó (GO)";"Total";"19545"
"5209291";"Guaraíta (GO)";"Total";"2188"
"5209408";"Guarani de Goiás (GO)";"Total";"4085"
"5209457";"Guarinos (GO)";"Total";"2161"
"5209606";"Heitoraí (GO)";"Total";"3354"
"5209705";"Hidrolândia (GO)";"Total";"27742"
"5209804";"Hidrolina (GO)";"Total";"3545"
"5209903";"Iaciara (GO)";"Total";"10584"
"5209937";"Inaciolândia (GO)";"Total";"5954"
"5209952";"Indiara (GO)";"Total";"17061"
"5210000";"Inhumas (GO)";"Total";"52204"
"5210109";"Ipameri (GO)";"Total";"25548"
"5210158";"Ipiranga de Goiás (GO)";"Total";"2919"
"5210208";"Iporá (GO)";"Total";"35684"
"5210307";"Israelândia (GO)";"Total";"2560"
"5210406";"Itaberaí (GO)";"Total";"44734"
"5210562";"Itaguari (GO)";"Total";"4963"
"5210604";"Itaguaru (GO)";"Total";"4904"
"5210802";"Itajá (GO)";"Total";"4380"
"5210901";"Itapaci (GO)";"Total";"21087"
"5211008";"Itapirapuã (GO)";"Total";"8007"
"5211206";"Itapuranga (GO)";"Total";"26113"
"5211305";"Itarumã (GO)";"Total";"6101"
"5211404";"Itauçu (GO)";"Total";"7736"
"5211503";"Itumbiara (GO)";"Total";"107970"
"5211602";"Ivolândia (GO)";"Total";"2693"
"5211701";"Jandaia (GO)";"Total";"6272"
"5211800";"Jaraguá (GO)";"Total";"45223"
"5211909";"Jataí (GO)";"Total";"105729"
"5212006";"Jaupaci (GO)";"Total";"2924"
"5212055";"Jesúpolis (GO)";"Total";"2123"
"5212105";"Joviânia (GO)";"Total";"7159"
"5212204";"Jussara (GO)";"Total";"19620"
"5212253";"Lagoa Santa (GO)";"Total";"1390"
"5212303";"Leopoldo de Bulhões (GO)";"Total";"8745"
"5212501";"Luziânia (GO)";"Total";"209129"
"5212600";"Mairipotaba (GO)";"Total";"2561"
"5212709";"Mambaí (GO)";"Total";"8124"
"5212808";"Mara Rosa (GO)";"Total";"10700"
"5212907";"Marzagão (GO)";"Total";"2758"
"5212956";"Matrinchã (GO)";"Total";"4042"
"5213004";"Maurilândia (GO)";"Total";"10304"
"5213053";"Mimoso de Goiás (GO)";"Total";"2614"
"5213087";"Minaçu (GO)";"Total";"27075"
"5213103";"Mineiros (GO)";"Total";"70081"
"5213400";"Moiporá (GO)";"Total";"1685"
"5213509";"Monte Alegre de Goiás (GO)";"Total";"6692"
"5213707";"Montes Claros de Goiás (GO)";"Total";"8756"
"5213756";"Montividiu (GO)";"Total";"12521"
"5213772";"Montividiu do Norte (GO)";"Total";"3779"
"5213806";"Morrinhos (GO)";"Total";"51351"
"5213855";"Morro Agudo de Goiás (GO)";"Total";"2456"
"5213905";"Mossâmedes (GO)";"Total";"4654"
"5214002";"Mozarlândia (GO)";"Total";"14750"
"5214051";"Mundo Novo (GO)";"Total";"6189"
"5214101";"Mutunópolis (GO)";"Total";"3564"
"5214408";"Nazário (GO)";"Total";"8189"
"5214507";"Nerópolis (GO)";"Total";"31932"
"5214606";"Niquelândia (GO)";"Total";"34964"
"5214705";"Nova América (GO)";"Total";"2337"
"5214804";"Nova Aurora (GO)";"Total";"2101"
"5214838";"Nova Crixás (GO)";"Total";"12815"
"5214861";"Nova Glória (GO)";"Total";"8310"
"5214879";"Nova Iguaçu de Goiás (GO)";"Total";"3010"
"5214903";"Nova Roma (GO)";"Total";"3076"
"5215009";"Nova Veneza (GO)";"Total";"9481"
"5215207";"Novo Brasil (GO)";"Total";"3527"
"5215231";"Novo Gama (GO)";"Total";"103804"
"5215256";"Novo Planalto (GO)";"Total";"3716"
"5215306";"Orizona (GO)";"Total";"16399"
"5215405";"Ouro Verde de Goiás (GO)";"Total";"4057"
"5215504";"Ouvidor (GO)";"Total";"7200"
"5215603";"Padre Bernardo (GO)";"Total";"34967"
"5215652";"Palestina de Goiás (GO)";"Total";"3132"
"5215702";"Palmeiras de Goiás (GO)";"Total";"31858"
"5215801";"Palmelo (GO)";"Total";"2259"
"5215900";"Palminópolis (GO)";"Total";"3851"
"5216007";"Panamá (GO)";"Total";"2455"
"5216304";"Paranaiguara (GO)";"Total";"7607"
"5216403";"Paraúna (GO)";"Total";"10659"
"5216452";"Perolândia (GO)";"Total";"2964"
"5216809";"Petrolina de Goiás (GO)";"Total";"9573"
"5216908";"Pilar de Goiás (GO)";"Total";"2328"
"5217104";"Piracanjuba (GO)";"Total";"24883"
"5217203";"Piranhas (GO)";"Total";"11712"
"5217302";"Pirenópolis (GO)";"Total";"26690"
"5217401";"Pires do Rio (GO)";"Total";"32373"
"5217609";"Planaltina (GO)";"Total";"105031"
"5217708";"Pontalina (GO)";"Total";"18309"
"5218003";"Porangatu (GO)";"Total";"44317"
"5218052";"Porteirão (GO)";"Total";"4070"
"5218102";"Portelândia (GO)";"Total";"3280"
"5218300";"Posse (GO)";"Total";"34914"
"5218391";"Professor Jamil (GO)";"Total";"3649"
"5218508";"Quirinópolis (GO)";"Total";"48447"
"5218607";"Rialma (GO)";"Total";"12165"
"5218706";"Rianápolis (GO)";"Total";"3980"
"5218789";"Rio Quente (GO)";"Total";"3864"
"5218805";"Rio Verde (GO)";"Total";"225696"
"5218904";"Rubiataba (GO)";"Total";"19788"
"5219001";"Sanclerlândia (GO)";"Total";"7918"
"5219100";"Santa Bárbara de Goiás (GO)";"Total";"6149"
"5219209";"Santa Cruz de Goiás (GO)";"Total";"3002"
"5219258";"Santa Fé de Goiás (GO)";"Total";"4951"
"5219308";"Santa Helena de Goiás (GO)";"Total";"38492"
"5219357";"Santa Isabel (GO)";"Total";"3538"
"5219407";"Santa Rita do Araguaia (GO)";"Total";"5924"
"5219456";"Santa Rita do Novo Destino (GO)";"Total";"2689"
"5219506";"Santa Rosa de Goiás (GO)";"Total";"2820"
"5219605";"Santa Tereza de Goiás (GO)";"Total";"3293"
"5219704";"Santa Terezinha de Goiás (GO)";"Total";"10645"
"5219712";"Santo Antônio da Barra (GO)";"Total";"4267"
"5219738";"Santo Antônio de Goiás (GO)";"Total";"7386"
"5219753";"Santo Antônio do Descoberto (GO)";"Total";"72127"
"5219803";"São Domingos (GO)";"Total";"9711"
"5219902";"São Francisco de Goiás (GO)";"Total";"6378"
"5220009";"São João d'Aliança (GO)";"Total";"14041"
"5220058";"São João da Paraúna (GO)";"Total";"1774"
"5220108";"São Luís de Montes Belos (GO)";"Total";"33852"
"5220157";"São Luiz do Norte (GO)";"Total";"4837"
"5220207";"São Miguel do Araguaia (GO)";"Total";"21900"
"5220264";"São Miguel do Passa Quatro (GO)";"Total";"4464"
"5220280";"São Patrício (GO)";"Total";"2143"
"5220405";"São Simão (GO)";"Total";"17020"
"5220454";"Senador Canedo (GO)";"Total";"155635"
"5220504";"Serranópolis (GO)";"Total";"8027"
"5220603";"Silvânia (GO)";"Total";"22245"
"5220686";"Simolândia (GO)";"Total";"5742"
"5220702";"Sítio d'Abadia (GO)";"Total";"2927"
"5221007";"Taquaral de Goiás (GO)";"Total";"4026"
"5221080";"Teresina de Goiás (GO)";"Total";"2701"
"5221197";"Terezópolis de Goiás (GO)";"Total";"7944"
"5221304";"Três Ranchos (GO)";"Total";"2921"
"5221403";"Trindade (GO)";"Total";"142431"
"5221452";"Trombas (GO)";"Total";"3120"
"5221502";"Turvânia (GO)";"Total";"4480"
"5221551";"Turvelândia (GO)";"Total";"4985"
"5221577";"Uirapuru (GO)";"Total";"2798"
"5221601";"Uruaçu (GO)";"Total";"42546"
"5221700";"Uruana (GO)";"Total";"13729"
"5221809";"Urutaí (GO)";"Total";"3553"
"5221858";"Valparaíso de Goiás (GO)";"Total";"198861"
"5221908";"Varjão (GO)";"Total";"3716"
"5222005";"Vianópolis (GO)";"Total";"14956"
"5222054";"Vicentinópolis (GO)";"Total";"8768"
"5222203";"Vila Boa (GO)";"Total";"4215"
"5222302";"Vila Propício (GO)";"Total";"5815"
"5300108";"Brasília (DF)";"Total";"2817381"
"Fonte: IBGE - Censo Demográfico"

"Notas"
"1 - Dados do Universo."
"2- Os dados referentes aos municípios Abel Figueiredo (PA) e São Pedro da Água Branca (MA) foram corrigidos no dia 22/12/2023, impactando nos totais dos estados do Pará e do Maranhão e nos totais das Grandes Regiões do Norte e Nordeste."
""
"Legenda"
"Símbolo";"Significado"
"-";"Zero absoluto, não resultante de um cálculo ou arredondamento.
Ex: Em determinado município não existem pessoas de 14 anos de idade sem instrução."
"0";"Zero resultante de um cálculo ou arredondamento.
Ex: A inflação do feijão em determinada Região Metropolitana foi 0.
Determinado município produziu 400 kg de sementes de girassol e os dados da tabela são expressos em toneladas."
"X";"Valor inibido para não identificar o informante.
Ex: Determinado município só possui uma empresa produtora de cimento, logo o valor de sua produção deve ser inibido."
"..";"Valor não se aplica.
Ex: Não se pode obter o total da produção agrícola em determinado município quando os produtos agrícolas são contabilizados com unidades de medida distintas."
"...";"Valor não disponível.
Ex: A produção de feijão em determinado município não foi pesquisada ou determinado município não existia no ano da pesquisa."
"A a Z
(exceto X)";"Significa uma faixa de valores. Varia em função da tabela (se for o caso).
Ex: O nível de precisão da produção estimada de combustíveis está na faixa A (95 a 100%)"
