"Tabela 5938 - Produto interno bruto a preços correntes, impostos, líquidos de subsídios, sobre produtos a preços correntes e valor adicionado bruto a preços correntes total e por atividade econômica, e respectivas participações - Referência 2010"
"Variável - Produto Interno Bruto a preços correntes (Mil Reais)"
"Cód.";"Município";"Ano"
"Cód.";"Município";"2023"
"1100015";"Alta Floresta D'Oeste (RO)";"1046343"
"1100023";"Ariquemes (RO)";"4383815"
"1100031";"Cabixi (RO)";"300832"
"1100049";"Cacoal (RO)";"3848468"
"1100056";"Cerejeiras (RO)";"1006389"
"1100064";"Colorado do Oeste (RO)";"580899"
"1100072";"Corumbiara (RO)";"509566"
"1100080";"Costa Marques (RO)";"413943"
"1100098";"Espigão D'Oeste (RO)";"1023973"
"1100106";"Guajará-Mirim (RO)";"1145034"
"1100114";"Jaru (RO)";"2515558"
"1100122";"Ji-Paraná (RO)";"5824472"
"1100130";"Machadinho D'Oeste (RO)";"1055806"
"1100148";"Nova Brasilândia D'Oeste (RO)";"731952"
"1100155";"Ouro Preto do Oeste (RO)";"1275479"
"1100189";"Pimenta Bueno (RO)";"2124340"
"1100205";"Porto Velho (RO)";"25402193"
"1100254";"Presidente Médici (RO)";"776281"
"1100262";"Rio Crespo (RO)";"265160"
"1100288";"Rolim de Moura (RO)";"2287631"
"1100296";"Santa Luzia D'Oeste (RO)";"291887"
"1100304";"Vilhena (RO)";"5115785"
"1100320";"São Miguel do Guaporé (RO)";"1549192"
"1100338";"Nova Mamoré (RO)";"1060566"
"1100346";"Alvorada D'Oeste (RO)";"486626"
"1100379";"Alto Alegre dos Parecis (RO)";"575129"
"1100403";"Alto Paraíso (RO)";"667923"
"1100452";"Buritis (RO)";"1221008"
"1100502";"Novo Horizonte do Oeste (RO)";"331958"
"1100601";"Cacaulândia (RO)";"238989"
"1100700";"Campo Novo de Rondônia (RO)";"455251"
"1100809";"Candeias do Jamari (RO)";"1001610"
"1100908";"Castanheiras (RO)";"138594"
"1100924";"Chupinguaia (RO)";"673990"
"1100940";"Cujubim (RO)";"582148"
"1101005";"Governador Jorge Teixeira (RO)";"320123"
"1101104";"Itapuã do Oeste (RO)";"340162"
"1101203";"Ministro Andreazza (RO)";"440282"
"1101302";"Mirante da Serra (RO)";"380179"
"1101401";"Monte Negro (RO)";"526990"
"1101435";"Nova União (RO)";"193557"
"1101450";"Parecis (RO)";"201510"
"1101468";"Pimenteiras do Oeste (RO)";"355185"
"1101476";"Primavera de Rondônia (RO)";"131193"
"1101484";"São Felipe D'Oeste (RO)";"177906"
"1101492";"São Francisco do Guaporé (RO)";"716411"
"1101500";"Seringueiras (RO)";"446997"
"1101559";"Teixeirópolis (RO)";"156426"
"1101609";"Theobroma (RO)";"307754"
"1101708";"Urupá (RO)";"370214"
"1101757";"Vale do Anari (RO)";"257311"
"1101807";"Vale do Paraíso (RO)";"225187"
"1200013";"Acrelândia (AC)";"502663"
"1200054";"Assis Brasil (AC)";"187366"
"1200104";"Brasiléia (AC)";"929800"
"1200138";"Bujari (AC)";"365419"
"1200179";"Capixaba (AC)";"530657"
"1200203";"Cruzeiro do Sul (AC)";"2680143"
"1200252";"Epitaciolândia (AC)";"793427"
"1200302";"Feijó (AC)";"741344"
"1200328";"Jordão (AC)";"150648"
"1200336";"Mâncio Lima (AC)";"339224"
"1200344";"Manoel Urbano (AC)";"262614"
"1200351";"Marechal Thaumaturgo (AC)";"288045"
"1200385";"Plácido de Castro (AC)";"764818"
"1200393";"Porto Walter (AC)";"200512"
"1200401";"Rio Branco (AC)";"12960966"
"1200427";"Rodrigues Alves (AC)";"293645"
"1200435";"Santa Rosa do Purus (AC)";"124070"
"1200450";"Senador Guiomard (AC)";"1111821"
"1200500";"Sena Madureira (AC)";"972648"
"1200609";"Tarauacá (AC)";"932080"
"1200708";"Xapuri (AC)";"626026"
"1200807";"Porto Acre (AC)";"533386"
"1300029";"Alvarães (AM)";"242584"
"1300060";"Amaturá (AM)";"134732"
"1300086";"Anamã (AM)";"154694"
"1300102";"Anori (AM)";"297171"
"1300144";"Apuí (AM)";"386133"
"1300201";"Atalaia do Norte (AM)";"206769"
"1300300";"Autazes (AM)";"584990"
"1300409";"Barcelos (AM)";"242100"
"1300508";"Barreirinha (AM)";"398068"
"1300607";"Benjamin Constant (AM)";"469445"
"1300631";"Beruri (AM)";"262121"
"1300680";"Boa Vista do Ramos (AM)";"243779"
"1300706";"Boca do Acre (AM)";"661735"
"1300805";"Borba (AM)";"435684"
"1300839";"Caapiranga (AM)";"219112"
"1300904";"Canutama (AM)";"208247"
"1301001";"Carauari (AM)";"433322"
"1301100";"Careiro (AM)";"436682"
"1301159";"Careiro da Várzea (AM)";"418938"
"1301209";"Coari (AM)";"3893679"
"1301308";"Codajás (AM)";"637713"
"1301407";"Eirunepé (AM)";"683640"
"1301506";"Envira (AM)";"236124"
"1301605";"Fonte Boa (AM)";"324329"
"1301654";"Guajará (AM)";"184646"
"1301704";"Humaitá (AM)";"926065"
"1301803";"Ipixuna (AM)";"247844"
"1301852";"Iranduba (AM)";"1263496"
"1301902";"Itacoatiara (AM)";"3321936"
"1301951";"Itamarati (AM)";"161777"
"1302009";"Itapiranga (AM)";"196557"
"1302108";"Japurá (AM)";"145337"
"1302207";"Juruá (AM)";"147950"
"1302306";"Jutaí (AM)";"394550"
"1302405";"Lábrea (AM)";"742982"
"1302504";"Manacapuru (AM)";"1917413"
"1302553";"Manaquiri (AM)";"303947"
"1302603";"Manaus (AM)";"127649795"
"1302702";"Manicoré (AM)";"926410"
"1302801";"Maraã (AM)";"202680"
"1302900";"Maués (AM)";"695907"
"1303007";"Nhamundá (AM)";"239731"
"1303106";"Nova Olinda do Norte (AM)";"354693"
"1303205";"Novo Airão (AM)";"243316"
"1303304";"Novo Aripuanã (AM)";"311737"
"1303403";"Parintins (AM)";"1656949"
"1303502";"Pauini (AM)";"237839"
"1303536";"Presidente Figueiredo (AM)";"730303"
"1303569";"Rio Preto da Eva (AM)";"495858"
"1303601";"Santa Isabel do Rio Negro (AM)";"197857"
"1303700";"Santo Antônio do Içá (AM)";"354277"
"1303809";"São Gabriel da Cachoeira (AM)";"584409"
"1303908";"São Paulo de Olivença (AM)";"358400"
"1303957";"São Sebastião do Uatumã (AM)";"145515"
"1304005";"Silves (AM)";"434235"
"1304062";"Tabatinga (AM)";"849681"
"1304104";"Tapauá (AM)";"318010"
"1304203";"Tefé (AM)";"1619517"
"1304237";"Tonantins (AM)";"214602"
"1304260";"Uarini (AM)";"265246"
"1304302";"Urucará (AM)";"244547"
"1304401";"Urucurituba (AM)";"297173"
"1400027";"Amajari (RR)";"329100"
"1400050";"Alto Alegre (RR)";"802540"
"1400100";"Boa Vista (RR)";"18234169"
"1400159";"Bonfim (RR)";"772903"
"1400175";"Cantá (RR)";"498394"
"1400209";"Caracaraí (RR)";"637454"
"1400233";"Caroebe (RR)";"317377"
"1400282";"Iracema (RR)";"279559"
"1400308";"Mucajaí (RR)";"552044"
"1400407";"Normandia (RR)";"370956"
"1400456";"Pacaraima (RR)";"447421"
"1400472";"Rorainópolis (RR)";"981040"
"1400506";"São João da Baliza (RR)";"425809"
"1400605";"São Luiz (RR)";"221585"
"1400704";"Uiramutã (RR)";"254453"
"1500107";"Abaetetuba (PA)";"2441092"
"1500131";"Abel Figueiredo (PA)";"131077"
"1500206";"Acará (PA)";"2111467"
"1500305";"Afuá (PA)";"665557"
"1500347";"Água Azul do Norte (PA)";"1047226"
"1500404";"Alenquer (PA)";"1578584"
"1500503";"Almeirim (PA)";"593847"
"1500602";"Altamira (PA)";"3887894"
"1500701";"Anajás (PA)";"370838"
"1500800";"Ananindeua (PA)";"11473897"
"1500859";"Anapu (PA)";"715999"
"1500909";"Augusto Corrêa (PA)";"490157"
"1500958";"Aurora do Pará (PA)";"390415"
"1501006";"Aveiro (PA)";"228317"
"1501105";"Bagre (PA)";"329848"
"1501204";"Baião (PA)";"799363"
"1501253";"Bannach (PA)";"153995"
"1501303";"Barcarena (PA)";"9190033"
"1501402";"Belém (PA)";"40536062"
"1501451";"Belterra (PA)";"352844"
"1501501";"Benevides (PA)";"3338145"
"1501576";"Bom Jesus do Tocantins (PA)";"336974"
"1501600";"Bonito (PA)";"147258"
"1501709";"Bragança (PA)";"1977330"
"1501725";"Brasil Novo (PA)";"517482"
"1501758";"Brejo Grande do Araguaia (PA)";"143221"
"1501782";"Breu Branco (PA)";"802221"
"1501808";"Breves (PA)";"1515250"
"1501907";"Bujaru (PA)";"688320"
"1501956";"Cachoeira do Piriá (PA)";"237908"
"1502004";"Cachoeira do Arari (PA)";"354702"
"1502103";"Cametá (PA)";"1901553"
"1502152";"Canaã dos Carajás (PA)";"16621560"
"1502202";"Capanema (PA)";"1883282"
"1502301";"Capitão Poço (PA)";"900134"
"1502400";"Castanhal (PA)";"6318091"
"1502509";"Chaves (PA)";"331190"
"1502608";"Colares (PA)";"136194"
"1502707";"Conceição do Araguaia (PA)";"985296"
"1502756";"Concórdia do Pará (PA)";"520832"
"1502764";"Cumaru do Norte (PA)";"479032"
"1502772";"Curionópolis (PA)";"737806"
"1502806";"Curralinho (PA)";"396832"
"1502855";"Curuá (PA)";"192168"
"1502905";"Curuçá (PA)";"485458"
"1502939";"Dom Eliseu (PA)";"1332437"
"1502954";"Eldorado do Carajás (PA)";"736064"
"1503002";"Faro (PA)";"102052"
"1503044";"Floresta do Araguaia (PA)";"657025"
"1503077";"Garrafão do Norte (PA)";"426847"
"1503093";"Goianésia do Pará (PA)";"595811"
"1503101";"Gurupá (PA)";"489497"
"1503200";"Igarapé-Açu (PA)";"599286"
"1503309";"Igarapé-Miri (PA)";"1021946"
"1503408";"Inhangapi (PA)";"230530"
"1503457";"Ipixuna do Pará (PA)";"612707"
"1503507";"Irituia (PA)";"377735"
"1503606";"Itaituba (PA)";"3806020"
"1503705";"Itupiranga (PA)";"979792"
"1503754";"Jacareacanga (PA)";"732418"
"1503804";"Jacundá (PA)";"800237"
"1503903";"Juruti (PA)";"1184842"
"1504000";"Limoeiro do Ajuru (PA)";"601991"
"1504059";"Mãe do Rio (PA)";"488400"
"1504109";"Magalhães Barata (PA)";"121851"
"1504208";"Marabá (PA)";"9748965"
"1504307";"Maracanã (PA)";"361786"
"1504406";"Marapanim (PA)";"333941"
"1504422";"Marituba (PA)";"2780522"
"1504455";"Medicilândia (PA)";"1140469"
"1504505";"Melgaço (PA)";"347499"
"1504604";"Mocajuba (PA)";"480360"
"1504703";"Moju (PA)";"2156273"
"1504752";"Mojuí dos Campos (PA)";"457251"
"1504802";"Monte Alegre (PA)";"1227319"
"1504901";"Muaná (PA)";"464374"
"1504950";"Nova Esperança do Piriá (PA)";"334512"
"1504976";"Nova Ipixuna (PA)";"231145"
"1505007";"Nova Timboteua (PA)";"185077"
"1505031";"Novo Progresso (PA)";"1541048"
"1505064";"Novo Repartimento (PA)";"1406400"
"1505106";"Óbidos (PA)";"921982"
"1505205";"Oeiras do Pará (PA)";"535992"
"1505304";"Oriximiná (PA)";"1739412"
"1505403";"Ourém (PA)";"279081"
"1505437";"Ourilândia do Norte (PA)";"1053014"
"1505486";"Pacajá (PA)";"1114328"
"1505494";"Palestina do Pará (PA)";"127592"
"1505502";"Paragominas (PA)";"5308605"
"1505536";"Parauapebas (PA)";"26421067"
"1505551";"Pau D'Arco (PA)";"153521"
"1505601";"Peixe-Boi (PA)";"100657"
"1505635";"Piçarra (PA)";"361690"
"1505650";"Placas (PA)";"491402"
"1505700";"Ponta de Pedras (PA)";"313392"
"1505809";"Portel (PA)";"1153540"
"1505908";"Porto de Moz (PA)";"507177"
"1506005";"Prainha (PA)";"548886"
"1506104";"Primavera (PA)";"564056"
"1506112";"Quatipuru (PA)";"147129"
"1506138";"Redenção (PA)";"3681706"
"1506161";"Rio Maria (PA)";"1007363"
"1506187";"Rondon do Pará (PA)";"1083239"
"1506195";"Rurópolis (PA)";"605554"
"1506203";"Salinópolis (PA)";"802287"
"1506302";"Salvaterra (PA)";"270698"
"1506351";"Santa Bárbara do Pará (PA)";"300184"
"1506401";"Santa Cruz do Arari (PA)";"115245"
"1506500";"Santa Izabel do Pará (PA)";"1828145"
"1506559";"Santa Luzia do Pará (PA)";"258360"
"1506583";"Santa Maria das Barreiras (PA)";"943386"
"1506609";"Santa Maria do Pará (PA)";"570081"
"1506708";"Santana do Araguaia (PA)";"1978254"
"1506807";"Santarém (PA)";"8681869"
"1506906";"Santarém Novo (PA)";"81217"
"1507003";"Santo Antônio do Tauá (PA)";"687291"
"1507102";"São Caetano de Odivelas (PA)";"241829"
"1507151";"São Domingos do Araguaia (PA)";"490029"
"1507201";"São Domingos do Capim (PA)";"654079"
"1507300";"São Félix do Xingu (PA)";"2352014"
"1507409";"São Francisco do Pará (PA)";"359790"
"1507458";"São Geraldo do Araguaia (PA)";"1028625"
"1507466";"São João da Ponta (PA)";"79287"
"1507474";"São João de Pirabas (PA)";"232878"
"1507508";"São João do Araguaia (PA)";"235495"
"1507607";"São Miguel do Guamá (PA)";"1132578"
"1507706";"São Sebastião da Boa Vista (PA)";"309743"
"1507755";"Sapucaia (PA)";"172700"
"1507805";"Senador José Porfírio (PA)";"341244"
"1507904";"Soure (PA)";"338748"
"1507953";"Tailândia (PA)";"2023568"
"1507961";"Terra Alta (PA)";"114731"
"1507979";"Terra Santa (PA)";"590339"
"1508001";"Tomé-Açu (PA)";"1746483"
"1508035";"Tracuateua (PA)";"391638"
"1508050";"Trairão (PA)";"454558"
"1508084";"Tucumã (PA)";"1347919"
"1508100";"Tucuruí (PA)";"5457108"
"1508126";"Ulianópolis (PA)";"2344285"
"1508159";"Uruará (PA)";"1057794"
"1508209";"Vigia (PA)";"602141"
"1508308";"Viseu (PA)";"869709"
"1508357";"Vitória do Xingu (PA)";"3987037"
"1508407";"Xinguara (PA)";"2321585"
"1600055";"Serra do Navio (AP)";"126544"
"1600105";"Amapá (AP)";"219045"
"1600154";"Pedra Branca do Amapari (AP)";"375827"
"1600204";"Calçoene (AP)";"295401"
"1600212";"Cutias (AP)";"115359"
"1600238";"Ferreira Gomes (AP)";"557990"
"1600253";"Itaubal (AP)";"132723"
"1600279";"Laranjal do Jari (AP)";"1335225"
"1600303";"Macapá (AP)";"18470858"
"1600402";"Mazagão (AP)";"583553"
"1600501";"Oiapoque (AP)";"820364"
"1600535";"Porto Grande (AP)";"527655"
"1600550";"Pracuúba (AP)";"101033"
"1600600";"Santana (AP)";"3725688"
"1600709";"Tartarugalzinho (AP)";"329305"
"1600808";"Vitória do Jari (AP)";"303549"
"1700251";"Abreulândia (TO)";"141930"
"1700301";"Aguiarnópolis (TO)";"226238"
"1700350";"Aliança do Tocantins (TO)";"423070"
"1700400";"Almas (TO)";"336120"
"1700707";"Alvorada (TO)";"886077"
"1701002";"Ananás (TO)";"199526"
"1701051";"Angico (TO)";"54433"
"1701101";"Aparecida do Rio Negro (TO)";"283247"
"1701309";"Aragominas (TO)";"113908"
"1701903";"Araguacema (TO)";"411911"
"1702000";"Araguaçu (TO)";"474483"
"1702109";"Araguaína (TO)";"7357638"
"1702158";"Araguanã (TO)";"107609"
"1702208";"Araguatins (TO)";"641440"
"1702307";"Arapoema (TO)";"158572"
"1702406";"Arraias (TO)";"239090"
"1702554";"Augustinópolis (TO)";"396227"
"1702703";"Aurora do Tocantins (TO)";"69896"
"1702901";"Axixá do Tocantins (TO)";"173373"
"1703008";"Babaçulândia (TO)";"169441"
"1703057";"Bandeirantes do Tocantins (TO)";"249696"
"1703073";"Barra do Ouro (TO)";"100382"
"1703107";"Barrolândia (TO)";"140103"
"1703206";"Bernardo Sayão (TO)";"128560"
"1703305";"Bom Jesus do Tocantins (TO)";"143623"
"1703602";"Brasilândia do Tocantins (TO)";"75010"
"1703701";"Brejinho de Nazaré (TO)";"267584"
"1703800";"Buriti do Tocantins (TO)";"149973"
"1703826";"Cachoeirinha (TO)";"62095"
"1703842";"Campos Lindos (TO)";"665857"
"1703867";"Cariri do Tocantins (TO)";"997800"
"1703883";"Carmolândia (TO)";"73172"
"1703891";"Carrasco Bonito (TO)";"56192"
"1703909";"Caseara (TO)";"474488"
"1704105";"Centenário (TO)";"109325"
"1704600";"Chapada de Areia (TO)";"51576"
"1705102";"Chapada da Natividade (TO)";"155377"
"1705508";"Colinas do Tocantins (TO)";"1161301"
"1705557";"Combinado (TO)";"95001"
"1705607";"Conceição do Tocantins (TO)";"88973"
"1706001";"Couto Magalhães (TO)";"249462"
"1706100";"Cristalândia (TO)";"214100"
"1706258";"Crixás do Tocantins (TO)";"77387"
"1706506";"Darcinópolis (TO)";"252543"
"1707009";"Dianópolis (TO)";"781673"
"1707108";"Divinópolis do Tocantins (TO)";"323159"
"1707207";"Dois Irmãos do Tocantins (TO)";"289149"
"1707306";"Dueré (TO)";"290818"
"1707405";"Esperantina (TO)";"119197"
"1707553";"Fátima (TO)";"127672"
"1707652";"Figueirópolis (TO)";"350090"
"1707702";"Filadélfia (TO)";"161707"
"1708205";"Formoso do Araguaia (TO)";"988169"
"1708254";"Tabocão (TO)";"173517"
"1708304";"Goianorte (TO)";"178252"
"1709005";"Goiatins (TO)";"309167"
"1709302";"Guaraí (TO)";"1130106"
"1709500";"Gurupi (TO)";"3695017"
"1709807";"Ipueiras (TO)";"71887"
"1710508";"Itacajá (TO)";"199694"
"1710706";"Itaguatins (TO)";"100220"
"1710904";"Itapiratins (TO)";"153090"
"1711100";"Itaporã do Tocantins (TO)";"76489"
"1711506";"Jaú do Tocantins (TO)";"110816"
"1711803";"Juarina (TO)";"55560"
"1711902";"Lagoa da Confusão (TO)";"1089844"
"1711951";"Lagoa do Tocantins (TO)";"85970"
"1712009";"Lajeado (TO)";"79405"
"1712157";"Lavandeira (TO)";"41517"
"1712405";"Lizarda (TO)";"78341"
"1712454";"Luzinópolis (TO)";"58820"
"1712504";"Marianópolis do Tocantins (TO)";"373197"
"1712702";"Mateiros (TO)";"467179"
"1712801";"Maurilândia do Tocantins (TO)";"63313"
"1713205";"Miracema do Tocantins (TO)";"860438"
"1713304";"Miranorte (TO)";"483394"
"1713601";"Monte do Carmo (TO)";"398705"
"1713700";"Monte Santo do Tocantins (TO)";"86604"
"1713809";"Palmeiras do Tocantins (TO)";"108235"
"1713957";"Muricilândia (TO)";"79966"
"1714203";"Natividade (TO)";"352748"
"1714302";"Nazaré (TO)";"78447"
"1714880";"Nova Olinda (TO)";"442504"
"1715002";"Nova Rosalândia (TO)";"110147"
"1715101";"Novo Acordo (TO)";"176373"
"1715150";"Novo Alegre (TO)";"38612"
"1715259";"Novo Jardim (TO)";"49097"
"1715507";"Oliveira de Fátima (TO)";"50178"
"1715705";"Palmeirante (TO)";"247597"
"1715754";"Palmeirópolis (TO)";"218426"
"1716109";"Paraíso do Tocantins (TO)";"2288330"
"1716208";"Paranã (TO)";"353206"
"1716307";"Pau D'Arco (TO)";"110802"
"1716505";"Pedro Afonso (TO)";"1090443"
"1716604";"Peixe (TO)";"897174"
"1716653";"Pequizeiro (TO)";"129256"
"1716703";"Colméia (TO)";"228040"
"1717008";"Pindorama do Tocantins (TO)";"110783"
"1717206";"Piraquê (TO)";"98238"
"1717503";"Pium (TO)";"458625"
"1717800";"Ponte Alta do Bom Jesus (TO)";"82503"
"1717909";"Ponte Alta do Tocantins (TO)";"141531"
"1718006";"Porto Alegre do Tocantins (TO)";"59927"
"1718204";"Porto Nacional (TO)";"3195894"
"1718303";"Praia Norte (TO)";"114473"
"1718402";"Presidente Kennedy (TO)";"88843"
"1718451";"Pugmil (TO)";"127927"
"1718501";"Recursolândia (TO)";"101805"
"1718550";"Riachinho (TO)";"75295"
"1718659";"Rio da Conceição (TO)";"45739"
"1718709";"Rio dos Bois (TO)";"88775"
"1718758";"Rio Sono (TO)";"150795"
"1718808";"Sampaio (TO)";"70136"
"1718840";"Sandolândia (TO)";"134402"
"1718865";"Santa Fé do Araguaia (TO)";"202707"
"1718881";"Santa Maria do Tocantins (TO)";"118353"
"1718899";"Santa Rita do Tocantins (TO)";"275185"
"1718907";"Santa Rosa do Tocantins (TO)";"419882"
"1719004";"Santa Tereza do Tocantins (TO)";"57246"
"1720002";"Santa Terezinha do Tocantins (TO)";"46686"
"1720101";"São Bento do Tocantins (TO)";"90982"
"1720150";"São Félix do Tocantins (TO)";"42355"
"1720200";"São Miguel do Tocantins (TO)";"239634"
"1720259";"São Salvador do Tocantins (TO)";"59857"
"1720309";"São Sebastião do Tocantins (TO)";"68702"
"1720499";"São Valério (TO)";"229618"
"1720655";"Silvanópolis (TO)";"284767"
"1720804";"Sítio Novo do Tocantins (TO)";"179637"
"1720853";"Sucupira (TO)";"310361"
"1720903";"Taguatinga (TO)";"386846"
"1720937";"Taipas do Tocantins (TO)";"41627"
"1720978";"Talismã (TO)";"173125"
"1721000";"Palmas (TO)";"14168469"
"1721109";"Tocantínia (TO)";"327560"
"1721208";"Tocantinópolis (TO)";"529093"
"1721257";"Tupirama (TO)";"96851"
"1721307";"Tupiratins (TO)";"48417"
"1722081";"Wanderlândia (TO)";"245767"
"1722107";"Xambioá (TO)";"722713"
"2100055";"Açailândia (MA)";"4274162"
"2100105";"Afonso Cunha (MA)";"105581"
"2100154";"Água Doce do Maranhão (MA)";"130746"
"2100204";"Alcântara (MA)";"170261"
"2100303";"Aldeias Altas (MA)";"335246"
"2100402";"Altamira do Maranhão (MA)";"88343"
"2100436";"Alto Alegre do Maranhão (MA)";"378314"
"2100477";"Alto Alegre do Pindaré (MA)";"310142"
"2100501";"Alto Parnaíba (MA)";"573769"
"2100550";"Amapá do Maranhão (MA)";"95026"
"2100600";"Amarante do Maranhão (MA)";"500782"
"2100709";"Anajatuba (MA)";"255439"
"2100808";"Anapurus (MA)";"192813"
"2100832";"Apicum-Açu (MA)";"170117"
"2100873";"Araguanã (MA)";"127935"
"2100907";"Araioses (MA)";"351324"
"2100956";"Arame (MA)";"320623"
"2101004";"Arari (MA)";"422713"
"2101103";"Axixá (MA)";"118131"
"2101202";"Bacabal (MA)";"1912868"
"2101251";"Bacabeira (MA)";"466226"
"2101301";"Bacuri (MA)";"156363"
"2101350";"Bacurituba (MA)";"52138"
"2101400";"Balsas (MA)";"7529798"
"2101509";"Barão de Grajaú (MA)";"309910"
"2101608";"Barra do Corda (MA)";"1157930"
"2101707";"Barreirinhas (MA)";"816789"
"2101731";"Belágua (MA)";"100863"
"2101772";"Bela Vista do Maranhão (MA)";"133414"
"2101806";"Benedito Leite (MA)";"94454"
"2101905";"Bequimão (MA)";"166173"
"2101939";"Bernardo do Mearim (MA)";"276118"
"2101970";"Boa Vista do Gurupi (MA)";"93312"
"2102002";"Bom Jardim (MA)";"571101"
"2102036";"Bom Jesus das Selvas (MA)";"456766"
"2102077";"Bom Lugar (MA)";"149056"
"2102101";"Brejo (MA)";"426439"
"2102150";"Brejo de Areia (MA)";"90089"
"2102200";"Buriti (MA)";"332530"
"2102309";"Buriti Bravo (MA)";"309327"
"2102325";"Buriticupu (MA)";"1008378"
"2102358";"Buritirana (MA)";"156524"
"2102374";"Cachoeira Grande (MA)";"85043"
"2102408";"Cajapió (MA)";"81775"
"2102507";"Cajari (MA)";"155103"
"2102556";"Campestre do Maranhão (MA)";"303257"
"2102606";"Cândido Mendes (MA)";"204526"
"2102705";"Cantanhede (MA)";"233273"
"2102754";"Capinzal do Norte (MA)";"215754"
"2102804";"Carolina (MA)";"595614"
"2102903";"Carutapera (MA)";"246447"
"2103000";"Caxias (MA)";"2696021"
"2103109";"Cedral (MA)";"86165"
"2103125";"Central do Maranhão (MA)";"69154"
"2103158";"Centro do Guilherme (MA)";"137520"
"2103174";"Centro Novo do Maranhão (MA)";"236610"
"2103208";"Chapadinha (MA)";"1130462"
"2103257";"Cidelândia (MA)";"242330"
"2103307";"Codó (MA)";"1808033"
"2103406";"Coelho Neto (MA)";"486211"
"2103505";"Colinas (MA)";"729810"
"2103554";"Conceição do Lago-Açu (MA)";"159750"
"2103604";"Coroatá (MA)";"637484"
"2103703";"Cururupu (MA)";"343104"
"2103752";"Davinópolis (MA)";"218072"
"2103802";"Dom Pedro (MA)";"314608"
"2103901";"Duque Bacelar (MA)";"108748"
"2104008";"Esperantinópolis (MA)";"202856"
"2104057";"Estreito (MA)";"1195399"
"2104073";"Feira Nova do Maranhão (MA)";"132983"
"2104081";"Fernando Falcão (MA)";"159761"
"2104099";"Formosa da Serra Negra (MA)";"257048"
"2104107";"Fortaleza dos Nogueiras (MA)";"354448"
"2104206";"Fortuna (MA)";"214307"
"2104305";"Godofredo Viana (MA)";"855186"
"2104404";"Gonçalves Dias (MA)";"187080"
"2104503";"Governador Archer (MA)";"123047"
"2104552";"Governador Edison Lobão (MA)";"448007"
"2104602";"Governador Eugênio Barros (MA)";"195174"
"2104628";"Governador Luiz Rocha (MA)";"108305"
"2104651";"Governador Newton Bello (MA)";"120254"
"2104677";"Governador Nunes Freire (MA)";"324762"
"2104701";"Graça Aranha (MA)";"66886"
"2104800";"Grajaú (MA)";"1415488"
"2104909";"Guimarães (MA)";"104271"
"2105005";"Humberto de Campos (MA)";"241228"
"2105104";"Icatu (MA)";"211921"
"2105153";"Igarapé do Meio (MA)";"464887"
"2105203";"Igarapé Grande (MA)";"138144"
"2105302";"Imperatriz (MA)";"9475802"
"2105351";"Itaipava do Grajaú (MA)";"136089"
"2105401";"Itapecuru Mirim (MA)";"889928"
"2105427";"Itinga do Maranhão (MA)";"687514"
"2105450";"Jatobá (MA)";"83460"
"2105476";"Jenipapo dos Vieiras (MA)";"174125"
"2105500";"João Lisboa (MA)";"362692"
"2105609";"Joselândia (MA)";"139774"
"2105658";"Junco do Maranhão (MA)";"71491"
"2105708";"Lago da Pedra (MA)";"621148"
"2105807";"Lago do Junco (MA)";"108264"
"2105906";"Lago Verde (MA)";"169405"
"2105922";"Lagoa do Mato (MA)";"211547"
"2105948";"Lago dos Rodrigues (MA)";"104301"
"2105963";"Lagoa Grande do Maranhão (MA)";"128791"
"2105989";"Lajeado Novo (MA)";"122752"
"2106003";"Lima Campos (MA)";"237817"
"2106102";"Loreto (MA)";"390947"
"2106201";"Luís Domingues (MA)";"72747"
"2106300";"Magalhães de Almeida (MA)";"181567"
"2106326";"Maracaçumé (MA)";"275246"
"2106359";"Marajá do Sena (MA)";"116023"
"2106375";"Maranhãozinho (MA)";"146664"
"2106409";"Mata Roma (MA)";"226303"
"2106508";"Matinha (MA)";"232534"
"2106607";"Matões (MA)";"334401"
"2106631";"Matões do Norte (MA)";"134625"
"2106672";"Milagres do Maranhão (MA)";"94017"
"2106706";"Mirador (MA)";"389857"
"2106755";"Miranda do Norte (MA)";"578366"
"2106805";"Mirinzal (MA)";"133235"
"2106904";"Monção (MA)";"280367"
"2107001";"Montes Altos (MA)";"119453"
"2107100";"Morros (MA)";"190452"
"2107209";"Nina Rodrigues (MA)";"109174"
"2107258";"Nova Colinas (MA)";"95718"
"2107308";"Nova Iorque (MA)";"53436"
"2107357";"Nova Olinda do Maranhão (MA)";"171963"
"2107407";"Olho d'Água das Cunhãs (MA)";"225755"
"2107456";"Olinda Nova do Maranhão (MA)";"132761"
"2107506";"Paço do Lumiar (MA)";"1643537"
"2107605";"Palmeirândia (MA)";"188190"
"2107704";"Paraibano (MA)";"210302"
"2107803";"Parnarama (MA)";"381793"
"2107902";"Passagem Franca (MA)";"207014"
"2108009";"Pastos Bons (MA)";"322652"
"2108058";"Paulino Neves (MA)";"157984"
"2108108";"Paulo Ramos (MA)";"261075"
"2108207";"Pedreiras (MA)";"830171"
"2108256";"Pedro do Rosário (MA)";"225795"
"2108306";"Penalva (MA)";"313292"
"2108405";"Peri Mirim (MA)";"110020"
"2108454";"Peritoró (MA)";"277935"
"2108504";"Pindaré-Mirim (MA)";"356584"
"2108603";"Pinheiro (MA)";"1333000"
"2108702";"Pio XII (MA)";"269345"
"2108801";"Pirapemas (MA)";"185469"
"2108900";"Poção de Pedras (MA)";"221327"
"2109007";"Porto Franco (MA)";"1252850"
"2109056";"Porto Rico do Maranhão (MA)";"63769"
"2109106";"Presidente Dutra (MA)";"990073"
"2109205";"Presidente Juscelino (MA)";"102458"
"2109239";"Presidente Médici (MA)";"74488"
"2109270";"Presidente Sarney (MA)";"186043"
"2109304";"Presidente Vargas (MA)";"108884"
"2109403";"Primeira Cruz (MA)";"120508"
"2109452";"Raposa (MA)";"381071"
"2109502";"Riachão (MA)";"687701"
"2109551";"Ribamar Fiquene (MA)";"149001"
"2109601";"Rosário (MA)";"522395"
"2109700";"Sambaíba (MA)";"433340"
"2109759";"Santa Filomena do Maranhão (MA)";"71886"
"2109809";"Santa Helena (MA)";"483903"
"2109908";"Santa Inês (MA)";"1837615"
"2110005";"Santa Luzia (MA)";"985809"
"2110039";"Santa Luzia do Paruá (MA)";"382764"
"2110104";"Santa Quitéria do Maranhão (MA)";"391678"
"2110203";"Santa Rita (MA)";"364746"
"2110237";"Santana do Maranhão (MA)";"115748"
"2110278";"Santo Amaro do Maranhão (MA)";"131658"
"2110302";"Santo Antônio dos Lopes (MA)";"5184564"
"2110401";"São Benedito do Rio Preto (MA)";"186474"
"2110500";"São Bento (MA)";"404149"
"2110609";"São Bernardo (MA)";"384189"
"2110658";"São Domingos do Azeitão (MA)";"339609"
"2110708";"São Domingos do Maranhão (MA)";"479852"
"2110807";"São Félix de Balsas (MA)";"92001"
"2110856";"São Francisco do Brejão (MA)";"138737"
"2110906";"São Francisco do Maranhão (MA)";"127389"
"2111003";"São João Batista (MA)";"152916"
"2111029";"São João do Carú (MA)";"143797"
"2111052";"São João do Paraíso (MA)";"226525"
"2111078";"São João do Soter (MA)";"208559"
"2111102";"São João dos Patos (MA)";"444285"
"2111201";"São José de Ribamar (MA)";"3135579"
"2111250";"São José dos Basílios (MA)";"75930"
"2111300";"São Luís (MA)";"42389051"
"2111409";"São Luís Gonzaga do Maranhão (MA)";"198315"
"2111508";"São Mateus do Maranhão (MA)";"586548"
"2111532";"São Pedro da Água Branca (MA)";"149359"
"2111573";"São Pedro dos Crentes (MA)";"103928"
"2111607";"São Raimundo das Mangabeiras (MA)";"1090033"
"2111631";"São Raimundo do Doca Bezerra (MA)";"62616"
"2111672";"São Roberto (MA)";"58526"
"2111706";"São Vicente Ferrer (MA)";"183735"
"2111722";"Satubinha (MA)";"107921"
"2111748";"Senador Alexandre Costa (MA)";"145324"
"2111763";"Senador La Rocque (MA)";"225141"
"2111789";"Serrano do Maranhão (MA)";"118312"
"2111805";"Sítio Novo (MA)";"292191"
"2111904";"Sucupira do Norte (MA)";"193909"
"2111953";"Sucupira do Riachão (MA)";"63214"
"2112001";"Tasso Fragoso (MA)";"2616708"
"2112100";"Timbiras (MA)";"248536"
"2112209";"Timon (MA)";"2840126"
"2112233";"Trizidela do Vale (MA)";"436529"
"2112274";"Tufilândia (MA)";"75760"
"2112308";"Tuntum (MA)";"410127"
"2112407";"Turiaçu (MA)";"414975"
"2112456";"Turilândia (MA)";"280000"
"2112506";"Tutóia (MA)";"642713"
"2112605";"Urbano Santos (MA)";"315151"
"2112704";"Vargem Grande (MA)";"467351"
"2112803";"Viana (MA)";"608731"
"2112852";"Vila Nova dos Martírios (MA)";"191495"
"2112902";"Vitória do Mearim (MA)";"410267"
"2113009";"Vitorino Freire (MA)";"411453"
"2114007";"Zé Doca (MA)";"685858"
"2200053";"Acauã (PI)";"84924"
"2200103";"Agricolândia (PI)";"57335"
"2200202";"Água Branca (PI)";"303532"
"2200251";"Alagoinha do Piauí (PI)";"80787"
"2200277";"Alegrete do Piauí (PI)";"56359"
"2200301";"Alto Longá (PI)";"146913"
"2200400";"Altos (PI)";"764914"
"2200459";"Alvorada do Gurguéia (PI)";"109088"
"2200509";"Amarante (PI)";"243954"
"2200608";"Angical do Piauí (PI)";"84772"
"2200707";"Anísio de Abreu (PI)";"124990"
"2200806";"Antônio Almeida (PI)";"197619"
"2200905";"Aroazes (PI)";"69489"
"2200954";"Aroeiras do Itaim (PI)";"31540"
"2201002";"Arraial (PI)";"60133"
"2201051";"Assunção do Piauí (PI)";"81045"
"2201101";"Avelino Lopes (PI)";"127137"
"2201150";"Baixa Grande do Ribeiro (PI)";"2657264"
"2201176";"Barra D'Alcântara (PI)";"47271"
"2201200";"Barras (PI)";"673463"
"2201309";"Barreiras do Piauí (PI)";"137542"
"2201408";"Barro Duro (PI)";"104885"
"2201507";"Batalha (PI)";"306176"
"2201556";"Bela Vista do Piauí (PI)";"63283"
"2201572";"Belém do Piauí (PI)";"47523"
"2201606";"Beneditinos (PI)";"118265"
"2201705";"Bertolínia (PI)";"90844"
"2201739";"Betânia do Piauí (PI)";"120127"
"2201770";"Boa Hora (PI)";"77969"
"2201804";"Bocaina (PI)";"53637"
"2201903";"Bom Jesus (PI)";"1661674"
"2201919";"Bom Princípio do Piauí (PI)";"82659"
"2201929";"Bonfim do Piauí (PI)";"68106"
"2201945";"Boqueirão do Piauí (PI)";"67424"
"2201960";"Brasileira (PI)";"101117"
"2201988";"Brejo do Piauí (PI)";"57956"
"2202000";"Buriti dos Lopes (PI)";"276426"
"2202026";"Buriti dos Montes (PI)";"98669"
"2202059";"Cabeceiras do Piauí (PI)";"107817"
"2202075";"Cajazeiras do Piauí (PI)";"45637"
"2202083";"Cajueiro da Praia (PI)";"152471"
"2202091";"Caldeirão Grande do Piauí (PI)";"243767"
"2202109";"Campinas do Piauí (PI)";"75221"
"2202117";"Campo Alegre do Fidalgo (PI)";"62191"
"2202133";"Campo Grande do Piauí (PI)";"77243"
"2202174";"Campo Largo do Piauí (PI)";"80881"
"2202208";"Campo Maior (PI)";"940802"
"2202251";"Canavieira (PI)";"52032"
"2202307";"Canto do Buriti (PI)";"342972"
"2202406";"Capitão de Campos (PI)";"133031"
"2202455";"Capitão Gervásio Oliveira (PI)";"58704"
"2202505";"Caracol (PI)";"127543"
"2202539";"Caraúbas do Piauí (PI)";"67977"
"2202554";"Caridade do Piauí (PI)";"72564"
"2202604";"Castelo do Piauí (PI)";"234521"
"2202653";"Caxingó (PI)";"68616"
"2202703";"Cocal (PI)";"351832"
"2202711";"Cocal de Telha (PI)";"60324"
"2202729";"Cocal dos Alves (PI)";"73414"
"2202737";"Coivaras (PI)";"50029"
"2202752";"Colônia do Gurguéia (PI)";"92949"
"2202778";"Colônia do Piauí (PI)";"82383"
"2202802";"Conceição do Canindé (PI)";"88408"
"2202851";"Coronel José Dias (PI)";"55718"
"2202901";"Corrente (PI)";"764222"
"2203008";"Cristalândia do Piauí (PI)";"89547"
"2203107";"Cristino Castro (PI)";"155696"
"2203206";"Curimatá (PI)";"186259"
"2203230";"Currais (PI)";"569946"
"2203255";"Curralinhos (PI)";"53723"
"2203271";"Curral Novo do Piauí (PI)";"98620"
"2203305";"Demerval Lobão (PI)";"343573"
"2203354";"Dirceu Arcoverde (PI)";"89611"
"2203404";"Dom Expedito Lopes (PI)";"93969"
"2203420";"Domingos Mourão (PI)";"55943"
"2203453";"Dom Inocêncio (PI)";"212410"
"2203503";"Elesbão Veloso (PI)";"208873"
"2203602";"Eliseu Martins (PI)";"65844"
"2203701";"Esperantina (PI)";"630893"
"2203750";"Fartura do Piauí (PI)";"63132"
"2203800";"Flores do Piauí (PI)";"55149"
"2203859";"Floresta do Piauí (PI)";"31642"
"2203909";"Floriano (PI)";"1693508"
"2204006";"Francinópolis (PI)";"57191"
"2204105";"Francisco Ayres (PI)";"66833"
"2204154";"Francisco Macedo (PI)";"37456"
"2204204";"Francisco Santos (PI)";"111541"
"2204303";"Fronteiras (PI)";"140145"
"2204352";"Geminiano (PI)";"70886"
"2204402";"Gilbués (PI)";"490465"
"2204501";"Guadalupe (PI)";"584966"
"2204550";"Guaribas (PI)";"60294"
"2204600";"Hugo Napoleão (PI)";"41161"
"2204659";"Ilha Grande (PI)";"132842"
"2204709";"Inhuma (PI)";"190110"
"2204808";"Ipiranga do Piauí (PI)";"101790"
"2204907";"Isaías Coelho (PI)";"93919"
"2205003";"Itainópolis (PI)";"126851"
"2205102";"Itaueira (PI)";"164342"
"2205151";"Jacobina do Piauí (PI)";"91192"
"2205201";"Jaicós (PI)";"214290"
"2205250";"Jardim do Mulato (PI)";"51476"
"2205276";"Jatobá do Piauí (PI)";"70003"
"2205300";"Jerumenha (PI)";"68875"
"2205359";"João Costa (PI)";"82059"
"2205409";"Joaquim Pires (PI)";"145543"
"2205458";"Joca Marques (PI)";"58125"
"2205508";"José de Freitas (PI)";"553848"
"2205516";"Juazeiro do Piauí (PI)";"67355"
"2205524";"Júlio Borges (PI)";"107847"
"2205532";"Jurema (PI)";"58058"
"2205540";"Lagoinha do Piauí (PI)";"46590"
"2205557";"Lagoa Alegre (PI)";"96065"
"2205565";"Lagoa do Barro do Piauí (PI)";"368693"
"2205573";"Lagoa de São Francisco (PI)";"68299"
"2205581";"Lagoa do Piauí (PI)";"100849"
"2205599";"Lagoa do Sítio (PI)";"53534"
"2205607";"Landri Sales (PI)";"129242"
"2205706";"Luís Correia (PI)";"461806"
"2205805";"Luzilândia (PI)";"318552"
"2205854";"Madeiro (PI)";"87322"
"2205904";"Manoel Emídio (PI)";"69457"
"2205953";"Marcolândia (PI)";"194855"
"2206001";"Marcos Parente (PI)";"68705"
"2206050";"Massapê do Piauí (PI)";"60923"
"2206100";"Matias Olímpio (PI)";"132516"
"2206209";"Miguel Alves (PI)";"421897"
"2206308";"Miguel Leão (PI)";"34693"
"2206357";"Milton Brandão (PI)";"67925"
"2206407";"Monsenhor Gil (PI)";"161627"
"2206506";"Monsenhor Hipólito (PI)";"91424"
"2206605";"Monte Alegre do Piauí (PI)";"391314"
"2206654";"Morro Cabeça no Tempo (PI)";"53314"
"2206670";"Morro do Chapéu do Piauí (PI)";"75684"
"2206696";"Murici dos Portelas (PI)";"103630"
"2206704";"Nazaré do Piauí (PI)";"78812"
"2206720";"Nazária (PI)";"134076"
"2206753";"Nossa Senhora de Nazaré (PI)";"69230"
"2206803";"Nossa Senhora dos Remédios (PI)";"117751"
"2206902";"Novo Oriente do Piauí (PI)";"66803"
"2206951";"Novo Santo Antônio (PI)";"38563"
"2207009";"Oeiras (PI)";"740096"
"2207108";"Olho D'Água do Piauí (PI)";"38346"
"2207207";"Padre Marcos (PI)";"88445"
"2207306";"Paes Landim (PI)";"58224"
"2207355";"Pajeú do Piauí (PI)";"61084"
"2207405";"Palmeira do Piauí (PI)";"180249"
"2207504";"Palmeirais (PI)";"167663"
"2207553";"Paquetá (PI)";"53217"
"2207603";"Parnaguá (PI)";"133949"
"2207702";"Parnaíba (PI)";"3682146"
"2207751";"Passagem Franca do Piauí (PI)";"62728"
"2207777";"Patos do Piauí (PI)";"65641"
"2207793";"Pau D'Arco do Piauí (PI)";"43954"
"2207801";"Paulistana (PI)";"359215"
"2207850";"Pavussu (PI)";"45823"
"2207900";"Pedro II (PI)";"499936"
"2207934";"Pedro Laurentino (PI)";"38185"
"2207959";"Nova Santa Rita (PI)";"51654"
"2208007";"Picos (PI)";"2456682"
"2208106";"Pimenteiras (PI)";"120257"
"2208205";"Pio IX (PI)";"234055"
"2208304";"Piracuruca (PI)";"464676"
"2208403";"Piripiri (PI)";"1242361"
"2208502";"Porto (PI)";"143077"
"2208551";"Porto Alegre do Piauí (PI)";"47843"
"2208601";"Prata do Piauí (PI)";"43355"
"2208650";"Queimada Nova (PI)";"188828"
"2208700";"Redenção do Gurguéia (PI)";"125613"
"2208809";"Regeneração (PI)";"337226"
"2208858";"Riacho Frio (PI)";"61503"
"2208874";"Ribeira do Piauí (PI)";"278046"
"2208908";"Ribeiro Gonçalves (PI)";"927445"
"2209005";"Rio Grande do Piauí (PI)";"75898"
"2209104";"Santa Cruz do Piauí (PI)";"78053"
"2209153";"Santa Cruz dos Milagres (PI)";"51690"
"2209203";"Santa Filomena (PI)";"789358"
"2209302";"Santa Luz (PI)";"87685"
"2209351";"Santana do Piauí (PI)";"52380"
"2209377";"Santa Rosa do Piauí (PI)";"63445"
"2209401";"Santo Antônio de Lisboa (PI)";"97849"
"2209450";"Santo Antônio dos Milagres (PI)";"25284"
"2209500";"Santo Inácio do Piauí (PI)";"49248"
"2209559";"São Braz do Piauí (PI)";"53740"
"2209609";"São Félix do Piauí (PI)";"38023"
"2209658";"São Francisco de Assis do Piauí (PI)";"68222"
"2209708";"São Francisco do Piauí (PI)";"67264"
"2209757";"São Gonçalo do Gurguéia (PI)";"64213"
"2209807";"São Gonçalo do Piauí (PI)";"80523"
"2209856";"São João da Canabrava (PI)";"54282"
"2209872";"São João da Fronteira (PI)";"74940"
"2209906";"São João da Serra (PI)";"72738"
"2209955";"São João da Varjota (PI)";"45940"
"2209971";"São João do Arraial (PI)";"95904"
"2210003";"São João do Piauí (PI)";"418479"
"2210052";"São José do Divino (PI)";"83009"
"2210102";"São José do Peixe (PI)";"50039"
"2210201";"São José do Piauí (PI)";"81017"
"2210300";"São Julião (PI)";"67832"
"2210359";"São Lourenço do Piauí (PI)";"54907"
"2210375";"São Luis do Piauí (PI)";"28433"
"2210383";"São Miguel da Baixa Grande (PI)";"32909"
"2210391";"São Miguel do Fidalgo (PI)";"36836"
"2210409";"São Miguel do Tapuio (PI)";"206592"
"2210508";"São Pedro do Piauí (PI)";"159452"
"2210607";"São Raimundo Nonato (PI)";"761785"
"2210623";"Sebastião Barros (PI)";"57577"
"2210631";"Sebastião Leal (PI)";"724911"
"2210656";"Sigefredo Pacheco (PI)";"97006"
"2210706";"Simões (PI)";"543068"
"2210805";"Simplício Mendes (PI)";"236711"
"2210904";"Socorro do Piauí (PI)";"52907"
"2210938";"Sussuapara (PI)";"85293"
"2210953";"Tamboril do Piauí (PI)";"39134"
"2210979";"Tanque do Piauí (PI)";"44035"
"2211001";"Teresina (PI)";"29449063"
"2211100";"União (PI)";"609122"
"2211209";"Uruçuí (PI)";"4226266"
"2211308";"Valença do Piauí (PI)";"385864"
"2211357";"Várzea Branca (PI)";"60846"
"2211407";"Várzea Grande (PI)";"54664"
"2211506";"Vera Mendes (PI)";"38796"
"2211605";"Vila Nova do Piauí (PI)";"41921"
"2211704";"Wall Ferraz (PI)";"58144"
"2300101";"Abaiara (CE)";"143730"
"2300150";"Acarape (CE)";"220474"
"2300200";"Acaraú (CE)";"1250251"
"2300309";"Acopiara (CE)";"693535"
"2300408";"Aiuaba (CE)";"169076"
"2300507";"Alcântaras (CE)";"115643"
"2300606";"Altaneira (CE)";"92128"
"2300705";"Alto Santo (CE)";"273863"
"2300754";"Amontada (CE)";"808126"
"2300804";"Antonina do Norte (CE)";"101191"
"2300903";"Apuiarés (CE)";"166864"
"2301000";"Aquiraz (CE)";"4851008"
"2301109";"Aracati (CE)";"1966473"
"2301208";"Aracoiaba (CE)";"336284"
"2301257";"Ararendá (CE)";"143424"
"2301307";"Araripe (CE)";"259168"
"2301406";"Aratuba (CE)";"191055"
"2301505";"Arneiroz (CE)";"88078"
"2301604";"Assaré (CE)";"309804"
"2301703";"Aurora (CE)";"291950"
"2301802";"Baixio (CE)";"72488"
"2301851";"Banabuiú (CE)";"318579"
"2301901";"Barbalha (CE)";"1646404"
"2301950";"Barreira (CE)";"289445"
"2302008";"Barro (CE)";"286557"
"2302057";"Barroquinha (CE)";"169758"
"2302107";"Baturité (CE)";"578203"
"2302206";"Beberibe (CE)";"1445505"
"2302305";"Bela Cruz (CE)";"381568"
"2302404";"Boa Viagem (CE)";"717721"
"2302503";"Brejo Santo (CE)";"1263863"
"2302602";"Camocim (CE)";"982887"
"2302701";"Campos Sales (CE)";"370107"
"2302800";"Canindé (CE)";"1194867"
"2302909";"Capistrano (CE)";"226541"
"2303006";"Caridade (CE)";"209728"
"2303105";"Cariré (CE)";"244538"
"2303204";"Caririaçu (CE)";"295136"
"2303303";"Cariús (CE)";"229771"
"2303402";"Carnaubal (CE)";"210865"
"2303501";"Cascavel (CE)";"1334364"
"2303600";"Catarina (CE)";"151959"
"2303659";"Catunda (CE)";"137704"
"2303709";"Caucaia (CE)";"9873557"
"2303808";"Cedro (CE)";"304070"
"2303907";"Chaval (CE)";"141211"
"2303931";"Choró (CE)";"211479"
"2303956";"Chorozinho (CE)";"268766"
"2304004";"Coreaú (CE)";"265519"
"2304103";"Crateús (CE)";"1258625"
"2304202";"Crato (CE)";"2445567"
"2304236";"Croatá (CE)";"282767"
"2304251";"Cruz (CE)";"565663"
"2304269";"Deputado Irapuan Pinheiro (CE)";"124422"
"2304277";"Ereré (CE)";"102445"
"2304285";"Eusébio (CE)";"4940352"
"2304301";"Farias Brito (CE)";"242210"
"2304350";"Forquilha (CE)";"346304"
"2304400";"Fortaleza (CE)";"86939832"
"2304459";"Fortim (CE)";"391326"
"2304509";"Frecheirinha (CE)";"423490"
"2304608";"General Sampaio (CE)";"97406"
"2304657";"Graça (CE)";"159506"
"2304707";"Granja (CE)";"561374"
"2304806";"Granjeiro (CE)";"67463"
"2304905";"Groaíras (CE)";"135967"
"2304954";"Guaiúba (CE)";"315522"
"2305001";"Guaraciaba do Norte (CE)";"878354"
"2305100";"Guaramiranga (CE)";"104816"
"2305209";"Hidrolândia (CE)";"239627"
"2305233";"Horizonte (CE)";"2964814"
"2305266";"Ibaretama (CE)";"163765"
"2305308";"Ibiapina (CE)";"431905"
"2305332";"Ibicuitinga (CE)";"150877"
"2305357";"Icapuí (CE)";"453185"
"2305407";"Icó (CE)";"923966"
"2305506";"Iguatu (CE)";"2342034"
"2305605";"Independência (CE)";"408128"
"2305654";"Ipaporanga (CE)";"134150"
"2305704";"Ipaumirim (CE)";"186861"
"2305803";"Ipu (CE)";"676519"
"2305902";"Ipueiras (CE)";"406831"
"2306009";"Iracema (CE)";"253154"
"2306108";"Irauçuba (CE)";"271622"
"2306207";"Itaiçaba (CE)";"103646"
"2306256";"Itaitinga (CE)";"2352737"
"2306306";"Itapajé (CE)";"741513"
"2306405";"Itapipoca (CE)";"2550371"
"2306504";"Itapiúna (CE)";"213999"
"2306553";"Itarema (CE)";"711165"
"2306603";"Itatira (CE)";"236128"
"2306702";"Jaguaretama (CE)";"316967"
"2306801";"Jaguaribara (CE)";"196533"
"2306900";"Jaguaribe (CE)";"740827"
"2307007";"Jaguaruana (CE)";"665090"
"2307106";"Jardim (CE)";"369628"
"2307205";"Jati (CE)";"129952"
"2307254";"Jijoca de Jericoacoara (CE)";"711193"
"2307304";"Juazeiro do Norte (CE)";"6457543"
"2307403";"Jucás (CE)";"390390"
"2307502";"Lavras da Mangabeira (CE)";"445000"
"2307601";"Limoeiro do Norte (CE)";"1854065"
"2307635";"Madalena (CE)";"215696"
"2307650";"Maracanaú (CE)";"13540094"
"2307700";"Maranguape (CE)";"2011194"
"2307809";"Marco (CE)";"453537"
"2307908";"Martinópole (CE)";"125472"
"2308005";"Massapê (CE)";"483230"
"2308104";"Mauriti (CE)";"707667"
"2308203";"Meruoca (CE)";"166664"
"2308302";"Milagres (CE)";"335239"
"2308351";"Milhã (CE)";"250241"
"2308377";"Miraíma (CE)";"141462"
"2308401";"Missão Velha (CE)";"598261"
"2308500";"Mombaça (CE)";"551794"
"2308609";"Monsenhor Tabosa (CE)";"210938"
"2308708";"Morada Nova (CE)";"1877982"
"2308807";"Moraújo (CE)";"86070"
"2308906";"Morrinhos (CE)";"239995"
"2309003";"Mucambo (CE)";"172104"
"2309102";"Mulungu (CE)";"146503"
"2309201";"Nova Olinda (CE)";"206839"
"2309300";"Nova Russas (CE)";"432948"
"2309409";"Novo Oriente (CE)";"343682"
"2309458";"Ocara (CE)";"322686"
"2309508";"Orós (CE)";"267791"
"2309607";"Pacajus (CE)";"1808068"
"2309706";"Pacatuba (CE)";"1714352"
"2309805";"Pacoti (CE)";"175379"
"2309904";"Pacujá (CE)";"81237"
"2310001";"Palhano (CE)";"125162"
"2310100";"Palmácia (CE)";"141264"
"2310209";"Paracuru (CE)";"679587"
"2310258";"Paraipaba (CE)";"614090"
"2310308";"Parambu (CE)";"349488"
"2310407";"Paramoti (CE)";"137553"
"2310506";"Pedra Branca (CE)";"481197"
"2310605";"Penaforte (CE)";"149293"
"2310704";"Pentecoste (CE)";"522218"
"2310803";"Pereiro (CE)";"663694"
"2310852";"Pindoretama (CE)";"363294"
"2310902";"Piquet Carneiro (CE)";"203533"
"2310951";"Pires Ferreira (CE)";"103591"
"2311009";"Poranga (CE)";"138933"
"2311108";"Porteiras (CE)";"232418"
"2311207";"Potengi (CE)";"120981"
"2311231";"Potiretama (CE)";"104345"
"2311264";"Quiterianópolis (CE)";"249898"
"2311306";"Quixadá (CE)";"1424438"
"2311355";"Quixelô (CE)";"241297"
"2311405";"Quixeramobim (CE)";"1928559"
"2311504";"Quixeré (CE)";"805778"
"2311603";"Redenção (CE)";"520806"
"2311702";"Reriutaba (CE)";"238538"
"2311801";"Russas (CE)";"1517580"
"2311900";"Saboeiro (CE)";"190822"
"2311959";"Salitre (CE)";"222379"
"2312007";"Santana do Acaraú (CE)";"352192"
"2312106";"Santana do Cariri (CE)";"191197"
"2312205";"Santa Quitéria (CE)";"859225"
"2312304";"São Benedito (CE)";"883024"
"2312403";"São Gonçalo do Amarante (CE)";"6908373"
"2312502";"São João do Jaguaribe (CE)";"137068"
"2312601";"São Luís do Curu (CE)";"160997"
"2312700";"Senador Pompeu (CE)";"473900"
"2312809";"Senador Sá (CE)";"82270"
"2312908";"Sobral (CE)";"6588929"
"2313005";"Solonópole (CE)";"370693"
"2313104";"Tabuleiro do Norte (CE)";"584614"
"2313203";"Tamboril (CE)";"319202"
"2313252";"Tarrafas (CE)";"116827"
"2313302";"Tauá (CE)";"934349"
"2313351";"Tejuçuoca (CE)";"174349"
"2313401";"Tianguá (CE)";"2265253"
"2313500";"Trairi (CE)";"1039083"
"2313559";"Tururu (CE)";"164401"
"2313609";"Ubajara (CE)";"839887"
"2313708";"Umari (CE)";"85633"
"2313757";"Umirim (CE)";"210672"
"2313807";"Uruburetama (CE)";"445294"
"2313906";"Uruoca (CE)";"254534"
"2313955";"Varjota (CE)";"488084"
"2314003";"Várzea Alegre (CE)";"575214"
"2314102";"Viçosa do Ceará (CE)";"723250"
"2400109";"Acari (RN)";"195828"
"2400208";"Açu (RN)";"2170177"
"2400307";"Afonso Bezerra (RN)";"160921"
"2400406";"Água Nova (RN)";"42554"
"2400505";"Alexandria (RN)";"209117"
"2400604";"Almino Afonso (RN)";"68329"
"2400703";"Alto do Rodrigues (RN)";"902783"
"2400802";"Angicos (RN)";"257919"
"2400901";"Antônio Martins (RN)";"79464"
"2401008";"Apodi (RN)";"941920"
"2401107";"Areia Branca (RN)";"1089647"
"2401206";"Arês (RN)";"471284"
"2401305";"Campo Grande (RN)";"136391"
"2401404";"Baía Formosa (RN)";"335923"
"2401453";"Baraúna (RN)";"991164"
"2401503";"Barcelona (RN)";"63583"
"2401602";"Bento Fernandes (RN)";"128584"
"2401651";"Bodó (RN)";"240166"
"2401701";"Bom Jesus (RN)";"140519"
"2401800";"Brejinho (RN)";"168163"
"2401859";"Caiçara do Norte (RN)";"119611"
"2401909";"Caiçara do Rio do Vento (RN)";"474184"
"2402006";"Caicó (RN)";"1735797"
"2402105";"Campo Redondo (RN)";"131975"
"2402204";"Canguaretama (RN)";"615957"
"2402303";"Caraúbas (RN)";"540233"
"2402402";"Carnaúba dos Dantas (RN)";"150902"
"2402501";"Carnaubais (RN)";"231816"
"2402600";"Ceará-Mirim (RN)";"1260346"
"2402709";"Cerro Corá (RN)";"225342"
"2402808";"Coronel Ezequiel (RN)";"65460"
"2402907";"Coronel João Pessoa (RN)";"54170"
"2403004";"Cruzeta (RN)";"154742"
"2403103";"Currais Novos (RN)";"955847"
"2403202";"Doutor Severiano (RN)";"106164"
"2403251";"Parnamirim (RN)";"7608526"
"2403301";"Encanto (RN)";"75044"
"2403400";"Equador (RN)";"90161"
"2403509";"Espírito Santo (RN)";"126682"
"2403608";"Extremoz (RN)";"986508"
"2403707";"Felipe Guerra (RN)";"302413"
"2403756";"Fernando Pedroza (RN)";"61994"
"2403806";"Florânia (RN)";"152502"
"2403905";"Francisco Dantas (RN)";"42580"
"2404002";"Frutuoso Gomes (RN)";"58994"
"2404101";"Galinhos (RN)";"165672"
"2404200";"Goianinha (RN)";"646383"
"2404309";"Governador Dix-Sept Rosado (RN)";"595842"
"2404408";"Grossos (RN)";"185921"
"2404507";"Guamaré (RN)";"2581922"
"2404606";"Ielmo Marinho (RN)";"168954"
"2404705";"Ipanguaçu (RN)";"263825"
"2404804";"Ipueira (RN)";"42669"
"2404853";"Itajá (RN)";"179988"
"2404903";"Itaú (RN)";"90976"
"2405009";"Jaçanã (RN)";"100644"
"2405108";"Jandaíra (RN)";"363648"
"2405207";"Janduís (RN)";"104812"
"2405306";"Januário Cicco (RN)";"102924"
"2405405";"Japi (RN)";"69177"
"2405504";"Jardim de Angicos (RN)";"69280"
"2405603";"Jardim de Piranhas (RN)";"276161"
"2405702";"Jardim do Seridó (RN)";"244663"
"2405801";"João Câmara (RN)";"1527022"
"2405900";"João Dias (RN)";"33800"
"2406007";"José da Penha (RN)";"88302"
"2406106";"Jucurutu (RN)";"442765"
"2406155";"Jundiá (RN)";"47291"
"2406205";"Lagoa d'Anta (RN)";"89996"
"2406304";"Lagoa de Pedras (RN)";"101030"
"2406403";"Lagoa de Velhos (RN)";"48944"
"2406502";"Lagoa Nova (RN)";"326107"
"2406601";"Lagoa Salgada (RN)";"124483"
"2406700";"Lajes (RN)";"632670"
"2406809";"Lajes Pintadas (RN)";"68290"
"2406908";"Lucrécia (RN)";"61082"
"2407005";"Luís Gomes (RN)";"112399"
"2407104";"Macaíba (RN)";"2455739"
"2407203";"Macau (RN)";"1315680"
"2407252";"Major Sales (RN)";"65725"
"2407302";"Marcelino Vieira (RN)";"101177"
"2407401";"Martins (RN)";"130557"
"2407500";"Maxaranguape (RN)";"165454"
"2407609";"Messias Targino (RN)";"65325"
"2407708";"Montanhas (RN)";"158962"
"2407807";"Monte Alegre (RN)";"348751"
"2407906";"Monte das Gameleiras (RN)";"45922"
"2408003";"Mossoró (RN)";"10323666"
"2408102";"Natal (RN)";"31162043"
"2408201";"Nísia Floresta (RN)";"573358"
"2408300";"Nova Cruz (RN)";"629221"
"2408409";"Olho d'Água do Borges (RN)";"58972"
"2408508";"Ouro Branco (RN)";"80889"
"2408607";"Paraná (RN)";"56062"
"2408706";"Paraú (RN)";"62150"
"2408805";"Parazinho (RN)";"524974"
"2408904";"Parelhas (RN)";"473775"
"2408953";"Rio do Fogo (RN)";"207249"
"2409100";"Passa e Fica (RN)";"179582"
"2409209";"Passagem (RN)";"46583"
"2409308";"Patu (RN)";"198146"
"2409332";"Santa Maria (RN)";"89729"
"2409407";"Pau dos Ferros (RN)";"827724"
"2409506";"Pedra Grande (RN)";"325405"
"2409605";"Pedra Preta (RN)";"65240"
"2409704";"Pedro Avelino (RN)";"282103"
"2409803";"Pedro Velho (RN)";"200896"
"2409902";"Pendências (RN)";"668530"
"2410009";"Pilões (RN)";"50550"
"2410108";"Poço Branco (RN)";"161103"
"2410207";"Portalegre (RN)";"99832"
"2410256";"Porto do Mangue (RN)";"170409"
"2410306";"Serra Caiada (RN)";"150413"
"2410405";"Pureza (RN)";"182889"
"2410504";"Rafael Fernandes (RN)";"61865"
"2410603";"Rafael Godeiro (RN)";"48290"
"2410702";"Riacho da Cruz (RN)";"42857"
"2410801";"Riacho de Santana (RN)";"53836"
"2410900";"Riachuelo (RN)";"319931"
"2411007";"Rodolfo Fernandes (RN)";"67765"
"2411056";"Tibau (RN)";"155095"
"2411106";"Ruy Barbosa (RN)";"218239"
"2411205";"Santa Cruz (RN)";"716309"
"2411403";"Santana do Matos (RN)";"207088"
"2411429";"Santana do Seridó (RN)";"51449"
"2411502";"Santo Antônio (RN)";"339515"
"2411601";"São Bento do Norte (RN)";"394853"
"2411700";"São Bento do Trairí (RN)";"58251"
"2411809";"São Fernando (RN)";"77560"
"2411908";"São Francisco do Oeste (RN)";"74357"
"2412005";"São Gonçalo do Amarante (RN)";"2588564"
"2412104";"São João do Sabugi (RN)";"100073"
"2412203";"São José de Mipibu (RN)";"1457800"
"2412302";"São José do Campestre (RN)";"165230"
"2412401";"São José do Seridó (RN)";"106548"
"2412500";"São Miguel (RN)";"420064"
"2412559";"São Miguel do Gostoso (RN)";"712098"
"2412609";"São Paulo do Potengi (RN)";"290640"
"2412708";"São Pedro (RN)";"72504"
"2412807";"São Rafael (RN)";"108235"
"2412906";"São Tomé (RN)";"184856"
"2413003";"São Vicente (RN)";"100458"
"2413102";"Senador Elói de Souza (RN)";"79950"
"2413201";"Senador Georgino Avelino (RN)";"114536"
"2413300";"Serra de São Bento (RN)";"84833"
"2413359";"Serra do Mel (RN)";"685341"
"2413409";"Serra Negra do Norte (RN)";"162339"
"2413508";"Serrinha (RN)";"92368"
"2413557";"Serrinha dos Pintos (RN)";"64722"
"2413607";"Severiano Melo (RN)";"96870"
"2413706";"Sítio Novo (RN)";"64195"
"2413805";"Taboleiro Grande (RN)";"43556"
"2413904";"Taipu (RN)";"184091"
"2414001";"Tangará (RN)";"225000"
"2414100";"Tenente Ananias (RN)";"142795"
"2414159";"Tenente Laurentino Cruz (RN)";"120493"
"2414209";"Tibau do Sul (RN)";"576215"
"2414308";"Timbaúba dos Batistas (RN)";"47341"
"2414407";"Touros (RN)";"1015670"
"2414456";"Triunfo Potiguar (RN)";"55944"
"2414506";"Umarizal (RN)";"167072"
"2414605";"Upanema (RN)";"370220"
"2414704";"Várzea (RN)";"72803"
"2414753";"Venha-Ver (RN)";"47870"
"2414803";"Vera Cruz (RN)";"167326"
"2414902";"Viçosa (RN)";"29717"
"2415008";"Vila Flor (RN)";"49863"
"2500106";"Água Branca (PB)";"107368"
"2500205";"Aguiar (PB)";"68585"
"2500304";"Alagoa Grande (PB)";"367232"
"2500403";"Alagoa Nova (PB)";"376825"
"2500502";"Alagoinha (PB)";"166686"
"2500536";"Alcantil (PB)";"70348"
"2500577";"Algodão de Jandaíra (PB)";"38483"
"2500601";"Alhandra (PB)";"3148252"
"2500700";"São João do Rio do Peixe (PB)";"286060"
"2500734";"Amparo (PB)";"37039"
"2500775";"Aparecida (PB)";"147637"
"2500809";"Araçagi (PB)";"233113"
"2500908";"Arara (PB)";"133977"
"2501005";"Araruna (PB)";"244109"
"2501104";"Areia (PB)";"355512"
"2501153";"Areia de Baraúnas (PB)";"27916"
"2501203";"Areial (PB)";"81463"
"2501302";"Aroeiras (PB)";"327699"
"2501351";"Assunção (PB)";"56279"
"2501401";"Baía da Traição (PB)";"130462"
"2501500";"Bananeiras (PB)";"370980"
"2501534";"Baraúna (PB)";"62002"
"2501575";"Barra de Santana (PB)";"115121"
"2501609";"Barra de Santa Rosa (PB)";"187975"
"2501708";"Barra de São Miguel (PB)";"101524"
"2501807";"Bayeux (PB)";"1899000"
"2501906";"Belém (PB)";"268655"
"2502003";"Belém do Brejo do Cruz (PB)";"93160"
"2502052";"Bernardino Batista (PB)";"53721"
"2502102";"Boa Ventura (PB)";"63601"
"2502151";"Boa Vista (PB)";"319446"
"2502201";"Bom Jesus (PB)";"40310"
"2502300";"Bom Sucesso (PB)";"66561"
"2502409";"Bonito de Santa Fé (PB)";"119586"
"2502508";"Boqueirão (PB)";"302850"
"2502607";"Igaracy (PB)";"73095"
"2502706";"Borborema (PB)";"80671"
"2502805";"Brejo do Cruz (PB)";"207305"
"2502904";"Brejo dos Santos (PB)";"79111"
"2503001";"Caaporã (PB)";"545157"
"2503100";"Cabaceiras (PB)";"171069"
"2503209";"Cabedelo (PB)";"4092777"
"2503308";"Cachoeira dos Índios (PB)";"153125"
"2503407";"Cacimba de Areia (PB)";"45669"
"2503506";"Cacimba de Dentro (PB)";"179299"
"2503555";"Cacimbas (PB)";"84005"
"2503605";"Caiçara (PB)";"83428"
"2503704";"Cajazeiras (PB)";"1808447"
"2503753";"Cajazeirinhas (PB)";"51075"
"2503803";"Caldas Brandão (PB)";"92129"
"2503902";"Camalaú (PB)";"87713"
"2504009";"Campina Grande (PB)";"12908743"
"2504033";"Capim (PB)";"101592"
"2504074";"Caraúbas (PB)";"55068"
"2504108";"Carrapateira (PB)";"39802"
"2504157";"Casserengue (PB)";"83914"
"2504207";"Catingueira (PB)";"63519"
"2504306";"Catolé do Rocha (PB)";"622714"
"2504355";"Caturité (PB)";"87217"
"2504405";"Conceição (PB)";"257651"
"2504504";"Condado (PB)";"89037"
"2504603";"Conde (PB)";"1648300"
"2504702";"Congo (PB)";"85465"
"2504801";"Coremas (PB)";"255021"
"2504850";"Coxixola (PB)";"30936"
"2504900";"Cruz do Espírito Santo (PB)";"253013"
"2505006";"Cubati (PB)";"102129"
"2505105";"Cuité (PB)";"273447"
"2505204";"Cuitegi (PB)";"87664"
"2505238";"Cuité de Mamanguape (PB)";"85105"
"2505279";"Curral de Cima (PB)";"74436"
"2505303";"Curral Velho (PB)";"33783"
"2505352";"Damião (PB)";"62654"
"2505402";"Desterro (PB)";"94774"
"2505501";"Vista Serrana (PB)";"50452"
"2505600";"Diamante (PB)";"75548"
"2505709";"Dona Inês (PB)";"117418"
"2505808";"Duas Estradas (PB)";"51973"
"2505907";"Emas (PB)";"46042"
"2506004";"Esperança (PB)";"851650"
"2506103";"Fagundes (PB)";"135441"
"2506202";"Frei Martinho (PB)";"38774"
"2506251";"Gado Bravo (PB)";"101801"
"2506301";"Guarabira (PB)";"1489288"
"2506400";"Gurinhém (PB)";"201227"
"2506509";"Gurjão (PB)";"50413"
"2506608";"Ibiara (PB)";"63597"
"2506707";"Imaculada (PB)";"105988"
"2506806";"Ingá (PB)";"270159"
"2506905";"Itabaiana (PB)";"417387"
"2507002";"Itaporanga (PB)";"445867"
"2507101";"Itapororoca (PB)";"261025"
"2507200";"Itatuba (PB)";"211522"
"2507309";"Jacaraú (PB)";"217258"
"2507408";"Jericó (PB)";"95979"
"2507507";"João Pessoa (PB)";"28442131"
"2507606";"Juarez Távora (PB)";"93223"
"2507705";"Juazeirinho (PB)";"259622"
"2507804";"Junco do Seridó (PB)";"128192"
"2507903";"Juripiranga (PB)";"150461"
"2508000";"Juru (PB)";"111022"
"2508109";"Lagoa (PB)";"65991"
"2508208";"Lagoa de Dentro (PB)";"104437"
"2508307";"Lagoa Seca (PB)";"416794"
"2508406";"Lastro (PB)";"37248"
"2508505";"Livramento (PB)";"83602"
"2508554";"Logradouro (PB)";"65569"
"2508604";"Lucena (PB)";"279944"
"2508703";"Mãe d'Água (PB)";"45505"
"2508802";"Malta (PB)";"77516"
"2508901";"Mamanguape (PB)";"1086800"
"2509008";"Manaíra (PB)";"110034"
"2509057";"Marcação (PB)";"123336"
"2509107";"Mari (PB)";"303052"
"2509156";"Marizópolis (PB)";"97757"
"2509206";"Massaranduba (PB)";"196173"
"2509305";"Mataraca (PB)";"231046"
"2509339";"Matinhas (PB)";"80821"
"2509370";"Mato Grosso (PB)";"38900"
"2509396";"Maturéia (PB)";"79510"
"2509404";"Mogeiro (PB)";"220317"
"2509503";"Montadas (PB)";"68335"
"2509602";"Monte Horebe (PB)";"59800"
"2509701";"Monteiro (PB)";"842417"
"2509800";"Mulungu (PB)";"111589"
"2509909";"Natuba (PB)";"116149"
"2510006";"Nazarezinho (PB)";"81441"
"2510105";"Nova Floresta (PB)";"114955"
"2510204";"Nova Olinda (PB)";"69482"
"2510303";"Nova Palmeira (PB)";"54633"
"2510402";"Olho d'Água (PB)";"76534"
"2510501";"Olivedos (PB)";"53270"
"2510600";"Ouro Velho (PB)";"47542"
"2510659";"Parari (PB)";"28042"
"2510709";"Passagem (PB)";"35352"
"2510808";"Patos (PB)";"2555214"
"2510907";"Paulista (PB)";"200281"
"2511004";"Pedra Branca (PB)";"48602"
"2511103";"Pedra Lavrada (PB)";"94715"
"2511202";"Pedras de Fogo (PB)";"836969"
"2511301";"Piancó (PB)";"246685"
"2511400";"Picuí (PB)";"270316"
"2511509";"Pilar (PB)";"158901"
"2511608";"Pilões (PB)";"133896"
"2511707";"Pilõezinhos (PB)";"64516"
"2511806";"Pirpirituba (PB)";"120990"
"2511905";"Pitimbu (PB)";"479172"
"2512002";"Pocinhos (PB)";"334112"
"2512036";"Poço Dantas (PB)";"56713"
"2512077";"Poço de José de Moura (PB)";"61655"
"2512101";"Pombal (PB)";"594290"
"2512200";"Prata (PB)";"83660"
"2512309";"Princesa Isabel (PB)";"343379"
"2512408";"Puxinanã (PB)";"189387"
"2512507";"Queimadas (PB)";"788732"
"2512606";"Quixaba (PB)";"30647"
"2512705";"Remígio (PB)";"224366"
"2512721";"Pedro Régis (PB)";"70516"
"2512747";"Riachão (PB)";"42007"
"2512754";"Riachão do Bacamarte (PB)";"68122"
"2512762";"Riachão do Poço (PB)";"73546"
"2512788";"Riacho de Santo Antônio (PB)";"35322"
"2512804";"Riacho dos Cavalos (PB)";"111761"
"2512903";"Rio Tinto (PB)";"393104"
"2513000";"Salgadinho (PB)";"40278"
"2513109";"Salgado de São Félix (PB)";"177321"
"2513158";"Santa Cecília (PB)";"90463"
"2513208";"Santa Cruz (PB)";"74312"
"2513307";"Santa Helena (PB)";"84256"
"2513356";"Santa Inês (PB)";"40015"
"2513406";"Santa Luzia (PB)";"573425"
"2513505";"Santana de Mangueira (PB)";"60940"
"2513604";"Santana dos Garrotes (PB)";"81502"
"2513653";"Joca Claudino (PB)";"43129"
"2513703";"Santa Rita (PB)";"3163544"
"2513802";"Santa Teresinha (PB)";"66909"
"2513851";"Santo André (PB)";"40211"
"2513901";"São Bento (PB)";"724346"
"2513927";"São Bentinho (PB)";"64264"
"2513943";"São Domingos do Cariri (PB)";"39709"
"2513968";"São Domingos (PB)";"44068"
"2513984";"São Francisco (PB)";"48447"
"2514008";"São João do Cariri (PB)";"71555"
"2514107";"São João do Tigre (PB)";"51496"
"2514206";"São José da Lagoa Tapada (PB)";"87269"
"2514305";"São José de Caiana (PB)";"63973"
"2514404";"São José de Espinharas (PB)";"66469"
"2514453";"São José dos Ramos (PB)";"78200"
"2514503";"São José de Piranhas (PB)";"289437"
"2514552";"São José de Princesa (PB)";"43362"
"2514602";"São José do Bonfim (PB)";"41022"
"2514651";"São José do Brejo do Cruz (PB)";"36303"
"2514701";"São José do Sabugi (PB)";"129591"
"2514800";"São José dos Cordeiros (PB)";"44795"
"2514909";"São Mamede (PB)";"101241"
"2515005";"São Miguel de Taipu (PB)";"122551"
"2515104";"São Sebastião de Lagoa de Roça (PB)";"133993"
"2515203";"São Sebastião do Umbuzeiro (PB)";"46472"
"2515302";"Sapé (PB)";"852471"
"2515401";"São Vicente do Seridó (PB)";"112003"
"2515500";"Serra Branca (PB)";"187052"
"2515609";"Serra da Raiz (PB)";"47507"
"2515708";"Serra Grande (PB)";"40406"
"2515807";"Serra Redonda (PB)";"74715"
"2515906";"Serraria (PB)";"79579"
"2515930";"Sertãozinho (PB)";"71175"
"2515971";"Sobrado (PB)";"135262"
"2516003";"Solânea (PB)";"428475"
"2516102";"Soledade (PB)";"319643"
"2516151";"Sossêgo (PB)";"47775"
"2516201";"Sousa (PB)";"1714770"
"2516300";"Sumé (PB)";"255601"
"2516409";"Tacima (PB)";"106670"
"2516508";"Taperoá (PB)";"169781"
"2516607";"Tavares (PB)";"167333"
"2516706";"Teixeira (PB)";"222479"
"2516755";"Tenório (PB)";"40231"
"2516805";"Triunfo (PB)";"121796"
"2516904";"Uiraúna (PB)";"245510"
"2517001";"Umbuzeiro (PB)";"118557"
"2517100";"Várzea (PB)";"46408"
"2517209";"Vieirópolis (PB)";"59242"
"2517407";"Zabelê (PB)";"35337"
"2600054";"Abreu e Lima (PE)";"2129775"
"2600104";"Afogados da Ingazeira (PE)";"651001"
"2600203";"Afrânio (PE)";"271668"
"2600302";"Agrestina (PE)";"368076"
"2600401";"Água Preta (PE)";"263642"
"2600500";"Águas Belas (PE)";"489637"
"2600609";"Alagoinha (PE)";"199751"
"2600708";"Aliança (PE)";"472449"
"2600807";"Altinho (PE)";"302022"
"2600906";"Amaraji (PE)";"307792"
"2601003";"Angelim (PE)";"186927"
"2601052";"Araçoiaba (PE)";"203113"
"2601102";"Araripina (PE)";"1777713"
"2601201";"Arcoverde (PE)";"1503621"
"2601300";"Barra de Guabiraba (PE)";"197017"
"2601409";"Barreiros (PE)";"645437"
"2601508";"Belém de Maria (PE)";"110733"
"2601607";"Belém do São Francisco (PE)";"715390"
"2601706";"Belo Jardim (PE)";"3429628"
"2601805";"Betânia (PE)";"125498"
"2601904";"Bezerros (PE)";"1089685"
"2602001";"Bodocó (PE)";"388247"
"2602100";"Bom Conselho (PE)";"801671"
"2602209";"Bom Jardim (PE)";"419042"
"2602308";"Bonito (PE)";"736191"
"2602407";"Brejão (PE)";"226948"
"2602506";"Brejinho (PE)";"95683"
"2602605";"Brejo da Madre de Deus (PE)";"530035"
"2602704";"Buenos Aires (PE)";"163217"
"2602803";"Buíque (PE)";"647063"
"2602902";"Cabo de Santo Agostinho (PE)";"15897620"
"2603009";"Cabrobó (PE)";"536175"
"2603108";"Cachoeirinha (PE)";"290338"
"2603207";"Caetés (PE)";"503212"
"2603306";"Calçado (PE)";"134331"
"2603405";"Calumbi (PE)";"62249"
"2603454";"Camaragibe (PE)";"2436552"
"2603504";"Camocim de São Félix (PE)";"209246"
"2603603";"Camutanga (PE)";"427495"
"2603702";"Canhotinho (PE)";"364996"
"2603801";"Capoeiras (PE)";"266090"
"2603900";"Carnaíba (PE)";"212891"
"2603926";"Carnaubeira da Penha (PE)";"107059"
"2604007";"Carpina (PE)";"1937470"
"2604106";"Caruaru (PE)";"11238434"
"2604155";"Casinhas (PE)";"125631"
"2604205";"Catende (PE)";"390075"
"2604304";"Cedro (PE)";"133554"
"2604403";"Chã de Alegria (PE)";"190273"
"2604502";"Chã Grande (PE)";"325129"
"2604601";"Condado (PE)";"294987"
"2604700";"Correntes (PE)";"211880"
"2604809";"Cortês (PE)";"147761"
"2604908";"Cumaru (PE)";"163890"
"2605004";"Cupira (PE)";"355809"
"2605103";"Custódia (PE)";"759609"
"2605152";"Dormentes (PE)";"311854"
"2605202";"Escada (PE)";"1582303"
"2605301";"Exu (PE)";"440315"
"2605400";"Feira Nova (PE)";"274542"
"2605459";"Fernando de Noronha (PE)";"304923"
"2605509";"Ferreiros (PE)";"171423"
"2605608";"Flores (PE)";"245679"
"2605707";"Floresta (PE)";"583259"
"2605806";"Frei Miguelinho (PE)";"152032"
"2605905";"Gameleira (PE)";"248184"
"2606002";"Garanhuns (PE)";"3834635"
"2606101";"Glória do Goitá (PE)";"626114"
"2606200";"Goiana (PE)";"13893623"
"2606309";"Granito (PE)";"91071"
"2606408";"Gravatá (PE)";"1637743"
"2606507";"Iati (PE)";"236013"
"2606606";"Ibimirim (PE)";"425355"
"2606705";"Ibirajuba (PE)";"99153"
"2606804";"Igarassu (PE)";"3770816"
"2606903";"Iguaracy (PE)";"122068"
"2607000";"Inajá (PE)";"276204"
"2607109";"Ingazeira (PE)";"65457"
"2607208";"Ipojuca (PE)";"17972323"
"2607307";"Ipubi (PE)";"412535"
"2607406";"Itacuruba (PE)";"82430"
"2607505";"Itaíba (PE)";"390249"
"2607604";"Ilha de Itamaracá (PE)";"298295"
"2607653";"Itambé (PE)";"586823"
"2607703";"Itapetim (PE)";"170269"
"2607752";"Itapissuma (PE)";"3258624"
"2607802";"Itaquitinga (PE)";"223249"
"2607901";"Jaboatão dos Guararapes (PE)";"20281298"
"2607950";"Jaqueira (PE)";"129334"
"2608008";"Jataúba (PE)";"192384"
"2608057";"Jatobá (PE)";"183614"
"2608107";"João Alfredo (PE)";"354879"
"2608206";"Joaquim Nabuco (PE)";"164491"
"2608255";"Jucati (PE)";"142790"
"2608305";"Jupi (PE)";"247150"
"2608404";"Jurema (PE)";"146166"
"2608453";"Lagoa do Carro (PE)";"327921"
"2608503";"Lagoa de Itaenga (PE)";"551074"
"2608602";"Lagoa do Ouro (PE)";"150180"
"2608701";"Lagoa dos Gatos (PE)";"168831"
"2608750";"Lagoa Grande (PE)";"713609"
"2608800";"Lajedo (PE)";"706467"
"2608909";"Limoeiro (PE)";"991140"
"2609006";"Macaparana (PE)";"359208"
"2609105";"Machados (PE)";"271714"
"2609154";"Manari (PE)";"183154"
"2609204";"Maraial (PE)";"110045"
"2609303";"Mirandiba (PE)";"221207"
"2609402";"Moreno (PE)";"1118309"
"2609501";"Nazaré da Mata (PE)";"777087"
"2609600";"Olinda (PE)";"7024917"
"2609709";"Orobó (PE)";"582870"
"2609808";"Orocó (PE)";"192309"
"2609907";"Ouricuri (PE)";"1016704"
"2610004";"Palmares (PE)";"1156052"
"2610103";"Palmeirina (PE)";"91362"
"2610202";"Panelas (PE)";"239945"
"2610301";"Paranatama (PE)";"306364"
"2610400";"Parnamirim (PE)";"268156"
"2610509";"Passira (PE)";"293500"
"2610608";"Paudalho (PE)";"1151981"
"2610707";"Paulista (PE)";"6999013"
"2610806";"Pedra (PE)";"426036"
"2610905";"Pesqueira (PE)";"1082144"
"2611002";"Petrolândia (PE)";"1568603"
"2611101";"Petrolina (PE)";"10577530"
"2611200";"Poção (PE)";"132807"
"2611309";"Pombos (PE)";"635845"
"2611408";"Primavera (PE)";"320399"
"2611507";"Quipapá (PE)";"211463"
"2611533";"Quixaba (PE)";"75902"
"2611606";"Recife (PE)";"66351305"
"2611705";"Riacho das Almas (PE)";"289327"
"2611804";"Ribeirão (PE)";"601649"
"2611903";"Rio Formoso (PE)";"374545"
"2612000";"Sairé (PE)";"204199"
"2612109";"Salgadinho (PE)";"76619"
"2612208";"Salgueiro (PE)";"1389969"
"2612307";"Saloá (PE)";"251854"
"2612406";"Sanharó (PE)";"269694"
"2612455";"Santa Cruz (PE)";"156125"
"2612471";"Santa Cruz da Baixa Verde (PE)";"143723"
"2612505";"Santa Cruz do Capibaribe (PE)";"2125695"
"2612554";"Santa Filomena (PE)";"133150"
"2612604";"Santa Maria da Boa Vista (PE)";"781893"
"2612703";"Santa Maria do Cambucá (PE)";"151435"
"2612802";"Santa Terezinha (PE)";"122739"
"2612901";"São Benedito do Sul (PE)";"129076"
"2613008";"São Bento do Una (PE)";"1909078"
"2613107";"São Caitano (PE)";"575982"
"2613206";"São João (PE)";"374387"
"2613305";"São Joaquim do Monte (PE)";"258411"
"2613404";"São José da Coroa Grande (PE)";"389471"
"2613503";"São José do Belmonte (PE)";"529903"
"2613602";"São José do Egito (PE)";"471426"
"2613701";"São Lourenço da Mata (PE)";"1791059"
"2613800";"São Vicente Férrer (PE)";"384212"
"2613909";"Serra Talhada (PE)";"2003113"
"2614006";"Serrita (PE)";"195989"
"2614105";"Sertânia (PE)";"404067"
"2614204";"Sirinhaém (PE)";"861417"
"2614303";"Moreilândia (PE)";"106462"
"2614402";"Solidão (PE)";"63051"
"2614501";"Surubim (PE)";"1131954"
"2614600";"Tabira (PE)";"358223"
"2614709";"Tacaimbó (PE)";"221749"
"2614808";"Tacaratu (PE)";"262198"
"2614857";"Tamandaré (PE)";"432297"
"2615003";"Taquaritinga do Norte (PE)";"402088"
"2615102";"Terezinha (PE)";"91621"
"2615201";"Terra Nova (PE)";"125359"
"2615300";"Timbaúba (PE)";"905265"
"2615409";"Toritama (PE)";"812755"
"2615508";"Tracunhaém (PE)";"198570"
"2615607";"Trindade (PE)";"654211"
"2615706";"Triunfo (PE)";"202205"
"2615805";"Tupanatinga (PE)";"275931"
"2615904";"Tuparetama (PE)";"95042"
"2616001";"Venturosa (PE)";"291065"
"2616100";"Verdejante (PE)";"103221"
"2616183";"Vertente do Lério (PE)";"93452"
"2616209";"Vertentes (PE)";"228836"
"2616308";"Vicência (PE)";"615581"
"2616407";"Vitória de Santo Antão (PE)";"6095992"
"2616506";"Xexéu (PE)";"201330"
"2700102";"Água Branca (AL)";"246052"
"2700201";"Anadia (AL)";"276952"
"2700300";"Arapiraca (AL)";"6880940"
"2700409";"Atalaia (AL)";"1637107"
"2700508";"Barra de Santo Antônio (AL)";"358501"
"2700607";"Barra de São Miguel (AL)";"304436"
"2700706";"Batalha (AL)";"308733"
"2700805";"Belém (AL)";"187160"
"2700904";"Belo Monte (AL)";"196377"
"2701001";"Boca da Mata (AL)";"565491"
"2701100";"Branquinha (AL)";"849267"
"2701209";"Cacimbinhas (AL)";"195083"
"2701308";"Cajueiro (AL)";"223748"
"2701357";"Campestre (AL)";"109805"
"2701407";"Campo Alegre (AL)";"884685"
"2701506";"Campo Grande (AL)";"113470"
"2701605";"Canapi (AL)";"235141"
"2701704";"Capela (AL)";"250653"
"2701803";"Carneiros (AL)";"97601"
"2701902";"Chã Preta (AL)";"289693"
"2702009";"Coité do Nóia (AL)";"234385"
"2702108";"Colônia Leopoldina (AL)";"367109"
"2702207";"Coqueiro Seco (AL)";"115662"
"2702306";"Coruripe (AL)";"2400819"
"2702355";"Craíbas (AL)";"450187"
"2702405";"Delmiro Gouveia (AL)";"911191"
"2702504";"Dois Riachos (AL)";"140027"
"2702553";"Estrela de Alagoas (AL)";"177063"
"2702603";"Feira Grande (AL)";"500385"
"2702702";"Feliz Deserto (AL)";"218958"
"2702801";"Flexeiras (AL)";"251580"
"2702900";"Girau do Ponciano (AL)";"602812"
"2703007";"Ibateguara (AL)";"223883"
"2703106";"Igaci (AL)";"328695"
"2703205";"Igreja Nova (AL)";"697572"
"2703304";"Inhapi (AL)";"210039"
"2703403";"Jacaré dos Homens (AL)";"78412"
"2703502";"Jacuípe (AL)";"144753"
"2703601";"Japaratinga (AL)";"329293"
"2703700";"Jaramataia (AL)";"81577"
"2703759";"Jequiá da Praia (AL)";"456621"
"2703809";"Joaquim Gomes (AL)";"541697"
"2703908";"Jundiá (AL)";"92728"
"2704005";"Junqueiro (AL)";"705482"
"2704104";"Lagoa da Canoa (AL)";"333780"
"2704203";"Limoeiro de Anadia (AL)";"806003"
"2704302";"Maceió (AL)";"33749576"
"2704401";"Major Isidoro (AL)";"296433"
"2704500";"Maragogi (AL)";"1219926"
"2704609";"Maravilha (AL)";"134024"
"2704708";"Marechal Deodoro (AL)";"3185683"
"2704807";"Maribondo (AL)";"222264"
"2704906";"Mar Vermelho (AL)";"51607"
"2705002";"Mata Grande (AL)";"400974"
"2705101";"Matriz de Camaragibe (AL)";"514991"
"2705200";"Messias (AL)";"351253"
"2705309";"Minador do Negrão (AL)";"90125"
"2705408";"Monteirópolis (AL)";"109208"
"2705507";"Murici (AL)";"1080389"
"2705606";"Novo Lino (AL)";"240603"
"2705705";"Olho d'Água das Flores (AL)";"343111"
"2705804";"Olho d'Água do Casado (AL)";"100592"
"2705903";"Olho d'Água Grande (AL)";"72758"
"2706000";"Olivença (AL)";"135134"
"2706109";"Ouro Branco (AL)";"150495"
"2706208";"Palestina (AL)";"48822"
"2706307";"Palmeira dos Índios (AL)";"1367252"
"2706406";"Pão de Açúcar (AL)";"282237"
"2706422";"Pariconha (AL)";"119510"
"2706448";"Paripueira (AL)";"302559"
"2706505";"Passo de Camaragibe (AL)";"378391"
"2706604";"Paulo Jacinto (AL)";"108187"
"2706703";"Penedo (AL)";"1159276"
"2706802";"Piaçabuçu (AL)";"480484"
"2706901";"Pilar (AL)";"957605"
"2707008";"Pindoba (AL)";"53808"
"2707107";"Piranhas (AL)";"358241"
"2707206";"Poço das Trincheiras (AL)";"146801"
"2707305";"Porto Calvo (AL)";"544520"
"2707404";"Porto de Pedras (AL)";"451598"
"2707503";"Porto Real do Colégio (AL)";"294351"
"2707602";"Quebrangulo (AL)";"195018"
"2707701";"Rio Largo (AL)";"2032761"
"2707800";"Roteiro (AL)";"247076"
"2707909";"Santa Luzia do Norte (AL)";"199948"
"2708006";"Santana do Ipanema (AL)";"863267"
"2708105";"Santana do Mundaú (AL)";"1127361"
"2708204";"São Brás (AL)";"123934"
"2708303";"São José da Laje (AL)";"816993"
"2708402";"São José da Tapera (AL)";"421128"
"2708501";"São Luís do Quitunde (AL)";"1052903"
"2708600";"São Miguel dos Campos (AL)";"1594206"
"2708709";"São Miguel dos Milagres (AL)";"308510"
"2708808";"São Sebastião (AL)";"736908"
"2708907";"Satuba (AL)";"369184"
"2708956";"Senador Rui Palmeira (AL)";"137332"
"2709004";"Tanque d'Arca (AL)";"92869"
"2709103";"Taquarana (AL)";"664759"
"2709152";"Teotônio Vilela (AL)";"941856"
"2709202";"Traipu (AL)";"357715"
"2709301";"União dos Palmares (AL)";"1693998"
"2709400";"Viçosa (AL)";"596814"
"2800100";"Amparo do São Francisco (SE)";"49412"
"2800209";"Aquidabã (SE)";"362299"
"2800308";"Aracaju (SE)";"22291877"
"2800407";"Arauá (SE)";"203787"
"2800506";"Areia Branca (SE)";"353834"
"2800605";"Barra dos Coqueiros (SE)";"2478982"
"2800670";"Boquim (SE)";"436636"
"2800704";"Brejo Grande (SE)";"122926"
"2801009";"Campo do Brito (SE)";"354386"
"2801108";"Canhoba (SE)";"95135"
"2801207";"Canindé de São Francisco (SE)";"2967957"
"2801306";"Capela (SE)";"595061"
"2801405";"Carira (SE)";"723769"
"2801504";"Carmópolis (SE)";"464417"
"2801603";"Cedro de São João (SE)";"84949"
"2801702";"Cristinápolis (SE)";"589914"
"2801900";"Cumbe (SE)";"82671"
"2802007";"Divina Pastora (SE)";"240797"
"2802106";"Estância (SE)";"1473225"
"2802205";"Feira Nova (SE)";"169357"
"2802304";"Frei Paulo (SE)";"551019"
"2802403";"Gararu (SE)";"217566"
"2802502";"General Maynard (SE)";"50397"
"2802601";"Graccho Cardoso (SE)";"139799"
"2802700";"Ilha das Flores (SE)";"118392"
"2802809";"Indiaroba (SE)";"322888"
"2802908";"Itabaiana (SE)";"2942686"
"2803005";"Itabaianinha (SE)";"865772"
"2803104";"Itabi (SE)";"101138"
"2803203";"Itaporanga d'Ajuda (SE)";"562366"
"2803302";"Japaratuba (SE)";"549070"
"2803401";"Japoatã (SE)";"298620"
"2803500";"Lagarto (SE)";"2177825"
"2803609";"Laranjeiras (SE)";"638033"
"2803708";"Macambira (SE)";"136318"
"2803807";"Malhada dos Bois (SE)";"67244"
"2803906";"Malhador (SE)";"224467"
"2804003";"Maruim (SE)";"320963"
"2804102";"Moita Bonita (SE)";"280140"
"2804201";"Monte Alegre de Sergipe (SE)";"337201"
"2804300";"Muribeca (SE)";"112544"
"2804409";"Neópolis (SE)";"382705"
"2804458";"Nossa Senhora Aparecida (SE)";"209605"
"2804508";"Nossa Senhora da Glória (SE)";"1048320"
"2804607";"Nossa Senhora das Dores (SE)";"540610"
"2804706";"Nossa Senhora de Lourdes (SE)";"115910"
"2804805";"Nossa Senhora do Socorro (SE)";"2852077"
"2804904";"Pacatuba (SE)";"219432"
"2805000";"Pedra Mole (SE)";"74512"
"2805109";"Pedrinhas (SE)";"128570"
"2805208";"Pinhão (SE)";"141417"
"2805307";"Pirambu (SE)";"155336"
"2805406";"Poço Redondo (SE)";"763539"
"2805505";"Poço Verde (SE)";"388823"
"2805604";"Porto da Folha (SE)";"637808"
"2805703";"Propriá (SE)";"614880"
"2805802";"Riachão do Dantas (SE)";"419339"
"2805901";"Riachuelo (SE)";"240563"
"2806008";"Ribeirópolis (SE)";"372071"
"2806107";"Rosário do Catete (SE)";"391878"
"2806206";"Salgado (SE)";"320943"
"2806305";"Santa Luzia do Itanhy (SE)";"238278"
"2806404";"Santana do São Francisco (SE)";"160615"
"2806503";"Santa Rosa de Lima (SE)";"59186"
"2806602";"Santo Amaro das Brotas (SE)";"227942"
"2806701";"São Cristóvão (SE)";"1392938"
"2806800";"São Domingos (SE)";"161345"
"2806909";"São Francisco (SE)";"61511"
"2807006";"São Miguel do Aleixo (SE)";"79123"
"2807105";"Simão Dias (SE)";"925387"
"2807204";"Siriri (SE)";"201981"
"2807303";"Telha (SE)";"53467"
"2807402";"Tobias Barreto (SE)";"1150010"
"2807501";"Tomar do Geru (SE)";"208833"
"2807600";"Umbaúba (SE)";"721872"
"2900108";"Abaíra (BA)";"84854"
"2900207";"Abaré (BA)";"224239"
"2900306";"Acajutiba (BA)";"186446"
"2900355";"Adustina (BA)";"275494"
"2900405";"Água Fria (BA)";"174798"
"2900504";"Érico Cardoso (BA)";"102934"
"2900603";"Aiquara (BA)";"75418"
"2900702";"Alagoinhas (BA)";"5705227"
"2900801";"Alcobaça (BA)";"439082"
"2900900";"Almadina (BA)";"79711"
"2901007";"Amargosa (BA)";"608765"
"2901106";"Amélia Rodrigues (BA)";"521349"
"2901155";"América Dourada (BA)";"198616"
"2901205";"Anagé (BA)";"299895"
"2901304";"Andaraí (BA)";"178408"
"2901353";"Andorinha (BA)";"252206"
"2901403";"Angical (BA)";"229298"
"2901502";"Anguera (BA)";"118552"
"2901601";"Antas (BA)";"197870"
"2901700";"Antônio Cardoso (BA)";"138793"
"2901809";"Antônio Gonçalves (BA)";"108500"
"2901908";"Aporá (BA)";"191758"
"2901957";"Apuarema (BA)";"90729"
"2902005";"Aracatu (BA)";"174004"
"2902054";"Araçás (BA)";"325622"
"2902104";"Araci (BA)";"642812"
"2902203";"Aramari (BA)";"138749"
"2902252";"Arataca (BA)";"135073"
"2902302";"Aratuípe (BA)";"107370"
"2902401";"Aurelino Leal (BA)";"180021"
"2902500";"Baianópolis (BA)";"362686"
"2902609";"Baixa Grande (BA)";"226704"
"2902658";"Banzaê (BA)";"152081"
"2902708";"Barra (BA)";"558493"
"2902807";"Barra da Estiva (BA)";"589439"
"2902906";"Barra do Choça (BA)";"540750"
"2903003";"Barra do Mendes (BA)";"143356"
"2903102";"Barra do Rocha (BA)";"107927"
"2903201";"Barreiras (BA)";"9499499"
"2903235";"Barro Alto (BA)";"137538"
"2903276";"Barrocas (BA)";"289668"
"2903300";"Barro Preto (BA)";"112869"
"2903409";"Belmonte (BA)";"432368"
"2903508";"Belo Campo (BA)";"217596"
"2903607";"Biritinga (BA)";"234654"
"2903706";"Boa Nova (BA)";"144910"
"2903805";"Boa Vista do Tupim (BA)";"187249"
"2903904";"Bom Jesus da Lapa (BA)";"1554154"
"2903953";"Bom Jesus da Serra (BA)";"92366"
"2904001";"Boninal (BA)";"146376"
"2904050";"Bonito (BA)";"265009"
"2904100";"Boquira (BA)";"221071"
"2904209";"Botuporã (BA)";"132225"
"2904308";"Brejões (BA)";"168676"
"2904407";"Brejolândia (BA)";"146903"
"2904506";"Brotas de Macaúbas (BA)";"141253"
"2904605";"Brumado (BA)";"1931839"
"2904704";"Buerarema (BA)";"237932"
"2904753";"Buritirama (BA)";"191820"
"2904803";"Caatiba (BA)";"97532"
"2904852";"Cabaceiras do Paraguaçu (BA)";"186028"
"2904902";"Cachoeira (BA)";"521416"
"2905008";"Caculé (BA)";"429993"
"2905107";"Caém (BA)";"127401"
"2905156";"Caetanos (BA)";"114113"
"2905206";"Caetité (BA)";"1216743"
"2905305";"Cafarnaum (BA)";"277214"
"2905404";"Cairu (BA)";"1442325"
"2905503";"Caldeirão Grande (BA)";"138755"
"2905602";"Camacan (BA)";"470760"
"2905701";"Camaçari (BA)";"27418878"
"2905800";"Camamu (BA)";"557662"
"2905909";"Campo Alegre de Lourdes (BA)";"383421"
"2906006";"Campo Formoso (BA)";"1617786"
"2906105";"Canápolis (BA)";"110069"
"2906204";"Canarana (BA)";"305656"
"2906303";"Canavieiras (BA)";"510979"
"2906402";"Candeal (BA)";"84961"
"2906501";"Candeias (BA)";"5750026"
"2906600";"Candiba (BA)";"170088"
"2906709";"Cândido Sales (BA)";"289057"
"2906808";"Cansanção (BA)";"510493"
"2906824";"Canudos (BA)";"203667"
"2906857";"Capela do Alto Alegre (BA)";"164342"
"2906873";"Capim Grosso (BA)";"801016"
"2906899";"Caraíbas (BA)";"123402"
"2906907";"Caravelas (BA)";"413319"
"2907004";"Cardeal da Silva (BA)";"140042"
"2907103";"Carinhanha (BA)";"377035"
"2907202";"Casa Nova (BA)";"1135276"
"2907301";"Castro Alves (BA)";"431938"
"2907400";"Catolândia (BA)";"93082"
"2907509";"Catu (BA)";"928641"
"2907558";"Caturama (BA)";"105134"
"2907608";"Central (BA)";"180701"
"2907707";"Chorrochó (BA)";"137581"
"2907806";"Cícero Dantas (BA)";"503222"
"2907905";"Cipó (BA)";"214616"
"2908002";"Coaraci (BA)";"256643"
"2908101";"Cocos (BA)";"733217"
"2908200";"Conceição da Feira (BA)";"430602"
"2908309";"Conceição do Almeida (BA)";"236507"
"2908408";"Conceição do Coité (BA)";"1122063"
"2908507";"Conceição do Jacuípe (BA)";"2634469"
"2908606";"Conde (BA)";"365282"
"2908705";"Condeúba (BA)";"203311"
"2908804";"Contendas do Sincorá (BA)";"63627"
"2908903";"Coração de Maria (BA)";"325844"
"2909000";"Cordeiros (BA)";"79050"
"2909109";"Coribe (BA)";"207786"
"2909208";"Coronel João Sá (BA)";"258088"
"2909307";"Correntina (BA)";"3806363"
"2909406";"Cotegipe (BA)";"214457"
"2909505";"Cravolândia (BA)";"57703"
"2909604";"Crisópolis (BA)";"262120"
"2909703";"Cristópolis (BA)";"218525"
"2909802";"Cruz das Almas (BA)";"1279175"
"2909901";"Curaçá (BA)";"499932"
"2910008";"Dário Meira (BA)";"155287"
"2910057";"Dias d'Ávila (BA)";"2377818"
"2910107";"Dom Basílio (BA)";"177243"
"2910206";"Dom Macedo Costa (BA)";"60840"
"2910305";"Elísio Medrado (BA)";"104130"
"2910404";"Encruzilhada (BA)";"254828"
"2910503";"Entre Rios (BA)";"790786"
"2910602";"Esplanada (BA)";"810980"
"2910701";"Euclides da Cunha (BA)";"959548"
"2910727";"Eunápolis (BA)";"4264493"
"2910750";"Fátima (BA)";"298891"
"2910776";"Feira da Mata (BA)";"83140"
"2910800";"Feira de Santana (BA)";"21846455"
"2910859";"Filadélfia (BA)";"201628"
"2910909";"Firmino Alves (BA)";"88592"
"2911006";"Floresta Azul (BA)";"134079"
"2911105";"Formosa do Rio Preto (BA)";"5334933"
"2911204";"Gandu (BA)";"598643"
"2911253";"Gavião (BA)";"64349"
"2911303";"Gentio do Ouro (BA)";"563487"
"2911402";"Glória (BA)";"297615"
"2911501";"Gongogi (BA)";"91564"
"2911600";"Governador Mangabeira (BA)";"284847"
"2911659";"Guajeru (BA)";"86286"
"2911709";"Guanambi (BA)";"2028013"
"2911808";"Guaratinga (BA)";"318837"
"2911857";"Heliópolis (BA)";"170531"
"2911907";"Iaçu (BA)";"309737"
"2912004";"Ibiassucê (BA)";"121230"
"2912103";"Ibicaraí (BA)";"265632"
"2912202";"Ibicoara (BA)";"517754"
"2912301";"Ibicuí (BA)";"224503"
"2912400";"Ibipeba (BA)";"201181"
"2912509";"Ibipitanga (BA)";"155050"
"2912608";"Ibiquera (BA)";"48874"
"2912707";"Ibirapitanga (BA)";"385351"
"2912806";"Ibirapuã (BA)";"486182"
"2912905";"Ibirataia (BA)";"274185"
"2913002";"Ibitiara (BA)";"145140"
"2913101";"Ibititá (BA)";"181670"
"2913200";"Ibotirama (BA)";"544229"
"2913309";"Ichu (BA)";"72148"
"2913408";"Igaporã (BA)";"237186"
"2913457";"Igrapiúna (BA)";"248015"
"2913507";"Iguaí (BA)";"282578"
"2913606";"Ilhéus (BA)";"7234381"
"2913705";"Inhambupe (BA)";"728057"
"2913804";"Ipecaetá (BA)";"141404"
"2913903";"Ipiaú (BA)";"714938"
"2914000";"Ipirá (BA)";"799164"
"2914109";"Ipupiara (BA)";"138064"
"2914208";"Irajuba (BA)";"81310"
"2914307";"Iramaia (BA)";"128688"
"2914406";"Iraquara (BA)";"695113"
"2914505";"Irará (BA)";"385665"
"2914604";"Irecê (BA)";"1963173"
"2914653";"Itabela (BA)";"669663"
"2914703";"Itaberaba (BA)";"1267187"
"2914802";"Itabuna (BA)";"5152367"
"2914901";"Itacaré (BA)";"563115"
"2915007";"Itaeté (BA)";"151142"
"2915106";"Itagi (BA)";"162850"
"2915205";"Itagibá (BA)";"746823"
"2915304";"Itagimirim (BA)";"153619"
"2915353";"Itaguaçu da Bahia (BA)";"173901"
"2915403";"Itaju do Colônia (BA)";"110197"
"2915502";"Itajuípe (BA)";"382795"
"2915601";"Itamaraju (BA)";"1395506"
"2915700";"Itamari (BA)";"118906"
"2915809";"Itambé (BA)";"403898"
"2915908";"Itanagra (BA)";"110577"
"2916005";"Itanhém (BA)";"341096"
"2916104";"Itaparica (BA)";"298514"
"2916203";"Itapé (BA)";"135712"
"2916302";"Itapebi (BA)";"329116"
"2916401";"Itapetinga (BA)";"1938472"
"2916500";"Itapicuru (BA)";"534863"
"2916609";"Itapitanga (BA)";"124199"
"2916708";"Itaquara (BA)";"105758"
"2916807";"Itarantim (BA)";"375540"
"2916856";"Itatim (BA)";"513401"
"2916906";"Itiruçu (BA)";"152011"
"2917003";"Itiúba (BA)";"429678"
"2917102";"Itororó (BA)";"281112"
"2917201";"Ituaçu (BA)";"341991"
"2917300";"Ituberá (BA)";"420873"
"2917334";"Iuiu (BA)";"179353"
"2917359";"Jaborandi (BA)";"1527845"
"2917409";"Jacaraci (BA)";"150696"
"2917508";"Jacobina (BA)";"2030142"
"2917607";"Jaguaquara (BA)";"807069"
"2917706";"Jaguarari (BA)";"805704"
"2917805";"Jaguaripe (BA)";"261121"
"2917904";"Jandaíra (BA)";"217807"
"2918001";"Jequié (BA)";"3882707"
"2918100";"Jeremoabo (BA)";"623856"
"2918209";"Jiquiriçá (BA)";"195943"
"2918308";"Jitaúna (BA)";"253023"
"2918357";"João Dourado (BA)";"347835"
"2918407";"Juazeiro (BA)";"6159604"
"2918456";"Jucuruçu (BA)";"152424"
"2918506";"Jussara (BA)";"151838"
"2918555";"Jussari (BA)";"90404"
"2918605";"Jussiape (BA)";"87228"
"2918704";"Lafaiete Coutinho (BA)";"70953"
"2918753";"Lagoa Real (BA)";"147332"
"2918803";"Laje (BA)";"344541"
"2918902";"Lajedão (BA)";"132126"
"2919009";"Lajedinho (BA)";"66280"
"2919058";"Lajedo do Tabocal (BA)";"102350"
"2919108";"Lamarão (BA)";"83252"
"2919157";"Lapão (BA)";"381812"
"2919207";"Lauro de Freitas (BA)";"8918480"
"2919306";"Lençóis (BA)";"210370"
"2919405";"Licínio de Almeida (BA)";"165212"
"2919504";"Livramento de Nossa Senhora (BA)";"705491"
"2919553";"Luís Eduardo Magalhães (BA)";"11559024"
"2919603";"Macajuba (BA)";"108592"
"2919702";"Macarani (BA)";"269681"
"2919801";"Macaúbas (BA)";"549586"
"2919900";"Macururé (BA)";"80972"
"2919926";"Madre de Deus (BA)";"710438"
"2919959";"Maetinga (BA)";"81860"
"2920007";"Maiquinique (BA)";"210896"
"2920106";"Mairi (BA)";"211982"
"2920205";"Malhada (BA)";"238293"
"2920304";"Malhada de Pedras (BA)";"111365"
"2920403";"Manoel Vitorino (BA)";"165432"
"2920452";"Mansidão (BA)";"117787"
"2920502";"Maracás (BA)";"692349"
"2920601";"Maragogipe (BA)";"479212"
"2920700";"Maraú (BA)";"434712"
"2920809";"Marcionílio Souza (BA)";"119538"
"2920908";"Mascote (BA)";"193317"
"2921005";"Mata de São João (BA)";"1734857"
"2921054";"Matina (BA)";"123261"
"2921104";"Medeiros Neto (BA)";"505592"
"2921203";"Miguel Calmon (BA)";"340200"
"2921302";"Milagres (BA)";"181064"
"2921401";"Mirangaba (BA)";"167191"
"2921450";"Mirante (BA)";"102822"
"2921500";"Monte Santo (BA)";"590805"
"2921609";"Morpará (BA)";"102667"
"2921708";"Morro do Chapéu (BA)";"1565321"
"2921807";"Mortugaba (BA)";"132840"
"2921906";"Mucugê (BA)";"599591"
"2922003";"Mucuri (BA)";"3127407"
"2922052";"Mulungu do Morro (BA)";"283456"
"2922102";"Mundo Novo (BA)";"219477"
"2922201";"Muniz Ferreira (BA)";"86329"
"2922250";"Muquém do São Francisco (BA)";"266937"
"2922300";"Muritiba (BA)";"375977"
"2922409";"Mutuípe (BA)";"511682"
"2922508";"Nazaré (BA)";"463721"
"2922607";"Nilo Peçanha (BA)";"201028"
"2922656";"Nordestina (BA)";"184562"
"2922706";"Nova Canaã (BA)";"227966"
"2922730";"Nova Fátima (BA)";"121799"
"2922755";"Nova Ibiá (BA)";"127888"
"2922805";"Nova Itarana (BA)";"89840"
"2922854";"Nova Redenção (BA)";"93115"
"2922904";"Nova Soure (BA)";"341842"
"2923001";"Nova Viçosa (BA)";"699744"
"2923035";"Novo Horizonte (BA)";"137372"
"2923050";"Novo Triunfo (BA)";"130774"
"2923100";"Olindina (BA)";"296049"
"2923209";"Oliveira dos Brejinhos (BA)";"420124"
"2923308";"Ouriçangas (BA)";"110003"
"2923357";"Ourolândia (BA)";"318032"
"2923407";"Palmas de Monte Alto (BA)";"291639"
"2923506";"Palmeiras (BA)";"153919"
"2923605";"Paramirim (BA)";"310453"
"2923704";"Paratinga (BA)";"327813"
"2923803";"Paripiranga (BA)";"559999"
"2923902";"Pau Brasil (BA)";"135359"
"2924009";"Paulo Afonso (BA)";"4258891"
"2924058";"Pé de Serra (BA)";"166031"
"2924108";"Pedrão (BA)";"68924"
"2924207";"Pedro Alexandre (BA)";"178830"
"2924306";"Piatã (BA)";"220692"
"2924405";"Pilão Arcado (BA)";"367179"
"2924504";"Pindaí (BA)";"285213"
"2924603";"Pindobaçu (BA)";"215103"
"2924652";"Pintadas (BA)";"132345"
"2924678";"Piraí do Norte (BA)";"157001"
"2924702";"Piripá (BA)";"92317"
"2924801";"Piritiba (BA)";"218911"
"2924900";"Planaltino (BA)";"88316"
"2925006";"Planalto (BA)";"324874"
"2925105";"Poções (BA)";"681871"
"2925204";"Pojuca (BA)";"3036559"
"2925253";"Ponto Novo (BA)";"246410"
"2925303";"Porto Seguro (BA)";"5009894"
"2925402";"Potiraguá (BA)";"151243"
"2925501";"Prado (BA)";"776982"
"2925600";"Presidente Dutra (BA)";"167733"
"2925709";"Presidente Jânio Quadros (BA)";"122014"
"2925758";"Presidente Tancredo Neves (BA)";"417933"
"2925808";"Queimadas (BA)";"321603"
"2925907";"Quijingue (BA)";"277904"
"2925931";"Quixabeira (BA)";"117642"
"2925956";"Rafael Jambeiro (BA)";"422266"
"2926004";"Remanso (BA)";"573383"
"2926103";"Retirolândia (BA)";"175548"
"2926202";"Riachão das Neves (BA)";"1896806"
"2926301";"Riachão do Jacuípe (BA)";"565913"
"2926400";"Riacho de Santana (BA)";"406700"
"2926509";"Ribeira do Amparo (BA)";"199747"
"2926608";"Ribeira do Pombal (BA)";"918880"
"2926657";"Ribeirão do Largo (BA)";"134074"
"2926707";"Rio de Contas (BA)";"198436"
"2926806";"Rio do Antônio (BA)";"143762"
"2926905";"Rio do Pires (BA)";"119203"
"2927002";"Rio Real (BA)";"1275892"
"2927101";"Rodelas (BA)";"162518"
"2927200";"Ruy Barbosa (BA)";"537946"
"2927309";"Salinas da Margarida (BA)";"250081"
"2927408";"Salvador (BA)";"76698777"
"2927507";"Santa Bárbara (BA)";"229692"
"2927606";"Santa Brígida (BA)";"161580"
"2927705";"Santa Cruz Cabrália (BA)";"649502"
"2927804";"Santa Cruz da Vitória (BA)";"77737"
"2927903";"Santa Inês (BA)";"113748"
"2928000";"Santaluz (BA)";"678133"
"2928059";"Santa Luzia (BA)";"165145"
"2928109";"Santa Maria da Vitória (BA)";"696761"
"2928208";"Santana (BA)";"426643"
"2928307";"Santanópolis (BA)";"84482"
"2928406";"Santa Rita de Cássia (BA)";"389400"
"2928505";"Santa Terezinha (BA)";"165369"
"2928604";"Santo Amaro (BA)";"1375771"
"2928703";"Santo Antônio de Jesus (BA)";"3028414"
"2928802";"Santo Estêvão (BA)";"1295366"
"2928901";"São Desidério (BA)";"8525862"
"2928950";"São Domingos (BA)";"109020"
"2929008";"São Félix (BA)";"198066"
"2929057";"São Félix do Coribe (BA)";"276484"
"2929107";"São Felipe (BA)";"282891"
"2929206";"São Francisco do Conde (BA)";"26505737"
"2929255";"São Gabriel (BA)";"193553"
"2929305";"São Gonçalo dos Campos (BA)";"1673386"
"2929354";"São José da Vitória (BA)";"71407"
"2929370";"São José do Jacuípe (BA)";"154211"
"2929404";"São Miguel das Matas (BA)";"207568"
"2929503";"São Sebastião do Passé (BA)";"957089"
"2929602";"Sapeaçu (BA)";"343805"
"2929701";"Sátiro Dias (BA)";"352993"
"2929750";"Saubara (BA)";"179572"
"2929800";"Saúde (BA)";"120918"
"2929909";"Seabra (BA)";"861825"
"2930006";"Sebastião Laranjeiras (BA)";"123933"
"2930105";"Senhor do Bonfim (BA)";"1260522"
"2930154";"Serra do Ramalho (BA)";"521086"
"2930204";"Sento Sé (BA)";"1566194"
"2930303";"Serra Dourada (BA)";"261412"
"2930402";"Serra Preta (BA)";"175258"
"2930501";"Serrinha (BA)";"1420689"
"2930600";"Serrolândia (BA)";"153750"
"2930709";"Simões Filho (BA)";"8508321"
"2930758";"Sítio do Mato (BA)";"154008"
"2930766";"Sítio do Quinto (BA)";"168209"
"2930774";"Sobradinho (BA)";"908544"
"2930808";"Souto Soares (BA)";"177203"
"2930907";"Tabocas do Brejo Velho (BA)";"341963"
"2931004";"Tanhaçu (BA)";"315577"
"2931053";"Tanque Novo (BA)";"297435"
"2931103";"Tanquinho (BA)";"83841"
"2931202";"Taperoá (BA)";"254682"
"2931301";"Tapiramutá (BA)";"174265"
"2931350";"Teixeira de Freitas (BA)";"3670771"
"2931400";"Teodoro Sampaio (BA)";"123381"
"2931509";"Teofilândia (BA)";"238098"
"2931608";"Teolândia (BA)";"279612"
"2931707";"Terra Nova (BA)";"164871"
"2931806";"Tremedal (BA)";"172959"
"2931905";"Tucano (BA)";"823511"
"2932002";"Uauá (BA)";"318312"
"2932101";"Ubaíra (BA)";"305087"
"2932200";"Ubaitaba (BA)";"316059"
"2932309";"Ubatã (BA)";"264213"
"2932408";"Uibaí (BA)";"177265"
"2932457";"Umburanas (BA)";"238955"
"2932507";"Una (BA)";"453711"
"2932606";"Urandi (BA)";"232370"
"2932705";"Uruçuca (BA)";"384146"
"2932804";"Utinga (BA)";"297919"
"2932903";"Valença (BA)";"2194454"
"2933000";"Valente (BA)";"350571"
"2933059";"Várzea da Roça (BA)";"152110"
"2933109";"Várzea do Poço (BA)";"154661"
"2933158";"Várzea Nova (BA)";"573060"
"2933174";"Varzedo (BA)";"172935"
"2933208";"Vera Cruz (BA)";"709330"
"2933257";"Vereda (BA)";"116334"
"2933307";"Vitória da Conquista (BA)";"12666571"
"2933406";"Wagner (BA)";"115311"
"2933455";"Wanderley (BA)";"230492"
"2933505";"Wenceslau Guimarães (BA)";"424520"
"2933604";"Xique-Xique (BA)";"780080"
"3100104";"Abadia dos Dourados (MG)";"190397"
"3100203";"Abaeté (MG)";"641971"
"3100302";"Abre Campo (MG)";"331512"
"3100401";"Acaiaca (MG)";"85066"
"3100500";"Açucena (MG)";"172094"
"3100609";"Água Boa (MG)";"235422"
"3100708";"Água Comprida (MG)";"330940"
"3100807";"Aguanil (MG)";"111494"
"3100906";"Águas Formosas (MG)";"362826"
"3101003";"Águas Vermelhas (MG)";"278390"
"3101102";"Aimorés (MG)";"793376"
"3101201";"Aiuruoca (MG)";"154422"
"3101300";"Alagoa (MG)";"63840"
"3101409";"Albertina (MG)";"90906"
"3101508";"Além Paraíba (MG)";"1045759"
"3101607";"Alfenas (MG)";"3669899"
"3101631";"Alfredo Vasconcelos (MG)";"176964"
"3101706";"Almenara (MG)";"813917"
"3101805";"Alpercata (MG)";"112973"
"3101904";"Alpinópolis (MG)";"618618"
"3102001";"Alterosa (MG)";"332256"
"3102050";"Alto Caparaó (MG)";"131678"
"3102100";"Alto Rio Doce (MG)";"222897"
"3102209";"Alvarenga (MG)";"64939"
"3102308";"Alvinópolis (MG)";"402513"
"3102407";"Alvorada de Minas (MG)";"95009"
"3102506";"Amparo do Serra (MG)";"71597"
"3102605";"Andradas (MG)";"1483245"
"3102704";"Cachoeira de Pajeú (MG)";"146445"
"3102803";"Andrelândia (MG)";"340782"
"3102852";"Angelândia (MG)";"193853"
"3102902";"Antônio Carlos (MG)";"412676"
"3103009";"Antônio Dias (MG)";"535451"
"3103108";"Antônio Prado de Minas (MG)";"35792"
"3103207";"Araçaí (MG)";"75709"
"3103306";"Aracitaba (MG)";"40166"
"3103405";"Araçuaí (MG)";"1081893"
"3103504";"Araguari (MG)";"6858534"
"3103603";"Arantina (MG)";"77723"
"3103702";"Araponga (MG)";"143377"
"3103751";"Araporã (MG)";"1209045"
"3103801";"Arapuá (MG)";"249487"
"3103900";"Araújos (MG)";"464947"
"3104007";"Araxá (MG)";"8847240"
"3104106";"Arceburgo (MG)";"460319"
"3104205";"Arcos (MG)";"3058033"
"3104304";"Areado (MG)";"380056"
"3104403";"Argirita (MG)";"51372"
"3104452";"Aricanduva (MG)";"86410"
"3104502";"Arinos (MG)";"544568"
"3104601";"Astolfo Dutra (MG)";"453516"
"3104700";"Ataléia (MG)";"259696"
"3104809";"Augusto de Lima (MG)";"113862"
"3104908";"Baependi (MG)";"451940"
"3105004";"Baldim (MG)";"132125"
"3105103";"Bambuí (MG)";"861016"
"3105202";"Bandeira (MG)";"66317"
"3105301";"Bandeira do Sul (MG)";"113862"
"3105400";"Barão de Cocais (MG)";"1547170"
"3105509";"Barão do Monte Alto (MG)";"73841"
"3105608";"Barbacena (MG)";"4108617"
"3105707";"Barra Longa (MG)";"101736"
"3105905";"Barroso (MG)";"801810"
"3106002";"Bela Vista de Minas (MG)";"407734"
"3106101";"Belmiro Braga (MG)";"79258"
"3106200";"Belo Horizonte (MG)";"130197671"
"3106309";"Belo Oriente (MG)";"2329754"
"3106408";"Belo Vale (MG)";"268616"
"3106507";"Berilo (MG)";"139373"
"3106606";"Bertópolis (MG)";"62780"
"3106655";"Berizal (MG)";"70041"
"3106705";"Betim (MG)";"52614325"
"3106804";"Bias Fortes (MG)";"51305"
"3106903";"Bicas (MG)";"357491"
"3107000";"Biquinhas (MG)";"75634"
"3107109";"Boa Esperança (MG)";"1413664"
"3107208";"Bocaina de Minas (MG)";"105938"
"3107307";"Bocaiúva (MG)";"1435951"
"3107406";"Bom Despacho (MG)";"2193212"
"3107505";"Bom Jardim de Minas (MG)";"152445"
"3107604";"Bom Jesus da Penha (MG)";"203053"
"3107703";"Bom Jesus do Amparo (MG)";"178433"
"3107802";"Bom Jesus do Galho (MG)";"221368"
"3107901";"Bom Repouso (MG)";"209757"
"3108008";"Bom Sucesso (MG)";"468363"
"3108107";"Bonfim (MG)";"142868"
"3108206";"Bonfinópolis de Minas (MG)";"473316"
"3108255";"Bonito de Minas (MG)";"127474"
"3108305";"Borda da Mata (MG)";"465206"
"3108404";"Botelhos (MG)";"346227"
"3108503";"Botumirim (MG)";"85707"
"3108552";"Brasilândia de Minas (MG)";"466969"
"3108602";"Brasília de Minas (MG)";"510728"
"3108701";"Brás Pires (MG)";"60376"
"3108800";"Braúnas (MG)";"224250"
"3108909";"Brazópolis (MG)";"277926"
"3109006";"Brumadinho (MG)";"2845330"
"3109105";"Bueno Brandão (MG)";"256721"
"3109204";"Buenópolis (MG)";"191748"
"3109253";"Bugre (MG)";"56472"
"3109303";"Buritis (MG)";"1446139"
"3109402";"Buritizeiro (MG)";"852046"
"3109451";"Cabeceira Grande (MG)";"529789"
"3109501";"Cabo Verde (MG)";"320280"
"3109600";"Cachoeira da Prata (MG)";"68105"
"3109709";"Cachoeira de Minas (MG)";"609745"
"3109808";"Cachoeira Dourada (MG)";"156900"
"3109907";"Caetanópolis (MG)";"361894"
"3110004";"Caeté (MG)";"1004131"
"3110103";"Caiana (MG)";"103764"
"3110202";"Cajuri (MG)";"128296"
"3110301";"Caldas (MG)";"372574"
"3110400";"Camacho (MG)";"89251"
"3110509";"Camanducaia (MG)";"1318310"
"3110608";"Cambuí (MG)";"2451443"
"3110707";"Cambuquira (MG)";"455159"
"3110806";"Campanário (MG)";"61167"
"3110905";"Campanha (MG)";"561947"
"3111002";"Campestre (MG)";"564549"
"3111101";"Campina Verde (MG)";"677668"
"3111150";"Campo Azul (MG)";"52497"
"3111200";"Campo Belo (MG)";"1458096"
"3111309";"Campo do Meio (MG)";"244375"
"3111408";"Campo Florido (MG)";"1054872"
"3111507";"Campos Altos (MG)";"524859"
"3111606";"Campos Gerais (MG)";"841150"
"3111705";"Canaã (MG)";"102039"
"3111804";"Canápolis (MG)";"937761"
"3111903";"Cana Verde (MG)";"95423"
"3112000";"Candeias (MG)";"442692"
"3112059";"Cantagalo (MG)";"63289"
"3112109";"Caparaó (MG)";"129596"
"3112208";"Capela Nova (MG)";"70184"
"3112307";"Capelinha (MG)";"1111827"
"3112406";"Capetinga (MG)";"233338"
"3112505";"Capim Branco (MG)";"179521"
"3112604";"Capinópolis (MG)";"861974"
"3112653";"Capitão Andrade (MG)";"71144"
"3112703";"Capitão Enéas (MG)";"580398"
"3112802";"Capitólio (MG)";"443829"
"3112901";"Caputira (MG)";"196872"
"3113008";"Caraí (MG)";"273823"
"3113107";"Caranaíba (MG)";"49306"
"3113206";"Carandaí (MG)";"883369"
"3113305";"Carangola (MG)";"780303"
"3113404";"Caratinga (MG)";"2871549"
"3113503";"Carbonita (MG)";"199922"
"3113602";"Careaçu (MG)";"199576"
"3113701";"Carlos Chagas (MG)";"629832"
"3113800";"Carmésia (MG)";"45529"
"3113909";"Carmo da Cachoeira (MG)";"367738"
"3114006";"Carmo da Mata (MG)";"315082"
"3114105";"Carmo de Minas (MG)";"330268"
"3114204";"Carmo do Cajuru (MG)";"779793"
"3114303";"Carmo do Paranaíba (MG)";"1195269"
"3114402";"Carmo do Rio Claro (MG)";"843687"
"3114501";"Carmópolis de Minas (MG)";"541381"
"3114550";"Carneirinho (MG)";"684512"
"3114600";"Carrancas (MG)";"174307"
"3114709";"Carvalhópolis (MG)";"86224"
"3114808";"Carvalhos (MG)";"103816"
"3114907";"Casa Grande (MG)";"81954"
"3115003";"Cascalho Rico (MG)";"101297"
"3115102";"Cássia (MG)";"519892"
"3115201";"Conceição da Barra de Minas (MG)";"87501"
"3115300";"Cataguases (MG)";"2139616"
"3115359";"Catas Altas (MG)";"1779684"
"3115409";"Catas Altas da Noruega (MG)";"51640"
"3115458";"Catuji (MG)";"109880"
"3115474";"Catuti (MG)";"70828"
"3115508";"Caxambu (MG)";"464911"
"3115607";"Cedro do Abaeté (MG)";"27975"
"3115706";"Central de Minas (MG)";"100034"
"3115805";"Centralina (MG)";"448883"
"3115904";"Chácara (MG)";"62304"
"3116001";"Chalé (MG)";"139736"
"3116100";"Chapada do Norte (MG)";"121416"
"3116159";"Chapada Gaúcha (MG)";"581137"
"3116209";"Chiador (MG)";"47110"
"3116308";"Cipotânea (MG)";"80891"
"3116407";"Claraval (MG)";"261983"
"3116506";"Claro dos Poções (MG)";"113053"
"3116605";"Cláudio (MG)";"1426310"
"3116704";"Coimbra (MG)";"149609"
"3116803";"Coluna (MG)";"134748"
"3116902";"Comendador Gomes (MG)";"225390"
"3117009";"Comercinho (MG)";"84176"
"3117108";"Conceição da Aparecida (MG)";"325806"
"3117207";"Conceição das Pedras (MG)";"78790"
"3117306";"Conceição das Alagoas (MG)";"1782238"
"3117405";"Conceição de Ipanema (MG)";"91447"
"3117504";"Conceição do Mato Dentro (MG)";"3194401"
"3117603";"Conceição do Pará (MG)";"313543"
"3117702";"Conceição do Rio Verde (MG)";"352054"
"3117801";"Conceição dos Ouros (MG)";"308533"
"3117836";"Cônego Marinho (MG)";"78705"
"3117876";"Confins (MG)";"1617017"
"3117900";"Congonhal (MG)";"274057"
"3118007";"Congonhas (MG)";"7693794"
"3118106";"Congonhas do Norte (MG)";"63889"
"3118205";"Conquista (MG)";"671619"
"3118304";"Conselheiro Lafaiete (MG)";"3482648"
"3118403";"Conselheiro Pena (MG)";"500871"
"3118502";"Consolação (MG)";"36259"
"3118601";"Contagem (MG)";"45092393"
"3118700";"Coqueiral (MG)";"279820"
"3118809";"Coração de Jesus (MG)";"357956"
"3118908";"Cordisburgo (MG)";"164132"
"3119005";"Cordislândia (MG)";"131187"
"3119104";"Corinto (MG)";"546844"
"3119203";"Coroaci (MG)";"160041"
"3119302";"Coromandel (MG)";"2051785"
"3119401";"Coronel Fabriciano (MG)";"2387846"
"3119500";"Coronel Murta (MG)";"116044"
"3119609";"Coronel Pacheco (MG)";"72440"
"3119708";"Coronel Xavier Chaves (MG)";"89841"
"3119807";"Córrego Danta (MG)";"181310"
"3119906";"Córrego do Bom Jesus (MG)";"65483"
"3119955";"Córrego Fundo (MG)";"508108"
"3120003";"Córrego Novo (MG)";"63742"
"3120102";"Couto de Magalhães de Minas (MG)";"76758"
"3120151";"Crisólita (MG)";"92302"
"3120201";"Cristais (MG)";"343069"
"3120300";"Cristália (MG)";"74447"
"3120409";"Cristiano Otoni (MG)";"168668"
"3120508";"Cristina (MG)";"316773"
"3120607";"Crucilândia (MG)";"100692"
"3120706";"Cruzeiro da Fortaleza (MG)";"183246"
"3120805";"Cruzília (MG)";"421201"
"3120839";"Cuparaque (MG)";"83623"
"3120870";"Curral de Dentro (MG)";"94747"
"3120904";"Curvelo (MG)";"2706326"
"3121001";"Datas (MG)";"88055"
"3121100";"Delfim Moreira (MG)";"141824"
"3121209";"Delfinópolis (MG)";"355640"
"3121258";"Delta (MG)";"708459"
"3121308";"Descoberto (MG)";"116298"
"3121407";"Desterro de Entre Rios (MG)";"249745"
"3121506";"Desterro do Melo (MG)";"62041"
"3121605";"Diamantina (MG)";"1201221"
"3121704";"Diogo de Vasconcelos (MG)";"55355"
"3121803";"Dionísio (MG)";"104803"
"3121902";"Divinésia (MG)";"87003"
"3122009";"Divino (MG)";"442810"
"3122108";"Divino das Laranjeiras (MG)";"70321"
"3122207";"Divinolândia de Minas (MG)";"91614"
"3122306";"Divinópolis (MG)";"9339332"
"3122355";"Divisa Alegre (MG)";"216686"
"3122405";"Divisa Nova (MG)";"157089"
"3122454";"Divisópolis (MG)";"118503"
"3122470";"Dom Bosco (MG)";"85437"
"3122504";"Dom Cavati (MG)";"85391"
"3122603";"Dom Joaquim (MG)";"81864"
"3122702";"Dom Silvério (MG)";"128826"
"3122801";"Dom Viçoso (MG)";"50704"
"3122900";"Dona Euzébia (MG)";"126627"
"3123007";"Dores de Campos (MG)";"485977"
"3123106";"Dores de Guanhães (MG)";"190470"
"3123205";"Dores do Indaiá (MG)";"398845"
"3123304";"Dores do Turvo (MG)";"76798"
"3123403";"Doresópolis (MG)";"134727"
"3123502";"Douradoquara (MG)";"88741"
"3123528";"Durandé (MG)";"154213"
"3123601";"Elói Mendes (MG)";"948342"
"3123700";"Engenheiro Caldas (MG)";"188885"
"3123809";"Engenheiro Navarro (MG)";"116459"
"3123858";"Entre Folhas (MG)";"82275"
"3123908";"Entre Rios de Minas (MG)";"417307"
"3124005";"Ervália (MG)";"576909"
"3124104";"Esmeraldas (MG)";"1314691"
"3124203";"Espera Feliz (MG)";"570799"
"3124302";"Espinosa (MG)";"472197"
"3124401";"Espírito Santo do Dourado (MG)";"151056"
"3124500";"Estiva (MG)";"572584"
"3124609";"Estrela Dalva (MG)";"51736"
"3124708";"Estrela do Indaiá (MG)";"163896"
"3124807";"Estrela do Sul (MG)";"458303"
"3124906";"Eugenópolis (MG)";"243155"
"3125002";"Ewbank da Câmara (MG)";"71576"
"3125101";"Extrema (MG)";"20204999"
"3125200";"Fama (MG)";"68126"
"3125309";"Faria Lemos (MG)";"79466"
"3125408";"Felício dos Santos (MG)";"90314"
"3125507";"São Gonçalo do Rio Preto (MG)";"59522"
"3125606";"Felisburgo (MG)";"91368"
"3125705";"Felixlândia (MG)";"315867"
"3125804";"Fernandes Tourinho (MG)";"55720"
"3125903";"Ferros (MG)";"163549"
"3125952";"Fervedouro (MG)";"184762"
"3126000";"Florestal (MG)";"182909"
"3126109";"Formiga (MG)";"2969264"
"3126208";"Formoso (MG)";"536208"
"3126307";"Fortaleza de Minas (MG)";"98575"
"3126406";"Fortuna de Minas (MG)";"70961"
"3126505";"Francisco Badaró (MG)";"91212"
"3126604";"Francisco Dumont (MG)";"106412"
"3126703";"Francisco Sá (MG)";"532918"
"3126752";"Franciscópolis (MG)";"95098"
"3126802";"Frei Gaspar (MG)";"91083"
"3126901";"Frei Inocêncio (MG)";"173509"
"3126950";"Frei Lagonegro (MG)";"50933"
"3127008";"Fronteira (MG)";"1090434"
"3127057";"Fronteira dos Vales (MG)";"57796"
"3127073";"Fruta de Leite (MG)";"57437"
"3127107";"Frutal (MG)";"4026769"
"3127206";"Funilândia (MG)";"111148"
"3127305";"Galiléia (MG)";"126802"
"3127339";"Gameleiras (MG)";"74869"
"3127354";"Glaucilândia (MG)";"55390"
"3127370";"Goiabeira (MG)";"57042"
"3127388";"Goianá (MG)";"104454"
"3127404";"Gonçalves (MG)";"124200"
"3127503";"Gonzaga (MG)";"92850"
"3127602";"Gouveia (MG)";"205957"
"3127701";"Governador Valadares (MG)";"8612266"
"3127800";"Grão Mogol (MG)";"817459"
"3127909";"Grupiara (MG)";"51558"
"3128006";"Guanhães (MG)";"1284432"
"3128105";"Guapé (MG)";"499822"
"3128204";"Guaraciaba (MG)";"132454"
"3128253";"Guaraciama (MG)";"83745"
"3128303";"Guaranésia (MG)";"811249"
"3128402";"Guarani (MG)";"226180"
"3128501";"Guarará (MG)";"72283"
"3128600";"Guarda-Mor (MG)";"889875"
"3128709";"Guaxupé (MG)";"2431560"
"3128808";"Guidoval (MG)";"134343"
"3128907";"Guimarânia (MG)";"359324"
"3129004";"Guiricema (MG)";"135880"
"3129103";"Gurinhatã (MG)";"238368"
"3129202";"Heliodora (MG)";"156943"
"3129301";"Iapu (MG)";"206569"
"3129400";"Ibertioga (MG)";"120875"
"3129509";"Ibiá (MG)";"1701475"
"3129608";"Ibiaí (MG)";"123724"
"3129657";"Ibiracatu (MG)";"62188"
"3129707";"Ibiraci (MG)";"895829"
"3129806";"Ibirité (MG)";"3235632"
"3129905";"Ibitiúra de Minas (MG)";"75924"
"3130002";"Ibituruna (MG)";"72846"
"3130051";"Icaraí de Minas (MG)";"126584"
"3130101";"Igarapé (MG)";"1401824"
"3130200";"Igaratinga (MG)";"831527"
"3130309";"Iguatama (MG)";"569669"
"3130408";"Ijaci (MG)";"601865"
"3130507";"Ilicínea (MG)";"314565"
"3130556";"Imbé de Minas (MG)";"129945"
"3130606";"Inconfidentes (MG)";"175313"
"3130655";"Indaiabira (MG)";"96825"
"3130705";"Indianópolis (MG)";"2150117"
"3130804";"Ingaí (MG)";"163203"
"3130903";"Inhapim (MG)";"543260"
"3131000";"Inhaúma (MG)";"157760"
"3131109";"Inimutaba (MG)";"109322"
"3131158";"Ipaba (MG)";"225485"
"3131208";"Ipanema (MG)";"423411"
"3131307";"Ipatinga (MG)";"16870239"
"3131406";"Ipiaçu (MG)";"230521"
"3131505";"Ipuiúna (MG)";"223413"
"3131604";"Iraí de Minas (MG)";"455214"
"3131703";"Itabira (MG)";"7434200"
"3131802";"Itabirinha (MG)";"182487"
"3131901";"Itabirito (MG)";"7160444"
"3132008";"Itacambira (MG)";"72423"
"3132107";"Itacarambi (MG)";"292850"
"3132206";"Itaguara (MG)";"466010"
"3132305";"Itaipé (MG)";"143639"
"3132404";"Itajubá (MG)";"4497959"
"3132503";"Itamarandiba (MG)";"669900"
"3132602";"Itamarati de Minas (MG)";"73660"
"3132701";"Itambacuri (MG)";"415055"
"3132800";"Itambé do Mato Dentro (MG)";"43138"
"3132909";"Itamogi (MG)";"348467"
"3133006";"Itamonte (MG)";"1087903"
"3133105";"Itanhandu (MG)";"649276"
"3133204";"Itanhomi (MG)";"178778"
"3133303";"Itaobim (MG)";"375952"
"3133402";"Itapagipe (MG)";"714872"
"3133501";"Itapecerica (MG)";"665952"
"3133600";"Itapeva (MG)";"1698907"
"3133709";"Itatiaiuçu (MG)";"2434575"
"3133758";"Itaú de Minas (MG)";"899163"
"3133808";"Itaúna (MG)";"4975969"
"3133907";"Itaverava (MG)";"83986"
"3134004";"Itinga (MG)";"283613"
"3134103";"Itueta (MG)";"163923"
"3134202";"Ituiutaba (MG)";"4975265"
"3134301";"Itumirim (MG)";"110967"
"3134400";"Iturama (MG)";"2864935"
"3134509";"Itutinga (MG)";"221742"
"3134608";"Jaboticatubas (MG)";"373789"
"3134707";"Jacinto (MG)";"159690"
"3134806";"Jacuí (MG)";"186299"
"3134905";"Jacutinga (MG)";"1708890"
"3135001";"Jaguaraçu (MG)";"157329"
"3135050";"Jaíba (MG)";"969914"
"3135076";"Jampruca (MG)";"84853"
"3135100";"Janaúba (MG)";"1965161"
"3135209";"Januária (MG)";"1040489"
"3135308";"Japaraíba (MG)";"126375"
"3135357";"Japonvar (MG)";"100136"
"3135407";"Jeceaba (MG)";"1689755"
"3135456";"Jenipapo de Minas (MG)";"87874"
"3135506";"Jequeri (MG)";"245642"
"3135605";"Jequitaí (MG)";"157284"
"3135704";"Jequitibá (MG)";"161753"
"3135803";"Jequitinhonha (MG)";"383948"
"3135902";"Jesuânia (MG)";"113093"
"3136009";"Joaíma (MG)";"211126"
"3136108";"Joanésia (MG)";"120064"
"3136207";"João Monlevade (MG)";"4286349"
"3136306";"João Pinheiro (MG)";"2562732"
"3136405";"Joaquim Felício (MG)";"83620"
"3136504";"Jordânia (MG)";"129429"
"3136520";"José Gonçalves de Minas (MG)";"62251"
"3136553";"José Raydan (MG)";"113810"
"3136579";"Josenópolis (MG)";"59635"
"3136603";"Nova União (MG)";"147089"
"3136652";"Juatuba (MG)";"2124349"
"3136702";"Juiz de Fora (MG)";"23271627"
"3136801";"Juramento (MG)";"63719"
"3136900";"Juruaia (MG)";"303328"
"3136959";"Juvenília (MG)";"89871"
"3137007";"Ladainha (MG)";"168094"
"3137106";"Lagamar (MG)";"265409"
"3137205";"Lagoa da Prata (MG)";"2471545"
"3137304";"Lagoa dos Patos (MG)";"65868"
"3137403";"Lagoa Dourada (MG)";"376999"
"3137502";"Lagoa Formosa (MG)";"713683"
"3137536";"Lagoa Grande (MG)";"312254"
"3137601";"Lagoa Santa (MG)";"2825380"
"3137700";"Lajinha (MG)";"508139"
"3137809";"Lambari (MG)";"538928"
"3137908";"Lamim (MG)";"66918"
"3138005";"Laranjal (MG)";"116195"
"3138104";"Lassance (MG)";"231342"
"3138203";"Lavras (MG)";"3916682"
"3138302";"Leandro Ferreira (MG)";"67066"
"3138351";"Leme do Prado (MG)";"73646"
"3138401";"Leopoldina (MG)";"1344583"
"3138500";"Liberdade (MG)";"117803"
"3138609";"Lima Duarte (MG)";"432497"
"3138625";"Limeira do Oeste (MG)";"775261"
"3138658";"Lontra (MG)";"110763"
"3138674";"Luisburgo (MG)";"155370"
"3138682";"Luislândia (MG)";"82468"
"3138708";"Luminárias (MG)";"166134"
"3138807";"Luz (MG)";"863686"
"3138906";"Machacalis (MG)";"136850"
"3139003";"Machado (MG)";"1406358"
"3139102";"Madre de Deus de Minas (MG)";"408511"
"3139201";"Malacacheta (MG)";"272762"
"3139250";"Mamonas (MG)";"79983"
"3139300";"Manga (MG)";"315779"
"3139409";"Manhuaçu (MG)";"3710638"
"3139508";"Manhumirim (MG)";"587887"
"3139607";"Mantena (MG)";"610897"
"3139706";"Maravilhas (MG)";"243502"
"3139805";"Mar de Espanha (MG)";"288911"
"3139904";"Maria da Fé (MG)";"273430"
"3140001";"Mariana (MG)";"4656946"
"3140100";"Marilac (MG)";"75214"
"3140159";"Mário Campos (MG)";"240477"
"3140209";"Maripá de Minas (MG)";"111015"
"3140308";"Marliéria (MG)";"67779"
"3140407";"Marmelópolis (MG)";"61730"
"3140506";"Martinho Campos (MG)";"584258"
"3140530";"Martins Soares (MG)";"298805"
"3140555";"Mata Verde (MG)";"112644"
"3140605";"Materlândia (MG)";"76740"
"3140704";"Mateus Leme (MG)";"1095994"
"3140803";"Matias Barbosa (MG)";"879159"
"3140852";"Matias Cardoso (MG)";"200579"
"3140902";"Matipó (MG)";"482096"
"3141009";"Mato Verde (MG)";"229089"
"3141108";"Matozinhos (MG)";"1895426"
"3141207";"Matutina (MG)";"128623"
"3141306";"Medeiros (MG)";"273185"
"3141405";"Medina (MG)";"330715"
"3141504";"Mendes Pimentel (MG)";"98141"
"3141603";"Mercês (MG)";"189388"
"3141702";"Mesquita (MG)";"73562"
"3141801";"Minas Novas (MG)";"412128"
"3141900";"Minduri (MG)";"199019"
"3142007";"Mirabela (MG)";"193762"
"3142106";"Miradouro (MG)";"206069"
"3142205";"Miraí (MG)";"368817"
"3142254";"Miravânia (MG)";"57919"
"3142304";"Moeda (MG)";"104132"
"3142403";"Moema (MG)";"160124"
"3142502";"Monjolos (MG)";"41815"
"3142601";"Monsenhor Paulo (MG)";"280175"
"3142700";"Montalvânia (MG)";"206964"
"3142809";"Monte Alegre de Minas (MG)";"903721"
"3142908";"Monte Azul (MG)";"325958"
"3143005";"Monte Belo (MG)";"486081"
"3143104";"Monte Carmelo (MG)";"1957161"
"3143153";"Monte Formoso (MG)";"52678"
"3143203";"Monte Santo de Minas (MG)";"632535"
"3143302";"Montes Claros (MG)";"13326239"
"3143401";"Monte Sião (MG)";"723678"
"3143450";"Montezuma (MG)";"104692"
"3143500";"Morada Nova de Minas (MG)";"570683"
"3143609";"Morro da Garça (MG)";"62850"
"3143708";"Morro do Pilar (MG)";"56083"
"3143807";"Munhoz (MG)";"159929"
"3143906";"Muriaé (MG)";"3211391"
"3144003";"Mutum (MG)";"662869"
"3144102";"Muzambinho (MG)";"742833"
"3144201";"Nacip Raydan (MG)";"40636"
"3144300";"Nanuque (MG)";"1074889"
"3144359";"Naque (MG)";"108081"
"3144375";"Natalândia (MG)";"92799"
"3144409";"Natércia (MG)";"133965"
"3144508";"Nazareno (MG)";"826959"
"3144607";"Nepomuceno (MG)";"757417"
"3144656";"Ninheira (MG)";"166816"
"3144672";"Nova Belém (MG)";"133538"
"3144706";"Nova Era (MG)";"480775"
"3144805";"Nova Lima (MG)";"12447551"
"3144904";"Nova Módica (MG)";"71916"
"3145000";"Nova Ponte (MG)";"1581648"
"3145059";"Nova Porteirinha (MG)";"158901"
"3145109";"Nova Resende (MG)";"492956"
"3145208";"Nova Serrana (MG)";"3936358"
"3145307";"Novo Cruzeiro (MG)";"416700"
"3145356";"Novo Oriente de Minas (MG)";"150989"
"3145372";"Novorizonte (MG)";"92594"
"3145406";"Olaria (MG)";"44676"
"3145455";"Olhos-d'Água (MG)";"204857"
"3145505";"Olímpio Noronha (MG)";"55156"
"3145604";"Oliveira (MG)";"1463237"
"3145703";"Oliveira Fortes (MG)";"44412"
"3145802";"Onça de Pitangui (MG)";"82367"
"3145851";"Oratórios (MG)";"84109"
"3145877";"Orizânia (MG)";"146988"
"3145901";"Ouro Branco (MG)";"4310767"
"3146008";"Ouro Fino (MG)";"1223791"
"3146107";"Ouro Preto (MG)";"6765810"
"3146206";"Ouro Verde de Minas (MG)";"87363"
"3146255";"Padre Carvalho (MG)";"68448"
"3146305";"Padre Paraíso (MG)";"254681"
"3146404";"Paineiras (MG)";"98947"
"3146503";"Pains (MG)";"676496"
"3146552";"Pai Pedro (MG)";"73623"
"3146602";"Paiva (MG)";"33859"
"3146701";"Palma (MG)";"114459"
"3146750";"Palmópolis (MG)";"82988"
"3146909";"Papagaios (MG)";"378421"
"3147006";"Paracatu (MG)";"6798922"
"3147105";"Pará de Minas (MG)";"5161430"
"3147204";"Paraguaçu (MG)";"801200"
"3147303";"Paraisópolis (MG)";"769516"
"3147402";"Paraopeba (MG)";"1108133"
"3147501";"Passabém (MG)";"30002"
"3147600";"Passa Quatro (MG)";"739447"
"3147709";"Passa Tempo (MG)";"310555"
"3147808";"Passa Vinte (MG)";"47565"
"3147907";"Passos (MG)";"4080106"
"3147956";"Patis (MG)";"61642"
"3148004";"Patos de Minas (MG)";"8151369"
"3148103";"Patrocínio (MG)";"4895785"
"3148202";"Patrocínio do Muriaé (MG)";"152118"
"3148301";"Paula Cândido (MG)";"143373"
"3148400";"Paulistas (MG)";"80481"
"3148509";"Pavão (MG)";"111033"
"3148608";"Peçanha (MG)";"293485"
"3148707";"Pedra Azul (MG)";"428870"
"3148756";"Pedra Bonita (MG)";"124988"
"3148806";"Pedra do Anta (MG)";"65218"
"3148905";"Pedra do Indaiá (MG)";"133810"
"3149002";"Pedra Dourada (MG)";"65492"
"3149101";"Pedralva (MG)";"221497"
"3149150";"Pedras de Maria da Cruz (MG)";"132256"
"3149200";"Pedrinópolis (MG)";"333527"
"3149309";"Pedro Leopoldo (MG)";"2514377"
"3149408";"Pedro Teixeira (MG)";"37357"
"3149507";"Pequeri (MG)";"78666"
"3149606";"Pequi (MG)";"103925"
"3149705";"Perdigão (MG)";"378766"
"3149804";"Perdizes (MG)";"2577884"
"3149903";"Perdões (MG)";"811684"
"3149952";"Periquito (MG)";"119988"
"3150000";"Pescador (MG)";"57197"
"3150109";"Piau (MG)";"114475"
"3150158";"Piedade de Caratinga (MG)";"214395"
"3150208";"Piedade de Ponte Nova (MG)";"76207"
"3150307";"Piedade do Rio Grande (MG)";"135158"
"3150406";"Piedade dos Gerais (MG)";"128442"
"3150505";"Pimenta (MG)";"314466"
"3150539";"Pingo-d'Água (MG)";"70142"
"3150570";"Pintópolis (MG)";"94230"
"3150604";"Piracema (MG)";"248565"
"3150703";"Pirajuba (MG)";"639003"
"3150802";"Piranga (MG)";"253176"
"3150901";"Piranguçu (MG)";"118615"
"3151008";"Piranguinho (MG)";"171573"
"3151107";"Pirapetinga (MG)";"707928"
"3151206";"Pirapora (MG)";"3361259"
"3151305";"Piraúba (MG)";"246401"
"3151404";"Pitangui (MG)";"702867"
"3151503";"Piumhi (MG)";"1568574"
"3151602";"Planura (MG)";"843201"
"3151701";"Poço Fundo (MG)";"548879"
"3151800";"Poços de Caldas (MG)";"10732908"
"3151909";"Pocrane (MG)";"151974"
"3152006";"Pompéu (MG)";"1229908"
"3152105";"Ponte Nova (MG)";"2594059"
"3152131";"Ponto Chique (MG)";"63931"
"3152170";"Ponto dos Volantes (MG)";"149416"
"3152204";"Porteirinha (MG)";"625525"
"3152303";"Porto Firme (MG)";"151759"
"3152402";"Poté (MG)";"213766"
"3152501";"Pouso Alegre (MG)";"14201206"
"3152600";"Pouso Alto (MG)";"542609"
"3152709";"Prados (MG)";"257819"
"3152808";"Prata (MG)";"1702675"
"3152907";"Pratápolis (MG)";"249604"
"3153004";"Pratinha (MG)";"230172"
"3153103";"Presidente Bernardes (MG)";"80596"
"3153202";"Presidente Juscelino (MG)";"62647"
"3153301";"Presidente Kubitschek (MG)";"45373"
"3153400";"Presidente Olegário (MG)";"904883"
"3153509";"Alto Jequitibá (MG)";"160653"
"3153608";"Prudente de Morais (MG)";"333022"
"3153707";"Quartel Geral (MG)";"89894"
"3153806";"Queluzito (MG)";"51169"
"3153905";"Raposos (MG)";"232669"
"3154002";"Raul Soares (MG)";"497923"
"3154101";"Recreio (MG)";"152511"
"3154150";"Reduto (MG)";"131257"
"3154200";"Resende Costa (MG)";"243888"
"3154309";"Resplendor (MG)";"376309"
"3154408";"Ressaquinha (MG)";"507032"
"3154457";"Riachinho (MG)";"187878"
"3154507";"Riacho dos Machados (MG)";"301730"
"3154606";"Ribeirão das Neves (MG)";"6336695"
"3154705";"Ribeirão Vermelho (MG)";"132863"
"3154804";"Rio Acima (MG)";"260362"
"3154903";"Rio Casca (MG)";"277814"
"3155009";"Rio Doce (MG)";"107641"
"3155108";"Rio do Prado (MG)";"68107"
"3155207";"Rio Espera (MG)";"75489"
"3155306";"Rio Manso (MG)";"138279"
"3155405";"Rio Novo (MG)";"143556"
"3155504";"Rio Paranaíba (MG)";"1148101"
"3155603";"Rio Pardo de Minas (MG)";"404312"
"3155702";"Rio Piracicaba (MG)";"270261"
"3155801";"Rio Pomba (MG)";"574081"
"3155900";"Rio Preto (MG)";"82690"
"3156007";"Rio Vermelho (MG)";"177450"
"3156106";"Ritápolis (MG)";"124811"
"3156205";"Rochedo de Minas (MG)";"187591"
"3156304";"Rodeiro (MG)";"704898"
"3156403";"Romaria (MG)";"288148"
"3156452";"Rosário da Limeira (MG)";"90798"
"3156502";"Rubelita (MG)";"85775"
"3156601";"Rubim (MG)";"139214"
"3156700";"Sabará (MG)";"3837192"
"3156809";"Sabinópolis (MG)";"415038"
"3156908";"Sacramento (MG)";"2387150"
"3157005";"Salinas (MG)";"903694"
"3157104";"Salto da Divisa (MG)";"118710"
"3157203";"Santa Bárbara (MG)";"1019088"
"3157252";"Santa Bárbara do Leste (MG)";"153222"
"3157278";"Santa Bárbara do Monte Verde (MG)";"71438"
"3157302";"Santa Bárbara do Tugúrio (MG)";"78007"
"3157336";"Santa Cruz de Minas (MG)";"154995"
"3157377";"Santa Cruz de Salinas (MG)";"59169"
"3157401";"Santa Cruz do Escalvado (MG)";"90331"
"3157500";"Santa Efigênia de Minas (MG)";"58652"
"3157609";"Santa Fé de Minas (MG)";"70867"
"3157658";"Santa Helena de Minas (MG)";"69029"
"3157708";"Santa Juliana (MG)";"912073"
"3157807";"Santa Luzia (MG)";"6608097"
"3157906";"Santa Margarida (MG)";"497578"
"3158003";"Santa Maria de Itabira (MG)";"327050"
"3158102";"Santa Maria do Salto (MG)";"60852"
"3158201";"Santa Maria do Suaçuí (MG)";"223266"
"3158300";"Santana da Vargem (MG)";"258303"
"3158409";"Santana de Cataguases (MG)";"61153"
"3158508";"Santana de Pirapama (MG)";"135533"
"3158607";"Santana do Deserto (MG)";"84574"
"3158706";"Santana do Garambéu (MG)";"48322"
"3158805";"Santana do Jacaré (MG)";"129242"
"3158904";"Santana do Manhuaçu (MG)";"227887"
"3158953";"Santana do Paraíso (MG)";"1250978"
"3159001";"Santana do Riacho (MG)";"139841"
"3159100";"Santana dos Montes (MG)";"64537"
"3159209";"Santa Rita de Caldas (MG)";"249061"
"3159308";"Santa Rita de Jacutinga (MG)";"87242"
"3159357";"Santa Rita de Minas (MG)";"208456"
"3159407";"Santa Rita de Ibitipoca (MG)";"72264"
"3159506";"Santa Rita do Itueto (MG)";"233545"
"3159605";"Santa Rita do Sapucaí (MG)";"2514298"
"3159704";"Santa Rosa da Serra (MG)";"119336"
"3159803";"Santa Vitória (MG)";"1006615"
"3159902";"Santo Antônio do Amparo (MG)";"477372"
"3160009";"Santo Antônio do Aventureiro (MG)";"79245"
"3160108";"Santo Antônio do Grama (MG)";"102566"
"3160207";"Santo Antônio do Itambé (MG)";"59343"
"3160306";"Santo Antônio do Jacinto (MG)";"131044"
"3160405";"Santo Antônio do Monte (MG)";"942155"
"3160454";"Santo Antônio do Retiro (MG)";"84684"
"3160504";"Santo Antônio do Rio Abaixo (MG)";"38142"
"3160603";"Santo Hipólito (MG)";"71685"
"3160702";"Santos Dumont (MG)";"1259406"
"3160801";"São Bento Abade (MG)";"96683"
"3160900";"São Brás do Suaçuí (MG)";"100032"
"3160959";"São Domingos das Dores (MG)";"120618"
"3161007";"São Domingos do Prata (MG)";"402896"
"3161056";"São Félix de Minas (MG)";"59108"
"3161106";"São Francisco (MG)";"859289"
"3161205";"São Francisco de Paula (MG)";"231806"
"3161304";"São Francisco de Sales (MG)";"249352"
"3161403";"São Francisco do Glória (MG)";"89843"
"3161502";"São Geraldo (MG)";"351897"
"3161601";"São Geraldo da Piedade (MG)";"53463"
"3161650";"São Geraldo do Baixio (MG)";"56811"
"3161700";"São Gonçalo do Abaeté (MG)";"376329"
"3161809";"São Gonçalo do Pará (MG)";"380221"
"3161908";"São Gonçalo do Rio Abaixo (MG)";"3766222"
"3162005";"São Gonçalo do Sapucaí (MG)";"1189277"
"3162104";"São Gotardo (MG)";"1555361"
"3162203";"São João Batista do Glória (MG)";"294819"
"3162252";"São João da Lagoa (MG)";"73610"
"3162302";"São João da Mata (MG)";"65323"
"3162401";"São João da Ponte (MG)";"358301"
"3162450";"São João das Missões (MG)";"119038"
"3162500";"São João del Rei (MG)";"3505346"
"3162559";"São João do Manhuaçu (MG)";"245232"
"3162575";"São João do Manteninha (MG)";"92757"
"3162609";"São João do Oriente (MG)";"129881"
"3162658";"São João do Pacuí (MG)";"52787"
"3162708";"São João do Paraíso (MG)";"343637"
"3162807";"São João Evangelista (MG)";"292736"
"3162906";"São João Nepomuceno (MG)";"672478"
"3162922";"São Joaquim de Bicas (MG)";"1065144"
"3162948";"São José da Barra (MG)";"911245"
"3162955";"São José da Lapa (MG)";"1026319"
"3163003";"São José da Safira (MG)";"53062"
"3163102";"São José da Varginha (MG)";"136884"
"3163201";"São José do Alegre (MG)";"78981"
"3163300";"São José do Divino (MG)";"60348"
"3163409";"São José do Goiabal (MG)";"87323"
"3163508";"São José do Jacuri (MG)";"157541"
"3163607";"São José do Mantimento (MG)";"56992"
"3163706";"São Lourenço (MG)";"1412020"
"3163805";"São Miguel do Anta (MG)";"129740"
"3163904";"São Pedro da União (MG)";"157484"
"3164001";"São Pedro dos Ferros (MG)";"160626"
"3164100";"São Pedro do Suaçuí (MG)";"117362"
"3164209";"São Romão (MG)";"228105"
"3164308";"São Roque de Minas (MG)";"424172"
"3164407";"São Sebastião da Bela Vista (MG)";"718487"
"3164431";"São Sebastião da Vargem Alegre (MG)";"64187"
"3164472";"São Sebastião do Anta (MG)";"128460"
"3164506";"São Sebastião do Maranhão (MG)";"126120"
"3164605";"São Sebastião do Oeste (MG)";"882568"
"3164704";"São Sebastião do Paraíso (MG)";"2834250"
"3164803";"São Sebastião do Rio Preto (MG)";"31555"
"3164902";"São Sebastião do Rio Verde (MG)";"48145"
"3165008";"São Tiago (MG)";"280531"
"3165107";"São Tomás de Aquino (MG)";"236784"
"3165206";"São Tomé das Letras (MG)";"159506"
"3165305";"São Vicente de Minas (MG)";"248336"
"3165404";"Sapucaí-Mirim (MG)";"174274"
"3165503";"Sardoá (MG)";"85294"
"3165537";"Sarzedo (MG)";"1642522"
"3165552";"Setubinha (MG)";"135060"
"3165560";"Sem-Peixe (MG)";"41763"
"3165578";"Senador Amaral (MG)";"115730"
"3165602";"Senador Cortes (MG)";"48570"
"3165701";"Senador Firmino (MG)";"142956"
"3165800";"Senador José Bento (MG)";"43395"
"3165909";"Senador Modestino Gonçalves (MG)";"92679"
"3166006";"Senhora de Oliveira (MG)";"91128"
"3166105";"Senhora do Porto (MG)";"56070"
"3166204";"Senhora dos Remédios (MG)";"138814"
"3166303";"Sericita (MG)";"156438"
"3166402";"Seritinga (MG)";"54766"
"3166501";"Serra Azul de Minas (MG)";"56049"
"3166600";"Serra da Saudade (MG)";"25562"
"3166709";"Serra dos Aimorés (MG)";"159079"
"3166808";"Serra do Salitre (MG)";"898489"
"3166907";"Serrania (MG)";"202565"
"3166956";"Serranópolis de Minas (MG)";"61271"
"3167004";"Serranos (MG)";"48320"
"3167103";"Serro (MG)";"386923"
"3167202";"Sete Lagoas (MG)";"14904465"
"3167301";"Silveirânia (MG)";"45007"
"3167400";"Silvianópolis (MG)";"178703"
"3167509";"Simão Pereira (MG)";"116089"
"3167608";"Simonésia (MG)";"371230"
"3167707";"Sobrália (MG)";"82141"
"3167806";"Soledade de Minas (MG)";"104147"
"3167905";"Tabuleiro (MG)";"86585"
"3168002";"Taiobeiras (MG)";"705373"
"3168051";"Taparuba (MG)";"59981"
"3168101";"Tapira (MG)";"631716"
"3168200";"Tapiraí (MG)";"70281"
"3168309";"Taquaraçu de Minas (MG)";"84703"
"3168408";"Tarumirim (MG)";"236378"
"3168507";"Teixeiras (MG)";"220040"
"3168606";"Teófilo Otoni (MG)";"3540248"
"3168705";"Timóteo (MG)";"4648992"
"3168804";"Tiradentes (MG)";"297551"
"3168903";"Tiros (MG)";"441044"
"3169000";"Tocantins (MG)";"450784"
"3169059";"Tocos do Moji (MG)";"82673"
"3169109";"Toledo (MG)";"125618"
"3169208";"Tombos (MG)";"168052"
"3169307";"Três Corações (MG)";"3568710"
"3169356";"Três Marias (MG)";"2582531"
"3169406";"Três Pontas (MG)";"2288500"
"3169505";"Tumiritinga (MG)";"94510"
"3169604";"Tupaciguara (MG)";"1400211"
"3169703";"Turmalina (MG)";"486869"
"3169802";"Turvolândia (MG)";"158832"
"3169901";"Ubá (MG)";"4462212"
"3170008";"Ubaí (MG)";"142057"
"3170057";"Ubaporanga (MG)";"227184"
"3170107";"Uberaba (MG)";"23689377"
"3170206";"Uberlândia (MG)";"51065684"
"3170305";"Umburatiba (MG)";"54271"
"3170404";"Unaí (MG)";"5221529"
"3170438";"União de Minas (MG)";"187679"
"3170479";"Uruana de Minas (MG)";"96142"
"3170503";"Urucânia (MG)";"356137"
"3170529";"Urucuia (MG)";"230887"
"3170578";"Vargem Alegre (MG)";"86774"
"3170602";"Vargem Bonita (MG)";"92402"
"3170651";"Vargem Grande do Rio Pardo (MG)";"77007"
"3170701";"Varginha (MG)";"10068568"
"3170750";"Varjão de Minas (MG)";"361878"
"3170800";"Várzea da Palma (MG)";"1351754"
"3170909";"Varzelândia (MG)";"235098"
"3171006";"Vazante (MG)";"1203159"
"3171030";"Verdelândia (MG)";"136751"
"3171071";"Veredinha (MG)";"114943"
"3171105";"Veríssimo (MG)";"306968"
"3171154";"Vermelho Novo (MG)";"87809"
"3171204";"Vespasiano (MG)";"3619031"
"3171303";"Viçosa (MG)";"2234764"
"3171402";"Vieiras (MG)";"69385"
"3171501";"Mathias Lobato (MG)";"58002"
"3171600";"Virgem da Lapa (MG)";"162588"
"3171709";"Virgínia (MG)";"238863"
"3171808";"Virginópolis (MG)";"210992"
"3171907";"Virgolândia (MG)";"67748"
"3172004";"Visconde do Rio Branco (MG)";"2052278"
"3172103";"Volta Grande (MG)";"146386"
"3172202";"Wenceslau Braz (MG)";"43767"
"3200102";"Afonso Cláudio (ES)";"740220"
"3200136";"Águia Branca (ES)";"313558"
"3200169";"Água Doce do Norte (ES)";"234307"
"3200201";"Alegre (ES)";"702107"
"3200300";"Alfredo Chaves (ES)";"565385"
"3200359";"Alto Rio Novo (ES)";"152485"
"3200409";"Anchieta (ES)";"2317579"
"3200508";"Apiacá (ES)";"146814"
"3200607";"Aracruz (ES)";"7724839"
"3200706";"Atílio Vivácqua (ES)";"453839"
"3200805";"Baixo Guandu (ES)";"910611"
"3200904";"Barra de São Francisco (ES)";"1326677"
"3201001";"Boa Esperança (ES)";"372418"
"3201100";"Bom Jesus do Norte (ES)";"269758"
"3201159";"Brejetuba (ES)";"342658"
"3201209";"Cachoeiro de Itapemirim (ES)";"7593554"
"3201308";"Cariacica (ES)";"19710843"
"3201407";"Castelo (ES)";"1395638"
"3201506";"Colatina (ES)";"5157945"
"3201605";"Conceição da Barra (ES)";"676074"
"3201704";"Conceição do Castelo (ES)";"356679"
"3201803";"Divino de São Lourenço (ES)";"101958"
"3201902";"Domingos Martins (ES)";"1294974"
"3202009";"Dores do Rio Preto (ES)";"232278"
"3202108";"Ecoporanga (ES)";"481243"
"3202207";"Fundão (ES)";"595415"
"3202256";"Governador Lindenberg (ES)";"428413"
"3202306";"Guaçuí (ES)";"783590"
"3202405";"Guarapari (ES)";"3391095"
"3202454";"Ibatiba (ES)";"560947"
"3202504";"Ibiraçu (ES)";"359707"
"3202553";"Ibitirama (ES)";"206693"
"3202603";"Iconha (ES)";"385081"
"3202652";"Irupi (ES)";"280698"
"3202702";"Itaguaçu (ES)";"453183"
"3202801";"Itapemirim (ES)";"6134486"
"3202900";"Itarana (ES)";"441241"
"3203007";"Iúna (ES)";"722976"
"3203056";"Jaguaré (ES)";"1252073"
"3203106";"Jerônimo Monteiro (ES)";"218904"
"3203130";"João Neiva (ES)";"615682"
"3203163";"Laranja da Terra (ES)";"272934"
"3203205";"Linhares (ES)";"10014356"
"3203304";"Mantenópolis (ES)";"250803"
"3203320";"Marataízes (ES)";"7102418"
"3203346";"Marechal Floriano (ES)";"682791"
"3203353";"Marilândia (ES)";"404453"
"3203403";"Mimoso do Sul (ES)";"702863"
"3203502";"Montanha (ES)";"564549"
"3203601";"Mucurici (ES)";"136015"
"3203700";"Muniz Freire (ES)";"509938"
"3203809";"Muqui (ES)";"307885"
"3203908";"Nova Venécia (ES)";"1886121"
"3204005";"Pancas (ES)";"467082"
"3204054";"Pedro Canário (ES)";"545057"
"3204104";"Pinheiros (ES)";"1024676"
"3204203";"Piúma (ES)";"1056103"
"3204252";"Ponto Belo (ES)";"141034"
"3204302";"Presidente Kennedy (ES)";"7368211"
"3204351";"Rio Bananal (ES)";"787898"
"3204401";"Rio Novo do Sul (ES)";"293579"
"3204500";"Santa Leopoldina (ES)";"439644"
"3204559";"Santa Maria de Jetibá (ES)";"2592685"
"3204609";"Santa Teresa (ES)";"820679"
"3204658";"São Domingos do Norte (ES)";"391545"
"3204708";"São Gabriel da Palha (ES)";"988351"
"3204807";"São José do Calçado (ES)";"230812"
"3204906";"São Mateus (ES)";"4355437"
"3204955";"São Roque do Canaã (ES)";"301801"
"3205002";"Serra (ES)";"37649155"
"3205010";"Sooretama (ES)";"911932"
"3205036";"Vargem Alta (ES)";"523374"
"3205069";"Venda Nova do Imigrante (ES)";"945412"
"3205101";"Viana (ES)";"5957536"
"3205150";"Vila Pavão (ES)";"213352"
"3205176";"Vila Valério (ES)";"615692"
"3205200";"Vila Velha (ES)";"19711328"
"3205309";"Vitória (ES)";"28257606"
"3300100";"Angra dos Reis (RJ)";"11900498"
"3300159";"Aperibé (RJ)";"301129"
"3300209";"Araruama (RJ)";"13156181"
"3300225";"Areal (RJ)";"597072"
"3300233";"Armação dos Búzios (RJ)";"5019621"
"3300258";"Arraial do Cabo (RJ)";"9335374"
"3300308";"Barra do Piraí (RJ)";"3225723"
"3300407";"Barra Mansa (RJ)";"6831115"
"3300456";"Belford Roxo (RJ)";"9686339"
"3300506";"Bom Jardim (RJ)";"1018920"
"3300605";"Bom Jesus do Itabapoana (RJ)";"1207611"
"3300704";"Cabo Frio (RJ)";"16964472"
"3300803";"Cachoeiras de Macacu (RJ)";"1702402"
"3300902";"Cambuci (RJ)";"479568"
"3300936";"Carapebus (RJ)";"1045633"
"3300951";"Comendador Levy Gasparian (RJ)";"633562"
"3301009";"Campos dos Goytacazes (RJ)";"42953469"
"3301108";"Cantagalo (RJ)";"1075296"
"3301157";"Cardoso Moreira (RJ)";"393125"
"3301207";"Carmo (RJ)";"671866"
"3301306";"Casimiro de Abreu (RJ)";"3363239"
"3301405";"Conceição de Macabu (RJ)";"504000"
"3301504";"Cordeiro (RJ)";"530533"
"3301603";"Duas Barras (RJ)";"285448"
"3301702";"Duque de Caxias (RJ)";"70068007"
"3301801";"Engenheiro Paulo de Frontin (RJ)";"320438"
"3301850";"Guapimirim (RJ)";"1589983"
"3301876";"Iguaba Grande (RJ)";"814661"
"3301900";"Itaboraí (RJ)";"6278393"
"3302007";"Itaguaí (RJ)";"11383962"
"3302056";"Italva (RJ)";"431493"
"3302106";"Itaocara (RJ)";"756489"
"3302205";"Itaperuna (RJ)";"4067637"
"3302254";"Itatiaia (RJ)";"6988685"
"3302270";"Japeri (RJ)";"1874798"
"3302304";"Laje do Muriaé (RJ)";"208603"
"3302403";"Macaé (RJ)";"22394860"
"3302452";"Macuco (RJ)";"282626"
"3302502";"Magé (RJ)";"5301411"
"3302601";"Mangaratiba (RJ)";"3443660"
"3302700";"Maricá (RJ)";"134092034"
"3302809";"Mendes (RJ)";"444764"
"3302858";"Mesquita (RJ)";"3029007"
"3302908";"Miguel Pereira (RJ)";"847198"
"3303005";"Miracema (RJ)";"742077"
"3303104";"Natividade (RJ)";"408436"
"3303203";"Nilópolis (RJ)";"3339769"
"3303302";"Niterói (RJ)";"76268005"
"3303401";"Nova Friburgo (RJ)";"7367567"
"3303500";"Nova Iguaçu (RJ)";"20518624"
"3303609";"Paracambi (RJ)";"1085489"
"3303708";"Paraíba do Sul (RJ)";"1399157"
"3303807";"Paraty (RJ)";"6324392"
"3303856";"Paty do Alferes (RJ)";"862740"
"3303906";"Petrópolis (RJ)";"19907335"
"3303955";"Pinheiral (RJ)";"1187697"
"3304003";"Piraí (RJ)";"3388747"
"3304102";"Porciúncula (RJ)";"559253"
"3304110";"Porto Real (RJ)";"3205582"
"3304128";"Quatis (RJ)";"400781"
"3304144";"Queimados (RJ)";"4938812"
"3304151";"Quissamã (RJ)";"5669644"
"3304201";"Resende (RJ)";"12267696"
"3304300";"Rio Bonito (RJ)";"2038466"
"3304409";"Rio Claro (RJ)";"577431"
"3304508";"Rio das Flores (RJ)";"338695"
"3304524";"Rio das Ostras (RJ)";"10599898"
"3304557";"Rio de Janeiro (RJ)";"418462360"
"3304607";"Santa Maria Madalena (RJ)";"275098"
"3304706";"Santo Antônio de Pádua (RJ)";"1686337"
"3304755";"São Francisco de Itabapoana (RJ)";"1481367"
"3304805";"São Fidélis (RJ)";"985938"
"3304904";"São Gonçalo (RJ)";"23063689"
"3305000";"São João da Barra (RJ)";"13986152"
"3305109";"São João de Meriti (RJ)";"11534047"
"3305133";"São José de Ubá (RJ)";"232730"
"3305158";"São José do Vale do Rio Preto (RJ)";"941645"
"3305208";"São Pedro da Aldeia (RJ)";"3359011"
"3305307";"São Sebastião do Alto (RJ)";"272845"
"3305406";"Sapucaia (RJ)";"1227721"
"3305505";"Saquarema (RJ)";"64701140"
"3305554";"Seropédica (RJ)";"3760076"
"3305604";"Silva Jardim (RJ)";"705912"
"3305703";"Sumidouro (RJ)";"733841"
"3305752";"Tanguá (RJ)";"858815"
"3305802";"Teresópolis (RJ)";"7104546"
"3305901";"Trajano de Moraes (RJ)";"290439"
"3306008";"Três Rios (RJ)";"6017636"
"3306107";"Valença (RJ)";"3104489"
"3306156";"Varre-Sai (RJ)";"407915"
"3306206";"Vassouras (RJ)";"1472880"
"3306305";"Volta Redonda (RJ)";"15307615"
"3500105";"Adamantina (SP)";"1705895"
"3500204";"Adolfo (SP)";"215283"
"3500303";"Aguaí (SP)";"1773843"
"3500402";"Águas da Prata (SP)";"272359"
"3500501";"Águas de Lindóia (SP)";"801115"
"3500550";"Águas de Santa Bárbara (SP)";"375562"
"3500600";"Águas de São Pedro (SP)";"185390"
"3500709";"Agudos (SP)";"3415809"
"3500758";"Alambari (SP)";"160252"
"3500808";"Alfredo Marcondes (SP)";"158137"
"3500907";"Altair (SP)";"210529"
"3501004";"Altinópolis (SP)";"946538"
"3501103";"Alto Alegre (SP)";"172396"
"3501152";"Alumínio (SP)";"3438994"
"3501202";"Álvares Florence (SP)";"175598"
"3501301";"Álvares Machado (SP)";"859771"
"3501400";"Álvaro de Carvalho (SP)";"69377"
"3501509";"Alvinlândia (SP)";"82613"
"3501608";"Americana (SP)";"17600566"
"3501707";"Américo Brasiliense (SP)";"1504962"
"3501806";"Américo de Campos (SP)";"175848"
"3501905";"Amparo (SP)";"6698469"
"3502002";"Analândia (SP)";"266292"
"3502101";"Andradina (SP)";"4464940"
"3502200";"Angatuba (SP)";"1776475"
"3502309";"Anhembi (SP)";"315144"
"3502408";"Anhumas (SP)";"132376"
"3502507";"Aparecida (SP)";"1369699"
"3502606";"Aparecida d'Oeste (SP)";"225794"
"3502705";"Apiaí (SP)";"1235626"
"3502754";"Araçariguama (SP)";"4832077"
"3502804";"Araçatuba (SP)";"11457740"
"3502903";"Araçoiaba da Serra (SP)";"1523194"
"3503000";"Aramina (SP)";"219179"
"3503109";"Arandu (SP)";"217238"
"3503158";"Arapeí (SP)";"53236"
"3503208";"Araraquara (SP)";"14689500"
"3503307";"Araras (SP)";"10022873"
"3503356";"Arco-Íris (SP)";"136329"
"3503406";"Arealva (SP)";"301110"
"3503505";"Areias (SP)";"75042"
"3503604";"Areiópolis (SP)";"221707"
"3503703";"Ariranha (SP)";"1252002"
"3503802";"Artur Nogueira (SP)";"2162833"
"3503901";"Arujá (SP)";"10426127"
"3503950";"Aspásia (SP)";"65851"
"3504008";"Assis (SP)";"4682609"
"3504107";"Atibaia (SP)";"9426584"
"3504206";"Auriflama (SP)";"443572"
"3504305";"Avaí (SP)";"500953"
"3504404";"Avanhandava (SP)";"295755"
"3504503";"Avaré (SP)";"4408538"
"3504602";"Bady Bassitt (SP)";"762195"
"3504701";"Balbinos (SP)";"82895"
"3504800";"Bálsamo (SP)";"367871"
"3504909";"Bananal (SP)";"282444"
"3505005";"Barão de Antonina (SP)";"80403"
"3505104";"Barbosa (SP)";"186923"
"3505203";"Bariri (SP)";"1863764"
"3505302";"Barra Bonita (SP)";"2077901"
"3505351";"Barra do Chapéu (SP)";"202870"
"3505401";"Barra do Turvo (SP)";"145159"
"3505500";"Barretos (SP)";"6715414"
"3505609";"Barrinha (SP)";"737580"
"3505708";"Barueri (SP)";"71646710"
"3505807";"Bastos (SP)";"1596603"
"3505906";"Batatais (SP)";"3328690"
"3506003";"Bauru (SP)";"20654759"
"3506102";"Bebedouro (SP)";"5343661"
"3506201";"Bento de Abreu (SP)";"288020"
"3506300";"Bernardino de Campos (SP)";"605499"
"3506359";"Bertioga (SP)";"2663550"
"3506409";"Bilac (SP)";"307745"
"3506508";"Birigui (SP)";"4866490"
"3506607";"Biritiba Mirim (SP)";"1111541"
"3506706";"Boa Esperança do Sul (SP)";"633216"
"3506805";"Bocaina (SP)";"381376"
"3506904";"Bofete (SP)";"309773"
"3507001";"Boituva (SP)";"4474130"
"3507100";"Bom Jesus dos Perdões (SP)";"1627411"
"3507159";"Bom Sucesso de Itararé (SP)";"77487"
"3507209";"Borá (SP)";"120962"
"3507308";"Boracéia (SP)";"657535"
"3507407";"Borborema (SP)";"704921"
"3507456";"Borebi (SP)";"118452"
"3507506";"Botucatu (SP)";"7992148"
"3507605";"Bragança Paulista (SP)";"10443288"
"3507704";"Braúna (SP)";"157855"
"3507753";"Brejo Alegre (SP)";"90697"
"3507803";"Brodowski (SP)";"1210305"
"3507902";"Brotas (SP)";"1555980"
"3508009";"Buri (SP)";"907833"
"3508108";"Buritama (SP)";"746204"
"3508207";"Buritizal (SP)";"305568"
"3508306";"Cabrália Paulista (SP)";"177481"
"3508405";"Cabreúva (SP)";"7240981"
"3508504";"Caçapava (SP)";"6516271"
"3508603";"Cachoeira Paulista (SP)";"847786"
"3508702";"Caconde (SP)";"554109"
"3508801";"Cafelândia (SP)";"930635"
"3508900";"Caiabu (SP)";"88015"
"3509007";"Caieiras (SP)";"5507619"
"3509106";"Caiuá (SP)";"111895"
"3509205";"Cajamar (SP)";"28984602"
"3509254";"Cajati (SP)";"1987670"
"3509304";"Cajobi (SP)";"275001"
"3509403";"Cajuru (SP)";"1123799"
"3509452";"Campina do Monte Alegre (SP)";"211436"
"3509502";"Campinas (SP)";"91968328"
"3509601";"Campo Limpo Paulista (SP)";"3233935"
"3509700";"Campos do Jordão (SP)";"1946799"
"3509809";"Campos Novos Paulista (SP)";"342295"
"3509908";"Cananéia (SP)";"330538"
"3509957";"Canas (SP)";"121017"
"3510005";"Cândido Mota (SP)";"2482755"
"3510104";"Cândido Rodrigues (SP)";"157951"
"3510153";"Canitar (SP)";"218328"
"3510203";"Capão Bonito (SP)";"1668882"
"3510302";"Capela do Alto (SP)";"536048"
"3510401";"Capivari (SP)";"3824460"
"3510500";"Caraguatatuba (SP)";"5822815"
"3510609";"Carapicuíba (SP)";"8436817"
"3510708";"Cardoso (SP)";"440025"
"3510807";"Casa Branca (SP)";"1494279"
"3510906";"Cássia dos Coqueiros (SP)";"306056"
"3511003";"Castilho (SP)";"2275541"
"3511102";"Catanduva (SP)";"7029953"
"3511201";"Catiguá (SP)";"196946"
"3511300";"Cedral (SP)";"808870"
"3511409";"Cerqueira César (SP)";"1400618"
"3511508";"Cerquilho (SP)";"2891328"
"3511607";"Cesário Lange (SP)";"1215884"
"3511706";"Charqueada (SP)";"790607"
"3511904";"Clementina (SP)";"254107"
"3512001";"Colina (SP)";"2052576"
"3512100";"Colômbia (SP)";"743433"
"3512209";"Conchal (SP)";"1093664"
"3512308";"Conchas (SP)";"551103"
"3512407";"Cordeirópolis (SP)";"4167915"
"3512506";"Coroados (SP)";"335405"
"3512605";"Coronel Macedo (SP)";"165849"
"3512704";"Corumbataí (SP)";"354604"
"3512803";"Cosmópolis (SP)";"2313364"
"3512902";"Cosmorama (SP)";"878427"
"3513009";"Cotia (SP)";"19060773"
"3513108";"Cravinhos (SP)";"2357353"
"3513207";"Cristais Paulista (SP)";"449171"
"3513306";"Cruzália (SP)";"218199"
"3513405";"Cruzeiro (SP)";"4281962"
"3513504";"Cubatão (SP)";"27813388"
"3513603";"Cunha (SP)";"432941"
"3513702";"Descalvado (SP)";"2584483"
"3513801";"Diadema (SP)";"21229085"
"3513850";"Dirce Reis (SP)";"99485"
"3513900";"Divinolândia (SP)";"528584"
"3514007";"Dobrada (SP)";"213755"
"3514106";"Dois Córregos (SP)";"1187097"
"3514205";"Dolcinópolis (SP)";"84390"
"3514304";"Dourado (SP)";"1178140"
"3514403";"Dracena (SP)";"1855224"
"3514502";"Duartina (SP)";"435780"
"3514601";"Dumont (SP)";"414002"
"3514700";"Echaporã (SP)";"187403"
"3514809";"Eldorado (SP)";"423995"
"3514908";"Elias Fausto (SP)";"2159509"
"3514924";"Elisiário (SP)";"121971"
"3514957";"Embaúba (SP)";"93032"
"3515004";"Embu das Artes (SP)";"17290650"
"3515103";"Embu-Guaçu (SP)";"1742920"
"3515129";"Emilianópolis (SP)";"97866"
"3515152";"Engenheiro Coelho (SP)";"814390"
"3515186";"Espírito Santo do Pinhal (SP)";"2715247"
"3515194";"Espírito Santo do Turvo (SP)";"181809"
"3515202";"Estrela d'Oeste (SP)";"1317163"
"3515301";"Estrela do Norte (SP)";"69692"
"3515350";"Euclides da Cunha Paulista (SP)";"162208"
"3515400";"Fartura (SP)";"566395"
"3515509";"Fernandópolis (SP)";"2790708"
"3515608";"Fernando Prestes (SP)";"281662"
"3515657";"Fernão (SP)";"102634"
"3515707";"Ferraz de Vasconcelos (SP)";"5523981"
"3515806";"Flora Rica (SP)";"65665"
"3515905";"Floreal (SP)";"131171"
"3516002";"Flórida Paulista (SP)";"361684"
"3516101";"Florínea (SP)";"216161"
"3516200";"Franca (SP)";"14375667"
"3516309";"Francisco Morato (SP)";"2237469"
"3516408";"Franco da Rocha (SP)";"5438089"
"3516507";"Gabriel Monteiro (SP)";"123956"
"3516606";"Gália (SP)";"220849"
"3516705";"Garça (SP)";"1893766"
"3516804";"Gastão Vidigal (SP)";"101942"
"3516853";"Gavião Peixoto (SP)";"1735633"
"3516903";"General Salgado (SP)";"348923"
"3517000";"Getulina (SP)";"272841"
"3517109";"Glicério (SP)";"188392"
"3517208";"Guaiçara (SP)";"310852"
"3517307";"Guaimbê (SP)";"593772"
"3517406";"Guaíra (SP)";"3233958"
"3517505";"Guapiaçu (SP)";"1134077"
"3517604";"Guapiara (SP)";"585182"
"3517703";"Guará (SP)";"854715"
"3517802";"Guaraçaí (SP)";"374454"
"3517901";"Guaraci (SP)";"660486"
"3518008";"Guarani d'Oeste (SP)";"48665"
"3518107";"Guarantã (SP)";"312045"
"3518206";"Guararapes (SP)";"1718488"
"3518305";"Guararema (SP)";"2034663"
"3518404";"Guaratinguetá (SP)";"8369821"
"3518503";"Guareí (SP)";"386201"
"3518602";"Guariba (SP)";"1517994"
"3518701";"Guarujá (SP)";"11536359"
"3518800";"Guarulhos (SP)";"97557674"
"3518859";"Guatapará (SP)";"353798"
"3518909";"Guzolândia (SP)";"120156"
"3519006";"Herculândia (SP)";"552689"
"3519055";"Holambra (SP)";"1806633"
"3519071";"Hortolândia (SP)";"22163924"
"3519105";"Iacanga (SP)";"687530"
"3519204";"Iacri (SP)";"372134"
"3519253";"Iaras (SP)";"326007"
"3519303";"Ibaté (SP)";"1516837"
"3519402";"Ibirá (SP)";"418178"
"3519501";"Ibirarema (SP)";"331387"
"3519600";"Ibitinga (SP)";"2528835"
"3519709";"Ibiúna (SP)";"3023501"
"3519808";"Icém (SP)";"263932"
"3519907";"Iepê (SP)";"503732"
"3520004";"Igaraçu do Tietê (SP)";"477976"
"3520103";"Igarapava (SP)";"1422122"
"3520202";"Igaratá (SP)";"353163"
"3520301";"Iguape (SP)";"1896850"
"3520400";"Ilhabela (SP)";"14830715"
"3520426";"Ilha Comprida (SP)";"2802536"
"3520442";"Ilha Solteira (SP)";"917732"
"3520509";"Indaiatuba (SP)";"28264863"
"3520608";"Indiana (SP)";"99886"
"3520707";"Indiaporã (SP)";"167087"
"3520806";"Inúbia Paulista (SP)";"176723"
"3520905";"Ipaussu (SP)";"678118"
"3521002";"Iperó (SP)";"1291003"
"3521101";"Ipeúna (SP)";"1055776"
"3521150";"Ipiguá (SP)";"173091"
"3521200";"Iporanga (SP)";"70829"
"3521309";"Ipuã (SP)";"589810"
"3521408";"Iracemápolis (SP)";"2403778"
"3521507";"Irapuã (SP)";"282416"
"3521606";"Irapuru (SP)";"142422"
"3521705";"Itaberá (SP)";"1058159"
"3521804";"Itaí (SP)";"1082752"
"3521903";"Itajobi (SP)";"1278534"
"3522000";"Itaju (SP)";"308305"
"3522109";"Itanhaém (SP)";"2956406"
"3522158";"Itaoca (SP)";"67982"
"3522208";"Itapecerica da Serra (SP)";"6215134"
"3522307";"Itapetininga (SP)";"7962802"
"3522406";"Itapeva (SP)";"4558512"
"3522505";"Itapevi (SP)";"15615097"
"3522604";"Itapira (SP)";"6365974"
"3522653";"Itapirapuã Paulista (SP)";"77308"
"3522703";"Itápolis (SP)";"2524858"
"3522802";"Itaporanga (SP)";"408307"
"3522901";"Itapuí (SP)";"1311338"
"3523008";"Itapura (SP)";"209349"
"3523107";"Itaquaquecetuba (SP)";"11979260"
"3523206";"Itararé (SP)";"1406445"
"3523305";"Itariri (SP)";"400627"
"3523404";"Itatiba (SP)";"10327467"
"3523503";"Itatinga (SP)";"601161"
"3523602";"Itirapina (SP)";"1570273"
"3523701";"Itirapuã (SP)";"190876"
"3523800";"Itobi (SP)";"251138"
"3523909";"Itu (SP)";"14012530"
"3524006";"Itupeva (SP)";"10529260"
"3524105";"Ituverava (SP)";"2218625"
"3524204";"Jaborandi (SP)";"247095"
"3524303";"Jaboticabal (SP)";"4156253"
"3524402";"Jacareí (SP)";"19692996"
"3524501";"Jaci (SP)";"880800"
"3524600";"Jacupiranga (SP)";"698901"
"3524709";"Jaguariúna (SP)";"14680878"
"3524808";"Jales (SP)";"2590208"
"3524907";"Jambeiro (SP)";"461642"
"3525003";"Jandira (SP)";"5547107"
"3525102";"Jardinópolis (SP)";"2398612"
"3525201";"Jarinu (SP)";"3546444"
"3525300";"Jaú (SP)";"6542933"
"3525409";"Jeriquara (SP)";"308789"
"3525508";"Joanópolis (SP)";"335737"
"3525607";"João Ramalho (SP)";"187000"
"3525706";"José Bonifácio (SP)";"1940540"
"3525805";"Júlio Mesquita (SP)";"82839"
"3525854";"Jumirim (SP)";"287951"
"3525904";"Jundiaí (SP)";"65418378"
"3526001";"Junqueirópolis (SP)";"940871"
"3526100";"Juquiá (SP)";"446418"
"3526209";"Juquitiba (SP)";"660665"
"3526308";"Lagoinha (SP)";"101411"
"3526407";"Laranjal Paulista (SP)";"1688979"
"3526506";"Lavínia (SP)";"262294"
"3526605";"Lavrinhas (SP)";"169896"
"3526704";"Leme (SP)";"4938512"
"3526803";"Lençóis Paulista (SP)";"6564648"
"3526902";"Limeira (SP)";"20876940"
"3527009";"Lindóia (SP)";"405308"
"3527108";"Lins (SP)";"8610363"
"3527207";"Lorena (SP)";"4501318"
"3527256";"Lourdes (SP)";"55440"
"3527306";"Louveira (SP)";"20154612"
"3527405";"Lucélia (SP)";"600068"
"3527504";"Lucianópolis (SP)";"138654"
"3527603";"Luís Antônio (SP)";"2385617"
"3527702";"Luiziânia (SP)";"117809"
"3527801";"Lupércio (SP)";"115244"
"3527900";"Lutécia (SP)";"135645"
"3528007";"Macatuba (SP)";"691847"
"3528106";"Macaubal (SP)";"245038"
"3528205";"Macedônia (SP)";"123750"
"3528304";"Magda (SP)";"168949"
"3528403";"Mairinque (SP)";"2923463"
"3528502";"Mairiporã (SP)";"2767181"
"3528601";"Manduri (SP)";"361118"
"3528700";"Marabá Paulista (SP)";"201668"
"3528809";"Maracaí (SP)";"1039676"
"3528858";"Marapoama (SP)";"163562"
"3528908";"Mariápolis (SP)";"90255"
"3529005";"Marília (SP)";"12507571"
"3529104";"Marinópolis (SP)";"56365"
"3529203";"Martinópolis (SP)";"949416"
"3529302";"Matão (SP)";"7646780"
"3529401";"Mauá (SP)";"25000732"
"3529500";"Mendonça (SP)";"593745"
"3529609";"Meridiano (SP)";"437548"
"3529658";"Mesópolis (SP)";"108331"
"3529708";"Miguelópolis (SP)";"1113098"
"3529807";"Mineiros do Tietê (SP)";"309941"
"3529906";"Miracatu (SP)";"560827"
"3530003";"Mira Estrela (SP)";"77240"
"3530102";"Mirandópolis (SP)";"978818"
"3530201";"Mirante do Paranapanema (SP)";"651108"
"3530300";"Mirassol (SP)";"3345888"
"3530409";"Mirassolândia (SP)";"378154"
"3530508";"Mococa (SP)";"4014553"
"3530607";"Mogi das Cruzes (SP)";"26072522"
"3530706";"Mogi Guaçu (SP)";"9433838"
"3530805";"Mogi Mirim (SP)";"8092719"
"3530904";"Mombuca (SP)";"179189"
"3531001";"Monções (SP)";"77881"
"3531100";"Mongaguá (SP)";"1535906"
"3531209";"Monte Alegre do Sul (SP)";"304555"
"3531308";"Monte Alto (SP)";"3062782"
"3531407";"Monte Aprazível (SP)";"1038560"
"3531506";"Monte Azul Paulista (SP)";"958014"
"3531605";"Monte Castelo (SP)";"161947"
"3531704";"Monteiro Lobato (SP)";"113891"
"3531803";"Monte Mor (SP)";"6049398"
"3531902";"Morro Agudo (SP)";"1980195"
"3532009";"Morungaba (SP)";"765641"
"3532058";"Motuca (SP)";"171027"
"3532108";"Murutinga do Sul (SP)";"113474"
"3532157";"Nantes (SP)";"189556"
"3532207";"Narandiba (SP)";"896057"
"3532306";"Natividade da Serra (SP)";"159425"
"3532405";"Nazaré Paulista (SP)";"595410"
"3532504";"Neves Paulista (SP)";"384592"
"3532603";"Nhandeara (SP)";"507862"
"3532702";"Nipoã (SP)";"146719"
"3532801";"Nova Aliança (SP)";"361490"
"3532827";"Nova Campina (SP)";"260753"
"3532843";"Nova Canaã Paulista (SP)";"57172"
"3532868";"Nova Castilho (SP)";"91228"
"3532900";"Nova Europa (SP)";"556400"
"3533007";"Nova Granada (SP)";"732341"
"3533106";"Nova Guataporanga (SP)";"47451"
"3533205";"Nova Independência (SP)";"285939"
"3533254";"Novais (SP)";"105507"
"3533304";"Nova Luzitânia (SP)";"70080"
"3533403";"Nova Odessa (SP)";"5613297"
"3533502";"Novo Horizonte (SP)";"2313783"
"3533601";"Nuporanga (SP)";"1235537"
"3533700";"Ocauçu (SP)";"163910"
"3533809";"Óleo (SP)";"143212"
"3533908";"Olímpia (SP)";"3569676"
"3534005";"Onda Verde (SP)";"370589"
"3534104";"Oriente (SP)";"194079"
"3534203";"Orindiúva (SP)";"830370"
"3534302";"Orlândia (SP)";"3247648"
"3534401";"Osasco (SP)";"119404053"
"3534500";"Oscar Bressane (SP)";"123399"
"3534609";"Osvaldo Cruz (SP)";"1615248"
"3534708";"Ourinhos (SP)";"4902762"
"3534757";"Ouroeste (SP)";"670735"
"3534807";"Ouro Verde (SP)";"186891"
"3534906";"Pacaembu (SP)";"285244"
"3535002";"Palestina (SP)";"603348"
"3535101";"Palmares Paulista (SP)";"209646"
"3535200";"Palmeira d'Oeste (SP)";"308864"
"3535309";"Palmital (SP)";"1405807"
"3535408";"Panorama (SP)";"397153"
"3535507";"Paraguaçu Paulista (SP)";"3133902"
"3535606";"Paraibuna (SP)";"408569"
"3535705";"Paraíso (SP)";"436076"
"3535804";"Paranapanema (SP)";"1222547"
"3535903";"Paranapuã (SP)";"160653"
"3536000";"Parapuã (SP)";"1150356"
"3536109";"Pardinho (SP)";"515971"
"3536208";"Pariquera-Açu (SP)";"753097"
"3536257";"Parisi (SP)";"67931"
"3536307";"Patrocínio Paulista (SP)";"1850012"
"3536406";"Paulicéia (SP)";"322394"
"3536505";"Paulínia (SP)";"67067300"
"3536570";"Paulistânia (SP)";"74506"
"3536604";"Paulo de Faria (SP)";"426146"
"3536703";"Pederneiras (SP)";"3840421"
"3536802";"Pedra Bela (SP)";"147569"
"3536901";"Pedranópolis (SP)";"116928"
"3537008";"Pedregulho (SP)";"1417488"
"3537107";"Pedreira (SP)";"1817292"
"3537156";"Pedrinhas Paulista (SP)";"177967"
"3537206";"Pedro de Toledo (SP)";"208399"
"3537305";"Penápolis (SP)";"2743180"
"3537404";"Pereira Barreto (SP)";"1495859"
"3537503";"Pereiras (SP)";"410463"
"3537602";"Peruíbe (SP)";"2366996"
"3537701";"Piacatu (SP)";"160075"
"3537800";"Piedade (SP)";"1839652"
"3537909";"Pilar do Sul (SP)";"1502794"
"3538006";"Pindamonhangaba (SP)";"13674680"
"3538105";"Pindorama (SP)";"733296"
"3538204";"Pinhalzinho (SP)";"416405"
"3538303";"Piquerobi (SP)";"100296"
"3538501";"Piquete (SP)";"227361"
"3538600";"Piracaia (SP)";"799449"
"3538709";"Piracicaba (SP)";"44351588"
"3538808";"Piraju (SP)";"1088629"
"3538907";"Pirajuí (SP)";"737809"
"3539004";"Pirangi (SP)";"535545"
"3539103";"Pirapora do Bom Jesus (SP)";"693314"
"3539202";"Pirapozinho (SP)";"1410928"
"3539301";"Pirassununga (SP)";"4304413"
"3539400";"Piratininga (SP)";"389655"
"3539509";"Pitangueiras (SP)";"1830160"
"3539608";"Planalto (SP)";"331487"
"3539707";"Platina (SP)";"160406"
"3539806";"Poá (SP)";"4610760"
"3539905";"Poloni (SP)";"199994"
"3540002";"Pompéia (SP)";"2509065"
"3540101";"Pongaí (SP)";"124380"
"3540200";"Pontal (SP)";"2153954"
"3540259";"Pontalinda (SP)";"131997"
"3540309";"Pontes Gestal (SP)";"152499"
"3540408";"Populina (SP)";"156037"
"3540507";"Porangaba (SP)";"309200"
"3540606";"Porto Feliz (SP)";"5067049"
"3540705";"Porto Ferreira (SP)";"3069355"
"3540754";"Potim (SP)";"355271"
"3540804";"Potirendaba (SP)";"1017223"
"3540853";"Pracinha (SP)";"44001"
"3540903";"Pradópolis (SP)";"1456796"
"3541000";"Praia Grande (SP)";"11396646"
"3541059";"Pratânia (SP)";"252655"
"3541109";"Presidente Alves (SP)";"112972"
"3541208";"Presidente Bernardes (SP)";"351783"
"3541307";"Presidente Epitácio (SP)";"1521762"
"3541406";"Presidente Prudente (SP)";"11617599"
"3541505";"Presidente Venceslau (SP)";"1096298"
"3541604";"Promissão (SP)";"3349681"
"3541653";"Quadra (SP)";"209960"
"3541703";"Quatá (SP)";"1087543"
"3541802";"Queiroz (SP)";"1095800"
"3541901";"Queluz (SP)";"481509"
"3542008";"Quintana (SP)";"371696"
"3542107";"Rafard (SP)";"594930"
"3542206";"Rancharia (SP)";"1999657"
"3542305";"Redenção da Serra (SP)";"122059"
"3542404";"Regente Feijó (SP)";"1293798"
"3542503";"Reginópolis (SP)";"270644"
"3542602";"Registro (SP)";"2931915"
"3542701";"Restinga (SP)";"311797"
"3542800";"Ribeira (SP)";"61922"
"3542909";"Ribeirão Bonito (SP)";"494054"
"3543006";"Ribeirão Branco (SP)";"640749"
"3543105";"Ribeirão Corrente (SP)";"282574"
"3543204";"Ribeirão do Sul (SP)";"326855"
"3543238";"Ribeirão dos Índios (SP)";"56509"
"3543253";"Ribeirão Grande (SP)";"127269"
"3543303";"Ribeirão Pires (SP)";"4853229"
"3543402";"Ribeirão Preto (SP)";"52306820"
"3543501";"Riversul (SP)";"119164"
"3543600";"Rifaina (SP)";"232911"
"3543709";"Rincão (SP)";"346937"
"3543808";"Rinópolis (SP)";"495680"
"3543907";"Rio Claro (SP)";"15427117"
"3544004";"Rio das Pedras (SP)";"2037526"
"3544103";"Rio Grande da Serra (SP)";"1166050"
"3544202";"Riolândia (SP)";"390635"
"3544251";"Rosana (SP)";"1542731"
"3544301";"Roseira (SP)";"450314"
"3544400";"Rubiácea (SP)";"88679"
"3544509";"Rubinéia (SP)";"196382"
"3544608";"Sabino (SP)";"183225"
"3544707";"Sagres (SP)";"72625"
"3544806";"Sales (SP)";"266234"
"3544905";"Sales Oliveira (SP)";"529464"
"3545001";"Salesópolis (SP)";"310985"
"3545100";"Salmourão (SP)";"114824"
"3545159";"Saltinho (SP)";"471342"
"3545209";"Salto (SP)";"11498959"
"3545308";"Salto de Pirapora (SP)";"2856415"
"3545407";"Salto Grande (SP)";"394928"
"3545506";"Sandovalina (SP)";"455962"
"3545605";"Santa Adélia (SP)";"560339"
"3545704";"Santa Albertina (SP)";"333897"
"3545803";"Santa Bárbara d'Oeste (SP)";"10803992"
"3546009";"Santa Branca (SP)";"357556"
"3546108";"Santa Clara d'Oeste (SP)";"130553"
"3546207";"Santa Cruz da Conceição (SP)";"200490"
"3546256";"Santa Cruz da Esperança (SP)";"101459"
"3546306";"Santa Cruz das Palmeiras (SP)";"788978"
"3546405";"Santa Cruz do Rio Pardo (SP)";"4319822"
"3546504";"Santa Ernestina (SP)";"152155"
"3546603";"Santa Fé do Sul (SP)";"1988880"
"3546702";"Santa Gertrudes (SP)";"3568257"
"3546801";"Santa Isabel (SP)";"2298061"
"3546900";"Santa Lúcia (SP)";"185362"
"3547007";"Santa Maria da Serra (SP)";"197769"
"3547106";"Santa Mercedes (SP)";"97262"
"3547205";"Santana da Ponte Pensa (SP)";"56776"
"3547304";"Santana de Parnaíba (SP)";"14328397"
"3547403";"Santa Rita d'Oeste (SP)";"105525"
"3547502";"Santa Rita do Passa Quatro (SP)";"992180"
"3547601";"Santa Rosa de Viterbo (SP)";"1131989"
"3547650";"Santa Salete (SP)";"66140"
"3547700";"Santo Anastácio (SP)";"630473"
"3547809";"Santo André (SP)";"36931351"
"3547908";"Santo Antônio da Alegria (SP)";"282937"
"3548005";"Santo Antônio de Posse (SP)";"2146890"
"3548054";"Santo Antônio do Aracanguá (SP)";"380219"
"3548104";"Santo Antônio do Jardim (SP)";"253743"
"3548203";"Santo Antônio do Pinhal (SP)";"191747"
"3548302";"Santo Expedito (SP)";"60256"
"3548401";"Santópolis do Aguapeí (SP)";"97802"
"3548500";"Santos (SP)";"30961718"
"3548609";"São Bento do Sapucaí (SP)";"354768"
"3548708";"São Bernardo do Campo (SP)";"71965791"
"3548807";"São Caetano do Sul (SP)";"22553448"
"3548906";"São Carlos (SP)";"18386920"
"3549003";"São Francisco (SP)";"59556"
"3549102";"São João da Boa Vista (SP)";"5011181"
"3549201";"São João das Duas Pontes (SP)";"72713"
"3549250";"São João de Iracema (SP)";"69614"
"3549300";"São João do Pau d'Alho (SP)";"83376"
"3549409";"São Joaquim da Barra (SP)";"2733786"
"3549508";"São José da Bela Vista (SP)";"336022"
"3549607";"São José do Barreiro (SP)";"80553"
"3549706";"São José do Rio Pardo (SP)";"2876973"
"3549805";"São José do Rio Preto (SP)";"26390121"
"3549904";"São José dos Campos (SP)";"61394524"
"3549953";"São Lourenço da Serra (SP)";"346115"
"3550001";"São Luiz do Paraitinga (SP)";"252579"
"3550100";"São Manuel (SP)";"1889877"
"3550209";"São Miguel Arcanjo (SP)";"1157726"
"3550308";"São Paulo (SP)";"1066825105"
"3550407";"São Pedro (SP)";"1243177"
"3550506";"São Pedro do Turvo (SP)";"393936"
"3550605";"São Roque (SP)";"4532567"
"3550704";"São Sebastião (SP)";"17400619"
"3550803";"São Sebastião da Grama (SP)";"481876"
"3550902";"São Simão (SP)";"648092"
"3551009";"São Vicente (SP)";"7414656"
"3551108";"Sarapuí (SP)";"270123"
"3551207";"Sarutaiá (SP)";"115635"
"3551306";"Sebastianópolis do Sul (SP)";"454542"
"3551405";"Serra Azul (SP)";"269297"
"3551504";"Serrana (SP)";"1454535"
"3551603";"Serra Negra (SP)";"1025007"
"3551702";"Sertãozinho (SP)";"9075018"
"3551801";"Sete Barras (SP)";"461849"
"3551900";"Severínia (SP)";"340597"
"3552007";"Silveiras (SP)";"116266"
"3552106";"Socorro (SP)";"1449301"
"3552205";"Sorocaba (SP)";"58816286"
"3552304";"Sud Mennucci (SP)";"302801"
"3552403";"Sumaré (SP)";"19026093"
"3552502";"Suzano (SP)";"18618698"
"3552551";"Suzanápolis (SP)";"511504"
"3552601";"Tabapuã (SP)";"397691"
"3552700";"Tabatinga (SP)";"512361"
"3552809";"Taboão da Serra (SP)";"12084179"
"3552908";"Taciba (SP)";"242091"
"3553005";"Taguaí (SP)";"409335"
"3553104";"Taiaçu (SP)";"155640"
"3553203";"Taiúva (SP)";"188353"
"3553302";"Tambaú (SP)";"966714"
"3553401";"Tanabi (SP)";"1592467"
"3553500";"Tapiraí (SP)";"223954"
"3553609";"Tapiratiba (SP)";"358653"
"3553658";"Taquaral (SP)";"92383"
"3553708";"Taquaritinga (SP)";"2307145"
"3553807";"Taquarituba (SP)";"1279103"
"3553856";"Taquarivaí (SP)";"433014"
"3553906";"Tarabai (SP)";"187171"
"3553955";"Tarumã (SP)";"1153083"
"3554003";"Tatuí (SP)";"6784535"
"3554102";"Taubaté (SP)";"22607800"
"3554201";"Tejupá (SP)";"341127"
"3554300";"Teodoro Sampaio (SP)";"822760"
"3554409";"Terra Roxa (SP)";"237426"
"3554508";"Tietê (SP)";"2954948"
"3554607";"Timburi (SP)";"80268"
"3554656";"Torre de Pedra (SP)";"44087"
"3554706";"Torrinha (SP)";"380075"
"3554755";"Trabiju (SP)";"66641"
"3554805";"Tremembé (SP)";"1091771"
"3554904";"Três Fronteiras (SP)";"155505"
"3554953";"Tuiuti (SP)";"239682"
"3555000";"Tupã (SP)";"3128302"
"3555109";"Tupi Paulista (SP)";"446938"
"3555208";"Turiúba (SP)";"88091"
"3555307";"Turmalina (SP)";"100226"
"3555356";"Ubarana (SP)";"298746"
"3555406";"Ubatuba (SP)";"3506919"
"3555505";"Ubirajara (SP)";"201026"
"3555604";"Uchoa (SP)";"521824"
"3555703";"União Paulista (SP)";"72244"
"3555802";"Urânia (SP)";"366620"
"3555901";"Uru (SP)";"66750"
"3556008";"Urupês (SP)";"647135"
"3556107";"Valentim Gentil (SP)";"565653"
"3556206";"Valinhos (SP)";"10200701"
"3556305";"Valparaíso (SP)";"1426927"
"3556354";"Vargem (SP)";"222012"
"3556404";"Vargem Grande do Sul (SP)";"1431642"
"3556453";"Vargem Grande Paulista (SP)";"3524293"
"3556503";"Várzea Paulista (SP)";"4736062"
"3556602";"Vera Cruz (SP)";"302805"
"3556701";"Vinhedo (SP)";"14699664"
"3556800";"Viradouro (SP)";"563836"
"3556909";"Vista Alegre do Alto (SP)";"705941"
"3556958";"Vitória Brasil (SP)";"64481"
"3557006";"Votorantim (SP)";"5209654"
"3557105";"Votuporanga (SP)";"4582203"
"3557154";"Zacarias (SP)";"177562"
"3557204";"Chavantes (SP)";"477220"
"3557303";"Estiva Gerbi (SP)";"532212"
"4100103";"Abatiá (PR)";"297166"
"4100202";"Adrianópolis (PR)";"467129"
"4100301";"Agudos do Sul (PR)";"279388"
"4100400";"Almirante Tamandaré (PR)";"2242620"
"4100459";"Altamira do Paraná (PR)";"115509"
"4100509";"Altônia (PR)";"546401"
"4100608";"Alto Paraná (PR)";"562667"
"4100707";"Alto Piquiri (PR)";"488594"
"4100806";"Alvorada do Sul (PR)";"436443"
"4100905";"Amaporã (PR)";"163899"
"4101002";"Ampére (PR)";"1001174"
"4101051";"Anahy (PR)";"124323"
"4101101";"Andirá (PR)";"861173"
"4101150";"Ângulo (PR)";"179778"
"4101200";"Antonina (PR)";"1001675"
"4101309";"Antônio Olinto (PR)";"282611"
"4101408";"Apucarana (PR)";"4834013"
"4101507";"Arapongas (PR)";"5715471"
"4101606";"Arapoti (PR)";"1632919"
"4101655";"Arapuã (PR)";"154285"
"4101705";"Araruna (PR)";"630796"
"4101804";"Araucária (PR)";"34075052"
"4101853";"Ariranha do Ivaí (PR)";"144973"
"4101903";"Assaí (PR)";"637194"
"4102000";"Assis Chateaubriand (PR)";"2033731"
"4102109";"Astorga (PR)";"1164816"
"4102208";"Atalaia (PR)";"254752"
"4102307";"Balsa Nova (PR)";"1302016"
"4102406";"Bandeirantes (PR)";"1362233"
"4102505";"Barbosa Ferraz (PR)";"342155"
"4102604";"Barracão (PR)";"323297"
"4102703";"Barra do Jacaré (PR)";"187138"
"4102752";"Bela Vista da Caroba (PR)";"126095"
"4102802";"Bela Vista do Paraíso (PR)";"564054"
"4102901";"Bituruna (PR)";"656377"
"4103008";"Boa Esperança (PR)";"342930"
"4103024";"Boa Esperança do Iguaçu (PR)";"165031"
"4103040";"Boa Ventura de São Roque (PR)";"449414"
"4103057";"Boa Vista da Aparecida (PR)";"222437"
"4103107";"Bocaiúva do Sul (PR)";"305498"
"4103156";"Bom Jesus do Sul (PR)";"142418"
"4103206";"Bom Sucesso (PR)";"221658"
"4103222";"Bom Sucesso do Sul (PR)";"331505"
"4103305";"Borrazópolis (PR)";"296465"
"4103354";"Braganey (PR)";"261007"
"4103370";"Brasilândia do Sul (PR)";"298634"
"4103404";"Cafeara (PR)";"121532"
"4103453";"Cafelândia (PR)";"2697734"
"4103479";"Cafezal do Sul (PR)";"199026"
"4103503";"Califórnia (PR)";"250999"
"4103602";"Cambará (PR)";"985512"
"4103701";"Cambé (PR)";"6771173"
"4103800";"Cambira (PR)";"349367"
"4103909";"Campina da Lagoa (PR)";"674422"
"4103958";"Campina do Simão (PR)";"195120"
"4104006";"Campina Grande do Sul (PR)";"2871767"
"4104055";"Campo Bonito (PR)";"237197"
"4104105";"Campo do Tenente (PR)";"306673"
"4104204";"Campo Largo (PR)";"7070393"
"4104253";"Campo Magro (PR)";"700583"
"4104303";"Campo Mourão (PR)";"5991908"
"4104402";"Cândido de Abreu (PR)";"475235"
"4104428";"Candói (PR)";"901449"
"4104451";"Cantagalo (PR)";"386335"
"4104501";"Capanema (PR)";"1592681"
"4104600";"Capitão Leônidas Marques (PR)";"1300220"
"4104659";"Carambeí (PR)";"1989896"
"4104709";"Carlópolis (PR)";"575814"
"4104808";"Cascavel (PR)";"19204178"
"4104907";"Castro (PR)";"4517501"
"4105003";"Catanduvas (PR)";"413685"
"4105102";"Centenário do Sul (PR)";"376525"
"4105201";"Cerro Azul (PR)";"374010"
"4105300";"Céu Azul (PR)";"1070583"
"4105409";"Chopinzinho (PR)";"1196360"
"4105508";"Cianorte (PR)";"3986697"
"4105607";"Cidade Gaúcha (PR)";"620524"
"4105706";"Clevelândia (PR)";"915575"
"4105805";"Colombo (PR)";"7628975"
"4105904";"Colorado (PR)";"1171688"
"4106001";"Congonhinhas (PR)";"309517"
"4106100";"Conselheiro Mairinck (PR)";"168785"
"4106209";"Contenda (PR)";"627818"
"4106308";"Corbélia (PR)";"993480"
"4106407";"Cornélio Procópio (PR)";"2382241"
"4106456";"Coronel Domingos Soares (PR)";"328942"
"4106506";"Coronel Vivida (PR)";"1109441"
"4106555";"Corumbataí do Sul (PR)";"104935"
"4106571";"Cruzeiro do Iguaçu (PR)";"206651"
"4106605";"Cruzeiro do Oeste (PR)";"1089269"
"4106704";"Cruzeiro do Sul (PR)";"281275"
"4106803";"Cruz Machado (PR)";"507964"
"4106852";"Cruzmaltina (PR)";"189224"
"4106902";"Curitiba (PR)";"120065276"
"4107009";"Curiúva (PR)";"332954"
"4107108";"Diamante do Norte (PR)";"413933"
"4107124";"Diamante do Sul (PR)";"85754"
"4107157";"Diamante D'Oeste (PR)";"134493"
"4107207";"Dois Vizinhos (PR)";"2609173"
"4107256";"Douradina (PR)";"859150"
"4107306";"Doutor Camargo (PR)";"242635"
"4107405";"Enéas Marques (PR)";"389460"
"4107504";"Engenheiro Beltrão (PR)";"698650"
"4107520";"Esperança Nova (PR)";"75224"
"4107538";"Entre Rios do Oeste (PR)";"420778"
"4107546";"Espigão Alto do Iguaçu (PR)";"201752"
"4107553";"Farol (PR)";"255636"
"4107603";"Faxinal (PR)";"625079"
"4107652";"Fazenda Rio Grande (PR)";"4139461"
"4107702";"Fênix (PR)";"243624"
"4107736";"Fernandes Pinheiro (PR)";"323922"
"4107751";"Figueira (PR)";"191682"
"4107801";"Floraí (PR)";"310640"
"4107850";"Flor da Serra do Sul (PR)";"206357"
"4107900";"Floresta (PR)";"364240"
"4108007";"Florestópolis (PR)";"623832"
"4108106";"Flórida (PR)";"101261"
"4108205";"Formosa do Oeste (PR)";"405549"
"4108304";"Foz do Iguaçu (PR)";"16973251"
"4108320";"Francisco Alves (PR)";"254090"
"4108403";"Francisco Beltrão (PR)";"4525403"
"4108452";"Foz do Jordão (PR)";"187782"
"4108502";"General Carneiro (PR)";"437294"
"4108551";"Godoy Moreira (PR)";"96133"
"4108601";"Goioerê (PR)";"1335666"
"4108650";"Goioxim (PR)";"308612"
"4108700";"Grandes Rios (PR)";"177555"
"4108809";"Guaíra (PR)";"1438846"
"4108908";"Guairaçá (PR)";"404827"
"4108957";"Guamiranga (PR)";"357064"
"4109005";"Guapirama (PR)";"228919"
"4109104";"Guaporema (PR)";"106183"
"4109203";"Guaraci (PR)";"192291"
"4109302";"Guaraniaçu (PR)";"604224"
"4109401";"Guarapuava (PR)";"9864113"
"4109500";"Guaraqueçaba (PR)";"146081"
"4109609";"Guaratuba (PR)";"1220949"
"4109658";"Honório Serpa (PR)";"386521"
"4109708";"Ibaiti (PR)";"1236457"
"4109757";"Ibema (PR)";"208091"
"4109807";"Ibiporã (PR)";"4037855"
"4109906";"Icaraíma (PR)";"329106"
"4110003";"Iguaraçu (PR)";"267158"
"4110052";"Iguatu (PR)";"94791"
"4110078";"Imbaú (PR)";"320471"
"4110102";"Imbituva (PR)";"1503418"
"4110201";"Inácio Martins (PR)";"249949"
"4110300";"Inajá (PR)";"76239"
"4110409";"Indianópolis (PR)";"772540"
"4110508";"Ipiranga (PR)";"776104"
"4110607";"Iporã (PR)";"850007"
"4110656";"Iracema do Oeste (PR)";"126065"
"4110706";"Irati (PR)";"2816144"
"4110805";"Iretama (PR)";"409528"
"4110904";"Itaguajé (PR)";"164295"
"4110953";"Itaipulândia (PR)";"566776"
"4111001";"Itambaracá (PR)";"279453"
"4111100";"Itambé (PR)";"276022"
"4111209";"Itapejara d'Oeste (PR)";"970545"
"4111258";"Itaperuçu (PR)";"799718"
"4111308";"Itaúna do Sul (PR)";"151825"
"4111407";"Ivaí (PR)";"711073"
"4111506";"Ivaiporã (PR)";"1142266"
"4111555";"Ivaté (PR)";"280430"
"4111605";"Ivatuba (PR)";"167215"
"4111704";"Jaboti (PR)";"156576"
"4111803";"Jacarezinho (PR)";"1956993"
"4111902";"Jaguapitã (PR)";"1452483"
"4112009";"Jaguariaíva (PR)";"2062535"
"4112108";"Jandaia do Sul (PR)";"962904"
"4112207";"Janiópolis (PR)";"336925"
"4112306";"Japira (PR)";"169940"
"4112405";"Japurá (PR)";"441907"
"4112504";"Jardim Alegre (PR)";"424449"
"4112603";"Jardim Olinda (PR)";"78979"
"4112702";"Jataizinho (PR)";"301470"
"4112751";"Jesuítas (PR)";"556586"
"4112801";"Joaquim Távora (PR)";"872246"
"4112900";"Jundiaí do Sul (PR)";"157361"
"4112959";"Juranda (PR)";"497087"
"4113007";"Jussara (PR)";"370465"
"4113106";"Kaloré (PR)";"201236"
"4113205";"Lapa (PR)";"2647566"
"4113254";"Laranjal (PR)";"125483"
"4113304";"Laranjeiras do Sul (PR)";"1230924"
"4113403";"Leópolis (PR)";"226118"
"4113429";"Lidianópolis (PR)";"146837"
"4113452";"Lindoeste (PR)";"249057"
"4113502";"Loanda (PR)";"909384"
"4113601";"Lobato (PR)";"333368"
"4113700";"Londrina (PR)";"27999537"
"4113734";"Luiziana (PR)";"599341"
"4113759";"Lunardelli (PR)";"147290"
"4113809";"Lupionópolis (PR)";"164846"
"4113908";"Mallet (PR)";"973316"
"4114005";"Mamborê (PR)";"859221"
"4114104";"Mandaguaçu (PR)";"995410"
"4114203";"Mandaguari (PR)";"2916500"
"4114302";"Mandirituba (PR)";"801433"
"4114351";"Manfrinópolis (PR)";"104399"
"4114401";"Mangueirinha (PR)";"1869715"
"4114500";"Manoel Ribas (PR)";"656196"
"4114609";"Marechal Cândido Rondon (PR)";"3919007"
"4114708";"Maria Helena (PR)";"176407"
"4114807";"Marialva (PR)";"2964620"
"4114906";"Marilândia do Sul (PR)";"510268"
"4115002";"Marilena (PR)";"237237"
"4115101";"Mariluz (PR)";"403957"
"4115200";"Maringá (PR)";"27817346"
"4115309";"Mariópolis (PR)";"554034"
"4115358";"Maripá (PR)";"535683"
"4115408";"Marmeleiro (PR)";"738403"
"4115457";"Marquinho (PR)";"134982"
"4115507";"Marumbi (PR)";"134313"
"4115606";"Matelândia (PR)";"1440815"
"4115705";"Matinhos (PR)";"1148205"
"4115739";"Mato Rico (PR)";"157348"
"4115754";"Mauá da Serra (PR)";"527212"
"4115804";"Medianeira (PR)";"3007596"
"4115853";"Mercedes (PR)";"311869"
"4115903";"Mirador (PR)";"178999"
"4116000";"Miraselva (PR)";"69394"
"4116059";"Missal (PR)";"496708"
"4116109";"Moreira Sales (PR)";"382098"
"4116208";"Morretes (PR)";"534712"
"4116307";"Munhoz de Melo (PR)";"176663"
"4116406";"Nossa Senhora das Graças (PR)";"126913"
"4116505";"Nova Aliança do Ivaí (PR)";"71238"
"4116604";"Nova América da Colina (PR)";"108097"
"4116703";"Nova Aurora (PR)";"1040813"
"4116802";"Nova Cantu (PR)";"341725"
"4116901";"Nova Esperança (PR)";"1253498"
"4116950";"Nova Esperança do Sudoeste (PR)";"198770"
"4117008";"Nova Fátima (PR)";"327433"
"4117057";"Nova Laranjeiras (PR)";"378372"
"4117107";"Nova Londrina (PR)";"718418"
"4117206";"Nova Olímpia (PR)";"132741"
"4117214";"Nova Santa Bárbara (PR)";"131609"
"4117222";"Nova Santa Rosa (PR)";"484275"
"4117255";"Nova Prata do Iguaçu (PR)";"560124"
"4117271";"Nova Tebas (PR)";"237202"
"4117297";"Novo Itacolomi (PR)";"124923"
"4117305";"Ortigueira (PR)";"3592270"
"4117404";"Ourizona (PR)";"186573"
"4117453";"Ouro Verde do Oeste (PR)";"297137"
"4117503";"Paiçandu (PR)";"1342362"
"4117602";"Palmas (PR)";"1728162"
"4117701";"Palmeira (PR)";"2220003"
"4117800";"Palmital (PR)";"406781"
"4117909";"Palotina (PR)";"3698095"
"4118006";"Paraíso do Norte (PR)";"533427"
"4118105";"Paranacity (PR)";"517609"
"4118204";"Paranaguá (PR)";"15291703"
"4118303";"Paranapoema (PR)";"88781"
"4118402";"Paranavaí (PR)";"4189765"
"4118451";"Pato Bragado (PR)";"269744"
"4118501";"Pato Branco (PR)";"5817896"
"4118600";"Paula Freitas (PR)";"488532"
"4118709";"Paulo Frontin (PR)";"473855"
"4118808";"Peabiru (PR)";"530693"
"4118857";"Perobal (PR)";"354948"
"4118907";"Pérola (PR)";"364026"
"4119004";"Pérola d'Oeste (PR)";"270487"
"4119103";"Piên (PR)";"853225"
"4119152";"Pinhais (PR)";"9852601"
"4119202";"Pinhalão (PR)";"251911"
"4119251";"Pinhal de São Bento (PR)";"82104"
"4119301";"Pinhão (PR)";"1851108"
"4119400";"Piraí do Sul (PR)";"1441276"
"4119509";"Piraquara (PR)";"1901529"
"4119608";"Pitanga (PR)";"1448744"
"4119657";"Pitangueiras (PR)";"160573"
"4119707";"Planaltina do Paraná (PR)";"149540"
"4119806";"Planalto (PR)";"526048"
"4119905";"Ponta Grossa (PR)";"25583325"
"4119954";"Pontal do Paraná (PR)";"809708"
"4120002";"Porecatu (PR)";"732948"
"4120101";"Porto Amazonas (PR)";"391662"
"4120150";"Porto Barreiro (PR)";"169168"
"4120200";"Porto Rico (PR)";"152980"
"4120309";"Porto Vitória (PR)";"98341"
"4120333";"Prado Ferreira (PR)";"207955"
"4120358";"Pranchita (PR)";"378687"
"4120408";"Presidente Castelo Branco (PR)";"197136"
"4120507";"Primeiro de Maio (PR)";"462476"
"4120606";"Prudentópolis (PR)";"1905943"
"4120655";"Quarto Centenário (PR)";"409019"
"4120705";"Quatiguá (PR)";"244507"
"4120804";"Quatro Barras (PR)";"2336181"
"4120853";"Quatro Pontes (PR)";"307122"
"4120903";"Quedas do Iguaçu (PR)";"1927945"
"4121000";"Querência do Norte (PR)";"342244"
"4121109";"Quinta do Sol (PR)";"314953"
"4121208";"Quitandinha (PR)";"594459"
"4121257";"Ramilândia (PR)";"126585"
"4121307";"Rancho Alegre (PR)";"197170"
"4121356";"Rancho Alegre D'Oeste (PR)";"235642"
"4121406";"Realeza (PR)";"958987"
"4121505";"Rebouças (PR)";"635752"
"4121604";"Renascença (PR)";"460072"
"4121703";"Reserva (PR)";"764371"
"4121752";"Reserva do Iguaçu (PR)";"257839"
"4121802";"Ribeirão Claro (PR)";"609741"
"4121901";"Ribeirão do Pinhal (PR)";"487933"
"4122008";"Rio Azul (PR)";"996992"
"4122107";"Rio Bom (PR)";"118815"
"4122156";"Rio Bonito do Iguaçu (PR)";"514285"
"4122172";"Rio Branco do Ivaí (PR)";"174700"
"4122206";"Rio Branco do Sul (PR)";"1850826"
"4122305";"Rio Negro (PR)";"1456165"
"4122404";"Rolândia (PR)";"4602704"
"4122503";"Roncador (PR)";"639474"
"4122602";"Rondon (PR)";"538736"
"4122651";"Rosário do Ivaí (PR)";"166638"
"4122701";"Sabáudia (PR)";"741345"
"4122800";"Salgado Filho (PR)";"144581"
"4122909";"Salto do Itararé (PR)";"124160"
"4123006";"Salto do Lontra (PR)";"628454"
"4123105";"Santa Amélia (PR)";"141542"
"4123204";"Santa Cecília do Pavão (PR)";"179166"
"4123303";"Santa Cruz de Monte Castelo (PR)";"387175"
"4123402";"Santa Fé (PR)";"449906"
"4123501";"Santa Helena (PR)";"1641044"
"4123600";"Santa Inês (PR)";"85155"
"4123709";"Santa Isabel do Ivaí (PR)";"293692"
"4123808";"Santa Izabel do Oeste (PR)";"514079"
"4123824";"Santa Lúcia (PR)";"158188"
"4123857";"Santa Maria do Oeste (PR)";"353046"
"4123907";"Santa Mariana (PR)";"497961"
"4123956";"Santa Mônica (PR)";"115471"
"4124004";"Santana do Itararé (PR)";"184042"
"4124020";"Santa Tereza do Oeste (PR)";"713315"
"4124053";"Santa Terezinha de Itaipu (PR)";"765144"
"4124103";"Santo Antônio da Platina (PR)";"1837884"
"4124202";"Santo Antônio do Caiuá (PR)";"70027"
"4124301";"Santo Antônio do Paraíso (PR)";"114799"
"4124400";"Santo Antônio do Sudoeste (PR)";"804866"
"4124509";"Santo Inácio (PR)";"836727"
"4124608";"São Carlos do Ivaí (PR)";"567836"
"4124707";"São Jerônimo da Serra (PR)";"349306"
"4124806";"São João (PR)";"1220178"
"4124905";"São João do Caiuá (PR)";"191656"
"4125001";"São João do Ivaí (PR)";"410617"
"4125100";"São João do Triunfo (PR)";"875907"
"4125209";"São Jorge d'Oeste (PR)";"531521"
"4125308";"São Jorge do Ivaí (PR)";"417316"
"4125357";"São Jorge do Patrocínio (PR)";"183232"
"4125407";"São José da Boa Vista (PR)";"232641"
"4125456";"São José das Palmeiras (PR)";"109674"
"4125506";"São José dos Pinhais (PR)";"33957964"
"4125555";"São Manoel do Paraná (PR)";"83030"
"4125605";"São Mateus do Sul (PR)";"1934142"
"4125704";"São Miguel do Iguaçu (PR)";"1484412"
"4125753";"São Pedro do Iguaçu (PR)";"267877"
"4125803";"São Pedro do Ivaí (PR)";"453058"
"4125902";"São Pedro do Paraná (PR)";"111291"
"4126009";"São Sebastião da Amoreira (PR)";"277569"
"4126108";"São Tomé (PR)";"221194"
"4126207";"Sapopema (PR)";"183023"
"4126256";"Sarandi (PR)";"2398690"
"4126272";"Saudade do Iguaçu (PR)";"1143427"
"4126306";"Sengés (PR)";"690924"
"4126355";"Serranópolis do Iguaçu (PR)";"272573"
"4126405";"Sertaneja (PR)";"465712"
"4126504";"Sertanópolis (PR)";"863931"
"4126603";"Siqueira Campos (PR)";"851121"
"4126652";"Sulina (PR)";"190979"
"4126678";"Tamarana (PR)";"474596"
"4126702";"Tamboara (PR)";"184145"
"4126801";"Tapejara (PR)";"731143"
"4126900";"Tapira (PR)";"187714"
"4127007";"Teixeira Soares (PR)";"633083"
"4127106";"Telêmaco Borba (PR)";"6409425"
"4127205";"Terra Boa (PR)";"709922"
"4127304";"Terra Rica (PR)";"539546"
"4127403";"Terra Roxa (PR)";"921400"
"4127502";"Tibagi (PR)";"1448624"
"4127601";"Tijucas do Sul (PR)";"554175"
"4127700";"Toledo (PR)";"9508572"
"4127809";"Tomazina (PR)";"350465"
"4127858";"Três Barras do Paraná (PR)";"453550"
"4127882";"Tunas do Paraná (PR)";"142467"
"4127908";"Tuneiras do Oeste (PR)";"297521"
"4127957";"Tupãssi (PR)";"520417"
"4127965";"Turvo (PR)";"697870"
"4128005";"Ubiratã (PR)";"2129922"
"4128104";"Umuarama (PR)";"5096996"
"4128203";"União da Vitória (PR)";"2223373"
"4128302";"Uniflor (PR)";"131665"
"4128401";"Uraí (PR)";"395053"
"4128500";"Wenceslau Braz (PR)";"767256"
"4128534";"Ventania (PR)";"378784"
"4128559";"Vera Cruz do Oeste (PR)";"335607"
"4128609";"Verê (PR)";"606828"
"4128625";"Alto Paraíso (PR)";"147760"
"4128633";"Doutor Ulysses (PR)";"116147"
"4128658";"Virmond (PR)";"241579"
"4128708";"Vitorino (PR)";"631025"
"4128807";"Xambrê (PR)";"138498"
"4200051";"Abdon Batista (SC)";"115985"
"4200101";"Abelardo Luz (SC)";"1085858"
"4200200";"Agrolândia (SC)";"496110"
"4200309";"Agronômica (SC)";"279406"
"4200408";"Água Doce (SC)";"747812"
"4200507";"Águas de Chapecó (SC)";"240633"
"4200556";"Águas Frias (SC)";"183332"
"4200606";"Águas Mornas (SC)";"281792"
"4200705";"Alfredo Wagner (SC)";"414787"
"4200754";"Alto Bela Vista (SC)";"94012"
"4200804";"Anchieta (SC)";"261385"
"4200903";"Angelina (SC)";"192262"
"4201000";"Anita Garibaldi (SC)";"251491"
"4201109";"Anitápolis (SC)";"117403"
"4201208";"Antônio Carlos (SC)";"1163092"
"4201257";"Apiúna (SC)";"510610"
"4201273";"Arabutã (SC)";"400561"
"4201307";"Araquari (SC)";"9900040"
"4201406";"Araranguá (SC)";"3023100"
"4201505";"Armazém (SC)";"343668"
"4201604";"Arroio Trinta (SC)";"154297"
"4201653";"Arvoredo (SC)";"194588"
"4201703";"Ascurra (SC)";"315202"
"4201802";"Atalanta (SC)";"146755"
"4201901";"Aurora (SC)";"468008"
"4201950";"Balneário Arroio do Silva (SC)";"302101"
"4202008";"Balneário Camboriú (SC)";"9004373"
"4202057";"Balneário Barra do Sul (SC)";"321609"
"4202073";"Balneário Gaivota (SC)";"308869"
"4202081";"Bandeirante (SC)";"130220"
"4202099";"Barra Bonita (SC)";"66206"
"4202107";"Barra Velha (SC)";"2468505"
"4202131";"Bela Vista do Toldo (SC)";"277735"
"4202156";"Belmonte (SC)";"86050"
"4202206";"Benedito Novo (SC)";"496824"
"4202305";"Biguaçu (SC)";"3523318"
"4202404";"Blumenau (SC)";"24871920"
"4202438";"Bocaina do Sul (SC)";"145084"
"4202453";"Bombinhas (SC)";"1178868"
"4202503";"Bom Jardim da Serra (SC)";"338788"
"4202537";"Bom Jesus (SC)";"187852"
"4202578";"Bom Jesus do Oeste (SC)";"103572"
"4202602";"Bom Retiro (SC)";"454470"
"4202701";"Botuverá (SC)";"554189"
"4202800";"Braço do Norte (SC)";"2195935"
"4202859";"Braço do Trombudo (SC)";"273816"
"4202875";"Brunópolis (SC)";"143766"
"4202909";"Brusque (SC)";"11071535"
"4203006";"Caçador (SC)";"5375161"
"4203105";"Caibi (SC)";"382027"
"4203154";"Calmon (SC)";"135173"
"4203204";"Camboriú (SC)";"2703378"
"4203253";"Capão Alto (SC)";"281798"
"4203303";"Campo Alegre (SC)";"872665"
"4203402";"Campo Belo do Sul (SC)";"401476"
"4203501";"Campo Erê (SC)";"532119"
"4203600";"Campos Novos (SC)";"3456854"
"4203709";"Canelinha (SC)";"412708"
"4203808";"Canoinhas (SC)";"2759648"
"4203907";"Capinzal (SC)";"1482554"
"4203956";"Capivari de Baixo (SC)";"689019"
"4204004";"Catanduvas (SC)";"676611"
"4204103";"Caxambu do Sul (SC)";"248344"
"4204152";"Celso Ramos (SC)";"96487"
"4204178";"Cerro Negro (SC)";"152293"
"4204194";"Chapadão do Lageado (SC)";"147115"
"4204202";"Chapecó (SC)";"17619284"
"4204251";"Cocal do Sul (SC)";"1084930"
"4204301";"Concórdia (SC)";"5510392"
"4204350";"Cordilheira Alta (SC)";"529198"
"4204400";"Coronel Freitas (SC)";"484593"
"4204459";"Coronel Martins (SC)";"74761"
"4204509";"Corupá (SC)";"1055553"
"4204558";"Correia Pinto (SC)";"763282"
"4204608";"Criciúma (SC)";"12339548"
"4204707";"Cunha Porã (SC)";"1090031"
"4204756";"Cunhataí (SC)";"106831"
"4204806";"Curitibanos (SC)";"2003888"
"4204905";"Descanso (SC)";"382121"
"4205001";"Dionísio Cerqueira (SC)";"674813"
"4205100";"Dona Emma (SC)";"184448"
"4205159";"Doutor Pedrinho (SC)";"184032"
"4205175";"Entre Rios (SC)";"75981"
"4205191";"Ermo (SC)";"241247"
"4205209";"Erval Velho (SC)";"253179"
"4205308";"Faxinal dos Guedes (SC)";"845387"
"4205357";"Flor do Sertão (SC)";"95653"
"4205407";"Florianópolis (SC)";"31190132"
"4205431";"Formosa do Sul (SC)";"104803"
"4205456";"Forquilhinha (SC)";"1525924"
"4205506";"Fraiburgo (SC)";"1596213"
"4205555";"Frei Rogério (SC)";"114310"
"4205605";"Galvão (SC)";"159894"
"4205704";"Garopaba (SC)";"1005308"
"4205803";"Garuva (SC)";"1982039"
"4205902";"Gaspar (SC)";"5058949"
"4206009";"Governador Celso Ramos (SC)";"661697"
"4206108";"Grão-Pará (SC)";"406387"
"4206207";"Gravatal (SC)";"456981"
"4206306";"Guabiruba (SC)";"1492565"
"4206405";"Guaraciaba (SC)";"615278"
"4206504";"Guaramirim (SC)";"3136750"
"4206603";"Guarujá do Sul (SC)";"262918"
"4206652";"Guatambú (SC)";"617585"
"4206702";"Herval d'Oeste (SC)";"723522"
"4206751";"Ibiam (SC)";"90693"
"4206801";"Ibicaré (SC)";"174344"
"4206900";"Ibirama (SC)";"774395"
"4207007";"Içara (SC)";"4878274"
"4207106";"Ilhota (SC)";"1190605"
"4207205";"Imaruí (SC)";"320780"
"4207304";"Imbituba (SC)";"3250688"
"4207403";"Imbuia (SC)";"319441"
"4207502";"Indaial (SC)";"4484718"
"4207577";"Iomerê (SC)";"381384"
"4207601";"Ipira (SC)";"134995"
"4207650";"Iporã do Oeste (SC)";"486274"
"4207684";"Ipuaçu (SC)";"435900"
"4207700";"Ipumirim (SC)";"564808"
"4207759";"Iraceminha (SC)";"258923"
"4207809";"Irani (SC)";"339803"
"4207858";"Irati (SC)";"78560"
"4207908";"Irineópolis (SC)";"636426"
"4208005";"Itá (SC)";"550222"
"4208104";"Itaiópolis (SC)";"1404662"
"4208203";"Itajaí (SC)";"48195909"
"4208302";"Itapema (SC)";"3799730"
"4208401";"Itapiranga (SC)";"1369949"
"4208450";"Itapoá (SC)";"1990651"
"4208500";"Ituporanga (SC)";"1565743"
"4208609";"Jaborá (SC)";"236970"
"4208708";"Jacinto Machado (SC)";"733562"
"4208807";"Jaguaruna (SC)";"887386"
"4208906";"Jaraguá do Sul (SC)";"15509263"
"4208955";"Jardinópolis (SC)";"82849"
"4209003";"Joaçaba (SC)";"2754514"
"4209102";"Joinville (SC)";"49815877"
"4209151";"José Boiteux (SC)";"171772"
"4209177";"Jupiá (SC)";"109999"
"4209201";"Lacerdópolis (SC)";"186584"
"4209300";"Lages (SC)";"8341650"
"4209409";"Laguna (SC)";"1404150"
"4209458";"Lajeado Grande (SC)";"108719"
"4209508";"Laurentino (SC)";"536261"
"4209607";"Lauro Müller (SC)";"481730"
"4209706";"Lebon Régis (SC)";"466724"
"4209805";"Leoberto Leal (SC)";"169622"
"4209854";"Lindóia do Sul (SC)";"201026"
"4209904";"Lontras (SC)";"579987"
"4210001";"Luiz Alves (SC)";"1138042"
"4210035";"Luzerna (SC)";"346309"
"4210050";"Macieira (SC)";"70008"
"4210100";"Mafra (SC)";"3296812"
"4210209";"Major Gercino (SC)";"86474"
"4210308";"Major Vieira (SC)";"417209"
"4210407";"Maracajá (SC)";"355365"
"4210506";"Maravilha (SC)";"2499223"
"4210555";"Marema (SC)";"111255"
"4210605";"Massaranduba (SC)";"1050211"
"4210704";"Matos Costa (SC)";"77764"
"4210803";"Meleiro (SC)";"469316"
"4210852";"Mirim Doce (SC)";"106937"
"4210902";"Modelo (SC)";"203356"
"4211009";"Mondaí (SC)";"1249317"
"4211058";"Monte Carlo (SC)";"325033"
"4211108";"Monte Castelo (SC)";"285959"
"4211207";"Morro da Fumaça (SC)";"1019641"
"4211256";"Morro Grande (SC)";"194418"
"4211306";"Navegantes (SC)";"7939674"
"4211405";"Nova Erechim (SC)";"266502"
"4211454";"Nova Itaberaba (SC)";"191952"
"4211504";"Nova Trento (SC)";"972888"
"4211603";"Nova Veneza (SC)";"1333549"
"4211652";"Novo Horizonte (SC)";"160908"
"4211702";"Orleans (SC)";"1408944"
"4211751";"Otacílio Costa (SC)";"1267788"
"4211801";"Ouro (SC)";"307202"
"4211850";"Ouro Verde (SC)";"170820"
"4211876";"Paial (SC)";"73788"
"4211892";"Painel (SC)";"111006"
"4211900";"Palhoça (SC)";"10294550"
"4212007";"Palma Sola (SC)";"361215"
"4212056";"Palmeira (SC)";"205053"
"4212106";"Palmitos (SC)";"1211264"
"4212205";"Papanduva (SC)";"1183058"
"4212239";"Paraíso (SC)";"194244"
"4212254";"Passo de Torres (SC)";"301934"
"4212270";"Passos Maia (SC)";"218824"
"4212304";"Paulo Lopes (SC)";"417795"
"4212403";"Pedras Grandes (SC)";"305366"
"4212502";"Penha (SC)";"1340663"
"4212601";"Peritiba (SC)";"166701"
"4212650";"Pescaria Brava (SC)";"164483"
"4212700";"Petrolândia (SC)";"265682"
"4212809";"Balneário Piçarras (SC)";"2097521"
"4212908";"Pinhalzinho (SC)";"1941701"
"4213005";"Pinheiro Preto (SC)";"323209"
"4213104";"Piratuba (SC)";"953671"
"4213153";"Planalto Alegre (SC)";"144007"
"4213203";"Pomerode (SC)";"3184672"
"4213302";"Ponte Alta (SC)";"205504"
"4213351";"Ponte Alta do Norte (SC)";"158355"
"4213401";"Ponte Serrada (SC)";"390492"
"4213500";"Porto Belo (SC)";"2090678"
"4213609";"Porto União (SC)";"1314938"
"4213708";"Pouso Redondo (SC)";"912670"
"4213807";"Praia Grande (SC)";"312294"
"4213906";"Presidente Castello Branco (SC)";"88879"
"4214003";"Presidente Getúlio (SC)";"1091871"
"4214102";"Presidente Nereu (SC)";"81283"
"4214151";"Princesa (SC)";"134567"
"4214201";"Quilombo (SC)";"670409"
"4214300";"Rancho Queimado (SC)";"227902"
"4214409";"Rio das Antas (SC)";"328940"
"4214508";"Rio do Campo (SC)";"265323"
"4214607";"Rio do Oeste (SC)";"348708"
"4214706";"Rio dos Cedros (SC)";"565977"
"4214805";"Rio do Sul (SC)";"4621903"
"4214904";"Rio Fortuna (SC)";"373208"
"4215000";"Rio Negrinho (SC)";"1731868"
"4215059";"Rio Rufino (SC)";"96784"
"4215075";"Riqueza (SC)";"198674"
"4215109";"Rodeio (SC)";"456660"
"4215208";"Romelândia (SC)";"132525"
"4215307";"Salete (SC)";"383453"
"4215356";"Saltinho (SC)";"115351"
"4215406";"Salto Veloso (SC)";"347636"
"4215455";"Sangão (SC)";"701076"
"4215505";"Santa Cecília (SC)";"672250"
"4215554";"Santa Helena (SC)";"128409"
"4215604";"Santa Rosa de Lima (SC)";"108834"
"4215653";"Santa Rosa do Sul (SC)";"277594"
"4215679";"Santa Terezinha (SC)";"342769"
"4215687";"Santa Terezinha do Progresso (SC)";"89006"
"4215695";"Santiago do Sul (SC)";"62417"
"4215703";"Santo Amaro da Imperatriz (SC)";"1749916"
"4215752";"São Bernardino (SC)";"110781"
"4215802";"São Bento do Sul (SC)";"5038223"
"4215901";"São Bonifácio (SC)";"265330"
"4216008";"São Carlos (SC)";"794990"
"4216057";"São Cristóvão do Sul (SC)";"197299"
"4216107";"São Domingos (SC)";"536174"
"4216206";"São Francisco do Sul (SC)";"7396332"
"4216255";"São João do Oeste (SC)";"463168"
"4216305";"São João Batista (SC)";"1303724"
"4216354";"São João do Itaperiú (SC)";"455830"
"4216404";"São João do Sul (SC)";"434705"
"4216503";"São Joaquim (SC)";"1484851"
"4216602";"São José (SC)";"15575672"
"4216701";"São José do Cedro (SC)";"681891"
"4216800";"São José do Cerrito (SC)";"355894"
"4216909";"São Lourenço do Oeste (SC)";"1843473"
"4217006";"São Ludgero (SC)";"1241478"
"4217105";"São Martinho (SC)";"148541"
"4217154";"São Miguel da Boa Vista (SC)";"73871"
"4217204";"São Miguel do Oeste (SC)";"3105098"
"4217253";"São Pedro de Alcântara (SC)";"148311"
"4217303";"Saudades (SC)";"718463"
"4217402";"Schroeder (SC)";"906591"
"4217501";"Seara (SC)";"1506648"
"4217550";"Serra Alta (SC)";"147398"
"4217600";"Siderópolis (SC)";"804482"
"4217709";"Sombrio (SC)";"1304359"
"4217758";"Sul Brasil (SC)";"123620"
"4217808";"Taió (SC)";"1038273"
"4217907";"Tangará (SC)";"760285"
"4217956";"Tigrinhos (SC)";"88349"
"4218004";"Tijucas (SC)";"3687049"
"4218103";"Timbé do Sul (SC)";"197892"
"4218202";"Timbó (SC)";"2737817"
"4218251";"Timbó Grande (SC)";"304453"
"4218301";"Três Barras (SC)";"2060110"
"4218350";"Treviso (SC)";"198900"
"4218400";"Treze de Maio (SC)";"255516"
"4218509";"Treze Tílias (SC)";"1194854"
"4218608";"Trombudo Central (SC)";"433330"
"4218707";"Tubarão (SC)";"6007108"
"4218756";"Tunápolis (SC)";"229506"
"4218806";"Turvo (SC)";"992639"
"4218855";"União do Oeste (SC)";"116753"
"4218905";"Urubici (SC)";"471776"
"4218954";"Urupema (SC)";"131850"
"4219002";"Urussanga (SC)";"1222447"
"4219101";"Vargeão (SC)";"301834"
"4219150";"Vargem (SC)";"100064"
"4219176";"Vargem Bonita (SC)";"661591"
"4219200";"Vidal Ramos (SC)";"401953"
"4219309";"Videira (SC)";"4129523"
"4219358";"Vitor Meireles (SC)";"193745"
"4219408";"Witmarsum (SC)";"197839"
"4219507";"Xanxerê (SC)";"3145565"
"4219606";"Xavantina (SC)";"249450"
"4219705";"Xaxim (SC)";"1737477"
"4219853";"Zortéa (SC)";"135060"
"4220000";"Balneário Rincão (SC)";"420208"
"4300034";"Aceguá (RS)";"382340"
"4300059";"Água Santa (RS)";"418738"
"4300109";"Agudo (RS)";"780152"
"4300208";"Ajuricaba (RS)";"383525"
"4300307";"Alecrim (RS)";"153719"
"4300406";"Alegrete (RS)";"3102028"
"4300455";"Alegria (RS)";"136099"
"4300471";"Almirante Tamandaré do Sul (RS)";"223167"
"4300505";"Alpestre (RS)";"302869"
"4300554";"Alto Alegre (RS)";"72442"
"4300570";"Alto Feliz (RS)";"203171"
"4300604";"Alvorada (RS)";"4129934"
"4300638";"Amaral Ferrador (RS)";"174054"
"4300646";"Ametista do Sul (RS)";"203478"
"4300661";"André da Rocha (RS)";"112013"
"4300703";"Anta Gorda (RS)";"333257"
"4300802";"Antônio Prado (RS)";"926443"
"4300851";"Arambaré (RS)";"233582"
"4300877";"Araricá (RS)";"322955"
"4300901";"Aratiba (RS)";"1185217"
"4301008";"Arroio do Meio (RS)";"1943138"
"4301057";"Arroio do Sal (RS)";"353687"
"4301073";"Arroio do Padre (RS)";"96551"
"4301107";"Arroio dos Ratos (RS)";"404985"
"4301206";"Arroio do Tigre (RS)";"472739"
"4301305";"Arroio Grande (RS)";"965508"
"4301404";"Arvorezinha (RS)";"404652"
"4301503";"Augusto Pestana (RS)";"350687"
"4301552";"Áurea (RS)";"177756"
"4301602";"Bagé (RS)";"4414768"
"4301636";"Balneário Pinhal (RS)";"333149"
"4301651";"Barão (RS)";"462911"
"4301701";"Barão de Cotegipe (RS)";"324769"
"4301750";"Barão do Triunfo (RS)";"142447"
"4301800";"Barracão (RS)";"300015"
"4301859";"Barra do Guarita (RS)";"63072"
"4301875";"Barra do Quaraí (RS)";"332590"
"4301909";"Barra do Ribeiro (RS)";"581054"
"4301925";"Barra do Rio Azul (RS)";"78571"
"4301958";"Barra Funda (RS)";"167382"
"4302006";"Barros Cassal (RS)";"274474"
"4302055";"Benjamin Constant do Sul (RS)";"49986"
"4302105";"Bento Gonçalves (RS)";"9062598"
"4302154";"Boa Vista das Missões (RS)";"173200"
"4302204";"Boa Vista do Buricá (RS)";"354602"
"4302220";"Boa Vista do Cadeado (RS)";"269991"
"4302238";"Boa Vista do Incra (RS)";"196998"
"4302253";"Boa Vista do Sul (RS)";"134912"
"4302303";"Bom Jesus (RS)";"593403"
"4302352";"Bom Princípio (RS)";"951019"
"4302378";"Bom Progresso (RS)";"73593"
"4302402";"Bom Retiro do Sul (RS)";"509725"
"4302451";"Boqueirão do Leão (RS)";"199040"
"4302501";"Bossoroca (RS)";"250550"
"4302584";"Bozano (RS)";"119425"
"4302600";"Braga (RS)";"109439"
"4302659";"Brochier (RS)";"132265"
"4302709";"Butiá (RS)";"567081"
"4302808";"Caçapava do Sul (RS)";"1175802"
"4302907";"Cacequi (RS)";"566823"
"4303004";"Cachoeira do Sul (RS)";"3371237"
"4303103";"Cachoeirinha (RS)";"7781824"
"4303202";"Cacique Doble (RS)";"154022"
"4303301";"Caibaté (RS)";"180412"
"4303400";"Caiçara (RS)";"159894"
"4303509";"Camaquã (RS)";"3154677"
"4303558";"Camargo (RS)";"612435"
"4303608";"Cambará do Sul (RS)";"275332"
"4303673";"Campestre da Serra (RS)";"236802"
"4303707";"Campina das Missões (RS)";"203771"
"4303806";"Campinas do Sul (RS)";"294875"
"4303905";"Campo Bom (RS)";"4528757"
"4304002";"Campo Novo (RS)";"287302"
"4304101";"Campos Borges (RS)";"105020"
"4304200";"Candelária (RS)";"1234677"
"4304309";"Cândido Godói (RS)";"375022"
"4304358";"Candiota (RS)";"1699384"
"4304408";"Canela (RS)";"1959719"
"4304507";"Canguçu (RS)";"1825528"
"4304606";"Canoas (RS)";"29166697"
"4304614";"Canudos do Vale (RS)";"66953"
"4304622";"Capão Bonito do Sul (RS)";"223071"
"4304630";"Capão da Canoa (RS)";"2588161"
"4304655";"Capão do Cipó (RS)";"220126"
"4304663";"Capão do Leão (RS)";"854022"
"4304671";"Capivari do Sul (RS)";"399405"
"4304689";"Capela de Santana (RS)";"315947"
"4304697";"Capitão (RS)";"88569"
"4304705";"Carazinho (RS)";"3744967"
"4304713";"Caraá (RS)";"158174"
"4304804";"Carlos Barbosa (RS)";"3815080"
"4304853";"Carlos Gomes (RS)";"61763"
"4304903";"Casca (RS)";"875949"
"4304952";"Caseiros (RS)";"177158"
"4305009";"Catuípe (RS)";"425026"
"4305108";"Caxias do Sul (RS)";"37860602"
"4305116";"Centenário (RS)";"123347"
"4305124";"Cerrito (RS)";"131166"
"4305132";"Cerro Branco (RS)";"104220"
"4305157";"Cerro Grande (RS)";"61938"
"4305173";"Cerro Grande do Sul (RS)";"251120"
"4305207";"Cerro Largo (RS)";"807007"
"4305306";"Chapada (RS)";"603053"
"4305355";"Charqueadas (RS)";"1857420"
"4305371";"Charrua (RS)";"125647"
"4305405";"Chiapetta (RS)";"265708"
"4305439";"Chuí (RS)";"522360"
"4305447";"Chuvisca (RS)";"163415"
"4305454";"Cidreira (RS)";"406916"
"4305504";"Ciríaco (RS)";"233410"
"4305587";"Colinas (RS)";"90398"
"4305603";"Colorado (RS)";"198977"
"4305702";"Condor (RS)";"470592"
"4305801";"Constantina (RS)";"471925"
"4305835";"Coqueiro Baixo (RS)";"56011"
"4305850";"Coqueiros do Sul (RS)";"139283"
"4305871";"Coronel Barros (RS)";"143058"
"4305900";"Coronel Bicaco (RS)";"397095"
"4305934";"Coronel Pilar (RS)";"58153"
"4305959";"Cotiporã (RS)";"205102"
"4305975";"Coxilha (RS)";"349364"
"4306007";"Crissiumal (RS)";"500660"
"4306056";"Cristal (RS)";"300530"
"4306072";"Cristal do Sul (RS)";"98787"
"4306106";"Cruz Alta (RS)";"4399886"
"4306130";"Cruzaltense (RS)";"104945"
"4306205";"Cruzeiro do Sul (RS)";"685746"
"4306304";"David Canabarro (RS)";"206880"
"4306320";"Derrubadas (RS)";"117581"
"4306353";"Dezesseis de Novembro (RS)";"51412"
"4306379";"Dilermando de Aguiar (RS)";"202939"
"4306403";"Dois Irmãos (RS)";"2639523"
"4306429";"Dois Irmãos das Missões (RS)";"125757"
"4306452";"Dois Lajeados (RS)";"166002"
"4306502";"Dom Feliciano (RS)";"418179"
"4306551";"Dom Pedro de Alcântara (RS)";"83656"
"4306601";"Dom Pedrito (RS)";"2288172"
"4306700";"Dona Francisca (RS)";"112216"
"4306734";"Doutor Maurício Cardoso (RS)";"228266"
"4306759";"Doutor Ricardo (RS)";"89704"
"4306767";"Eldorado do Sul (RS)";"2623491"
"4306809";"Encantado (RS)";"1411422"
"4306908";"Encruzilhada do Sul (RS)";"1189528"
"4306924";"Engenho Velho (RS)";"50748"
"4306932";"Entre-Ijuís (RS)";"478944"
"4306957";"Entre Rios do Sul (RS)";"209711"
"4306973";"Erebango (RS)";"152046"
"4307005";"Erechim (RS)";"8497106"
"4307054";"Ernestina (RS)";"163434"
"4307104";"Herval (RS)";"199383"
"4307203";"Erval Grande (RS)";"161672"
"4307302";"Erval Seco (RS)";"299811"
"4307401";"Esmeralda (RS)";"363781"
"4307450";"Esperança do Sul (RS)";"101346"
"4307500";"Espumoso (RS)";"861538"
"4307559";"Estação (RS)";"397872"
"4307609";"Estância Velha (RS)";"2309196"
"4307708";"Esteio (RS)";"3998587"
"4307807";"Estrela (RS)";"2376913"
"4307815";"Estrela Velha (RS)";"145289"
"4307831";"Eugênio de Castro (RS)";"224862"
"4307864";"Fagundes Varela (RS)";"189848"
"4307906";"Farroupilha (RS)";"4960621"
"4308003";"Faxinal do Soturno (RS)";"298533"
"4308052";"Faxinalzinho (RS)";"113640"
"4308078";"Fazenda Vilanova (RS)";"145766"
"4308102";"Feliz (RS)";"676581"
"4308201";"Flores da Cunha (RS)";"3336288"
"4308250";"Floriano Peixoto (RS)";"77406"
"4308300";"Fontoura Xavier (RS)";"260495"
"4308409";"Formigueiro (RS)";"263216"
"4308433";"Forquetinha (RS)";"64513"
"4308458";"Fortaleza dos Valos (RS)";"330898"
"4308508";"Frederico Westphalen (RS)";"1792336"
"4308607";"Garibaldi (RS)";"3565442"
"4308656";"Garruchos (RS)";"134739"
"4308706";"Gaurama (RS)";"349016"
"4308805";"General Câmara (RS)";"234058"
"4308854";"Gentil (RS)";"152256"
"4308904";"Getúlio Vargas (RS)";"879960"
"4309001";"Giruá (RS)";"1017468"
"4309050";"Glorinha (RS)";"595369"
"4309100";"Gramado (RS)";"3565830"
"4309126";"Gramado dos Loureiros (RS)";"87589"
"4309159";"Gramado Xavier (RS)";"124280"
"4309209";"Gravataí (RS)";"15545558"
"4309258";"Guabiju (RS)";"107684"
"4309308";"Guaíba (RS)";"9001785"
"4309407";"Guaporé (RS)";"1264537"
"4309506";"Guarani das Missões (RS)";"295743"
"4309555";"Harmonia (RS)";"306941"
"4309571";"Herveiras (RS)";"88439"
"4309605";"Horizontina (RS)";"1828050"
"4309654";"Hulha Negra (RS)";"228860"
"4309704";"Humaitá (RS)";"218021"
"4309753";"Ibarama (RS)";"105469"
"4309803";"Ibiaçá (RS)";"298761"
"4309902";"Ibiraiaras (RS)";"380199"
"4309951";"Ibirapuitã (RS)";"188102"
"4310009";"Ibirubá (RS)";"1708042"
"4310108";"Igrejinha (RS)";"2656127"
"4310207";"Ijuí (RS)";"6105244"
"4310306";"Ilópolis (RS)";"164900"
"4310330";"Imbé (RS)";"762866"
"4310363";"Imigrante (RS)";"590476"
"4310405";"Independência (RS)";"443606"
"4310413";"Inhacorá (RS)";"76396"
"4310439";"Ipê (RS)";"392922"
"4310462";"Ipiranga do Sul (RS)";"122376"
"4310504";"Iraí (RS)";"255785"
"4310538";"Itaara (RS)";"304167"
"4310553";"Itacurubi (RS)";"114342"
"4310579";"Itapuca (RS)";"93881"
"4310603";"Itaqui (RS)";"2068939"
"4310652";"Itati (RS)";"103483"
"4310702";"Itatiba do Sul (RS)";"85113"
"4310751";"Ivorá (RS)";"53952"
"4310801";"Ivoti (RS)";"1538878"
"4310850";"Jaboticaba (RS)";"106763"
"4310876";"Jacuizinho (RS)";"125146"
"4310900";"Jacutinga (RS)";"188689"
"4311007";"Jaguarão (RS)";"1034802"
"4311106";"Jaguari (RS)";"328937"
"4311122";"Jaquirana (RS)";"101810"
"4311130";"Jari (RS)";"211635"
"4311155";"Jóia (RS)";"345894"
"4311205";"Júlio de Castilhos (RS)";"1306882"
"4311239";"Lagoa Bonita do Sul (RS)";"84224"
"4311254";"Lagoão (RS)";"149771"
"4311270";"Lagoa dos Três Cantos (RS)";"81864"
"4311304";"Lagoa Vermelha (RS)";"1608163"
"4311403";"Lajeado (RS)";"6705227"
"4311429";"Lajeado do Bugre (RS)";"65433"
"4311502";"Lavras do Sul (RS)";"369845"
"4311601";"Liberato Salzano (RS)";"152571"
"4311627";"Lindolfo Collor (RS)";"353109"
"4311643";"Linha Nova (RS)";"76154"
"4311700";"Machadinho (RS)";"260895"
"4311718";"Maçambará (RS)";"367963"
"4311734";"Mampituba (RS)";"101220"
"4311759";"Manoel Viana (RS)";"303342"
"4311775";"Maquiné (RS)";"228748"
"4311791";"Maratá (RS)";"104147"
"4311809";"Marau (RS)";"3738295"
"4311908";"Marcelino Ramos (RS)";"192535"
"4311981";"Mariana Pimentel (RS)";"117787"
"4312005";"Mariano Moro (RS)";"71583"
"4312054";"Marques de Souza (RS)";"137495"
"4312104";"Mata (RS)";"174006"
"4312138";"Mato Castelhano (RS)";"128502"
"4312153";"Mato Leitão (RS)";"295044"
"4312179";"Mato Queimado (RS)";"61648"
"4312203";"Maximiliano de Almeida (RS)";"159588"
"4312252";"Minas do Leão (RS)";"291061"
"4312302";"Miraguaí (RS)";"200597"
"4312351";"Montauri (RS)";"73733"
"4312377";"Monte Alegre dos Campos (RS)";"117051"
"4312385";"Monte Belo do Sul (RS)";"126816"
"4312401";"Montenegro (RS)";"5259437"
"4312427";"Mormaço (RS)";"102289"
"4312443";"Morrinhos do Sul (RS)";"103248"
"4312450";"Morro Redondo (RS)";"153226"
"4312476";"Morro Reuter (RS)";"304040"
"4312500";"Mostardas (RS)";"494341"
"4312609";"Muçum (RS)";"273363"
"4312617";"Muitos Capões (RS)";"950302"
"4312625";"Muliterno (RS)";"71170"
"4312658";"Não-Me-Toque (RS)";"2951960"
"4312674";"Nicolau Vergueiro (RS)";"101823"
"4312708";"Nonoai (RS)";"539374"
"4312757";"Nova Alvorada (RS)";"201942"
"4312807";"Nova Araçá (RS)";"474775"
"4312906";"Nova Bassano (RS)";"765058"
"4312955";"Nova Boa Vista (RS)";"137786"
"4313003";"Nova Bréscia (RS)";"153973"
"4313011";"Nova Candelária (RS)";"225892"
"4313037";"Nova Esperança do Sul (RS)";"197238"
"4313060";"Nova Hartz (RS)";"1054362"
"4313086";"Nova Pádua (RS)";"115884"
"4313102";"Nova Palma (RS)";"306852"
"4313201";"Nova Petrópolis (RS)";"1103618"
"4313300";"Nova Prata (RS)";"1559276"
"4313334";"Nova Ramada (RS)";"204997"
"4313359";"Nova Roma do Sul (RS)";"206674"
"4313375";"Nova Santa Rita (RS)";"3229383"
"4313391";"Novo Cabrais (RS)";"131684"
"4313409";"Novo Hamburgo (RS)";"11936582"
"4313425";"Novo Machado (RS)";"140899"
"4313441";"Novo Tiradentes (RS)";"73353"
"4313466";"Novo Xingu (RS)";"67741"
"4313490";"Novo Barreiro (RS)";"120313"
"4313508";"Osório (RS)";"2141950"
"4313607";"Paim Filho (RS)";"162821"
"4313656";"Palmares do Sul (RS)";"739855"
"4313706";"Palmeira das Missões (RS)";"1708324"
"4313805";"Palmitinho (RS)";"265325"
"4313904";"Panambi (RS)";"4011216"
"4313953";"Pantano Grande (RS)";"576614"
"4314001";"Paraí (RS)";"488256"
"4314027";"Paraíso do Sul (RS)";"230034"
"4314035";"Pareci Novo (RS)";"159254"
"4314050";"Parobé (RS)";"1725746"
"4314068";"Passa Sete (RS)";"144618"
"4314076";"Passo do Sobrado (RS)";"281871"
"4314100";"Passo Fundo (RS)";"14069540"
"4314134";"Paulo Bento (RS)";"238558"
"4314159";"Paverama (RS)";"301262"
"4314175";"Pedras Altas (RS)";"172852"
"4314209";"Pedro Osório (RS)";"242415"
"4314308";"Pejuçara (RS)";"293084"
"4314407";"Pelotas (RS)";"12480919"
"4314423";"Picada Café (RS)";"393452"
"4314456";"Pinhal (RS)";"154127"
"4314464";"Pinhal da Serra (RS)";"249016"
"4314472";"Pinhal Grande (RS)";"500998"
"4314498";"Pinheirinho do Vale (RS)";"140566"
"4314506";"Pinheiro Machado (RS)";"357896"
"4314548";"Pinto Bandeira (RS)";"93134"
"4314555";"Pirapó (RS)";"72016"
"4314605";"Piratini (RS)";"744361"
"4314704";"Planalto (RS)";"325778"
"4314753";"Poço das Antas (RS)";"100774"
"4314779";"Pontão (RS)";"271978"
"4314787";"Ponte Preta (RS)";"78317"
"4314803";"Portão (RS)";"1816677"
"4314902";"Porto Alegre (RS)";"104743272"
"4315008";"Porto Lucena (RS)";"128972"
"4315057";"Porto Mauá (RS)";"79557"
"4315073";"Porto Vera Cruz (RS)";"48373"
"4315107";"Porto Xavier (RS)";"230082"
"4315131";"Pouso Novo (RS)";"57904"
"4315149";"Presidente Lucena (RS)";"371734"
"4315156";"Progresso (RS)";"181523"
"4315172";"Protásio Alves (RS)";"93358"
"4315206";"Putinga (RS)";"153758"
"4315305";"Quaraí (RS)";"720057"
"4315313";"Quatro Irmãos (RS)";"136523"
"4315321";"Quevedos (RS)";"156253"
"4315354";"Quinze de Novembro (RS)";"172891"
"4315404";"Redentora (RS)";"207604"
"4315453";"Relvado (RS)";"75597"
"4315503";"Restinga Sêca (RS)";"643230"
"4315552";"Rio dos Índios (RS)";"116660"
"4315602";"Rio Grande (RS)";"14106680"
"4315701";"Rio Pardo (RS)";"1248019"
"4315750";"Riozinho (RS)";"165772"
"4315800";"Roca Sales (RS)";"626611"
"4315909";"Rodeio Bonito (RS)";"301150"
"4315958";"Rolador (RS)";"91405"
"4316006";"Rolante (RS)";"951008"
"4316105";"Ronda Alta (RS)";"402816"
"4316204";"Rondinha (RS)";"227716"
"4316303";"Roque Gonzales (RS)";"396753"
"4316402";"Rosário do Sul (RS)";"1498313"
"4316428";"Sagrada Família (RS)";"67102"
"4316436";"Saldanha Marinho (RS)";"170089"
"4316451";"Salto do Jacuí (RS)";"594921"
"4316477";"Salvador das Missões (RS)";"162260"
"4316501";"Salvador do Sul (RS)";"395636"
"4316600";"Sananduva (RS)";"877957"
"4316709";"Santa Bárbara do Sul (RS)";"875561"
"4316733";"Santa Cecília do Sul (RS)";"91361"
"4316758";"Santa Clara do Sul (RS)";"427744"
"4316808";"Santa Cruz do Sul (RS)";"13396618"
"4316907";"Santa Maria (RS)";"10932024"
"4316956";"Santa Maria do Herval (RS)";"271501"
"4316972";"Santa Margarida do Sul (RS)";"278310"
"4317004";"Santana da Boa Vista (RS)";"237629"
"4317103";"Sant'Ana do Livramento (RS)";"3143614"
"4317202";"Santa Rosa (RS)";"4530356"
"4317251";"Santa Tereza (RS)";"53742"
"4317301";"Santa Vitória do Palmar (RS)";"1990739"
"4317400";"Santiago (RS)";"1861691"
"4317509";"Santo Ângelo (RS)";"3379818"
"4317558";"Santo Antônio do Palma (RS)";"112425"
"4317608";"Santo Antônio da Patrulha (RS)";"2178831"
"4317707";"Santo Antônio das Missões (RS)";"433323"
"4317756";"Santo Antônio do Planalto (RS)";"166647"
"4317806";"Santo Augusto (RS)";"728450"
"4317905";"Santo Cristo (RS)";"766616"
"4317954";"Santo Expedito do Sul (RS)";"105537"
"4318002";"São Borja (RS)";"2550388"
"4318051";"São Domingos do Sul (RS)";"130564"
"4318101";"São Francisco de Assis (RS)";"592569"
"4318200";"São Francisco de Paula (RS)";"1202082"
"4318309";"São Gabriel (RS)";"2682926"
"4318408";"São Jerônimo (RS)";"712278"
"4318424";"São João da Urtiga (RS)";"198261"
"4318432";"São João do Polêsine (RS)";"117973"
"4318440";"São Jorge (RS)";"113154"
"4318457";"São José das Missões (RS)";"76281"
"4318465";"São José do Herval (RS)";"55694"
"4318481";"São José do Hortêncio (RS)";"149146"
"4318499";"São José do Inhacorá (RS)";"214097"
"4318507";"São José do Norte (RS)";"1273464"
"4318606";"São José do Ouro (RS)";"426238"
"4318614";"São José do Sul (RS)";"111514"
"4318622";"São José dos Ausentes (RS)";"177177"
"4318705";"São Leopoldo (RS)";"11740913"
"4318804";"São Lourenço do Sul (RS)";"1719596"
"4318903";"São Luiz Gonzaga (RS)";"1712990"
"4319000";"São Marcos (RS)";"1488757"
"4319109";"São Martinho (RS)";"304939"
"4319125";"São Martinho da Serra (RS)";"211210"
"4319158";"São Miguel das Missões (RS)";"517182"
"4319208";"São Nicolau (RS)";"178749"
"4319307";"São Paulo das Missões (RS)";"214703"
"4319356";"São Pedro da Serra (RS)";"122651"
"4319364";"São Pedro das Missões (RS)";"72911"
"4319372";"São Pedro do Butiá (RS)";"139485"
"4319406";"São Pedro do Sul (RS)";"505803"
"4319505";"São Sebastião do Caí (RS)";"1123568"
"4319604";"São Sepé (RS)";"1059509"
"4319703";"São Valentim (RS)";"124878"
"4319711";"São Valentim do Sul (RS)";"84857"
"4319737";"São Valério do Sul (RS)";"67841"
"4319752";"São Vendelino (RS)";"105311"
"4319802";"São Vicente do Sul (RS)";"469886"
"4319901";"Sapiranga (RS)";"4674054"
"4320008";"Sapucaia do Sul (RS)";"4729408"
"4320107";"Sarandi (RS)";"1427661"
"4320206";"Seberi (RS)";"827496"
"4320230";"Sede Nova (RS)";"122595"
"4320263";"Segredo (RS)";"181686"
"4320305";"Selbach (RS)";"286810"
"4320321";"Senador Salgado Filho (RS)";"93393"
"4320354";"Sentinela do Sul (RS)";"179897"
"4320404";"Serafina Corrêa (RS)";"988516"
"4320453";"Sério (RS)";"70329"
"4320503";"Sertão (RS)";"389514"
"4320552";"Sertão Santana (RS)";"344571"
"4320578";"Sete de Setembro (RS)";"77186"
"4320602";"Severiano de Almeida (RS)";"142412"
"4320651";"Silveira Martins (RS)";"72204"
"4320677";"Sinimbu (RS)";"248267"
"4320701";"Sobradinho (RS)";"523240"
"4320800";"Soledade (RS)";"1312842"
"4320859";"Tabaí (RS)";"176254"
"4320909";"Tapejara (RS)";"1870497"
"4321006";"Tapera (RS)";"584149"
"4321105";"Tapes (RS)";"634090"
"4321204";"Taquara (RS)";"1815775"
"4321303";"Taquari (RS)";"1123745"
"4321329";"Taquaruçu do Sul (RS)";"188337"
"4321352";"Tavares (RS)";"135924"
"4321402";"Tenente Portela (RS)";"614914"
"4321436";"Terra de Areia (RS)";"342570"
"4321451";"Teutônia (RS)";"2003351"
"4321469";"Tio Hugo (RS)";"173559"
"4321477";"Tiradentes do Sul (RS)";"162975"
"4321493";"Toropi (RS)";"82304"
"4321501";"Torres (RS)";"1835529"
"4321600";"Tramandaí (RS)";"1579725"
"4321626";"Travesseiro (RS)";"86078"
"4321634";"Três Arroios (RS)";"134291"
"4321667";"Três Cachoeiras (RS)";"372783"
"4321709";"Três Coroas (RS)";"1046073"
"4321808";"Três de Maio (RS)";"1525082"
"4321832";"Três Forquilhas (RS)";"79197"
"4321857";"Três Palmeiras (RS)";"165901"
"4321907";"Três Passos (RS)";"1228032"
"4321956";"Trindade do Sul (RS)";"403531"
"4322004";"Triunfo (RS)";"7571335"
"4322103";"Tucunduva (RS)";"231162"
"4322152";"Tunas (RS)";"94250"
"4322186";"Tupanci do Sul (RS)";"79798"
"4322202";"Tupanciretã (RS)";"1275254"
"4322251";"Tupandi (RS)";"604244"
"4322301";"Tuparendi (RS)";"375006"
"4322327";"Turuçu (RS)";"161326"
"4322343";"Ubiretama (RS)";"73526"
"4322350";"União da Serra (RS)";"64313"
"4322376";"Unistalda (RS)";"71038"
"4322400";"Uruguaiana (RS)";"3915554"
"4322509";"Vacaria (RS)";"3701333"
"4322525";"Vale Verde (RS)";"156860"
"4322533";"Vale do Sol (RS)";"380489"
"4322541";"Vale Real (RS)";"298091"
"4322558";"Vanini (RS)";"81724"
"4322608";"Venâncio Aires (RS)";"4683134"
"4322707";"Vera Cruz (RS)";"1126736"
"4322806";"Veranópolis (RS)";"2395417"
"4322855";"Vespasiano Corrêa (RS)";"104348"
"4322905";"Viadutos (RS)";"191223"
"4323002";"Viamão (RS)";"5545184"
"4323101";"Vicente Dutra (RS)";"147864"
"4323200";"Victor Graeff (RS)";"235754"
"4323309";"Vila Flores (RS)";"376709"
"4323358";"Vila Lângaro (RS)";"155271"
"4323408";"Vila Maria (RS)";"393600"
"4323457";"Vila Nova do Sul (RS)";"217498"
"4323507";"Vista Alegre (RS)";"137185"
"4323606";"Vista Alegre do Prata (RS)";"76367"
"4323705";"Vista Gaúcha (RS)";"94256"
"4323754";"Vitória das Missões (RS)";"89071"
"4323770";"Westfália (RS)";"234678"
"4323804";"Xangri-lá (RS)";"914704"
"5000203";"Água Clara (MS)";"1544633"
"5000252";"Alcinópolis (MS)";"384368"
"5000609";"Amambai (MS)";"2426261"
"5000708";"Anastácio (MS)";"783841"
"5000807";"Anaurilândia (MS)";"623710"
"5000856";"Angélica (MS)";"1243471"
"5000906";"Antônio João (MS)";"851781"
"5001003";"Aparecida do Taboado (MS)";"2189222"
"5001102";"Aquidauana (MS)";"1437451"
"5001243";"Aral Moreira (MS)";"1348752"
"5001508";"Bandeirantes (MS)";"1001346"
"5001904";"Bataguassu (MS)";"1841917"
"5002001";"Batayporã (MS)";"784829"
"5002100";"Bela Vista (MS)";"1176300"
"5002159";"Bodoquena (MS)";"386420"
"5002209";"Bonito (MS)";"1586577"
"5002308";"Brasilândia (MS)";"1159417"
"5002407";"Caarapó (MS)";"2553085"
"5002605";"Camapuã (MS)";"872276"
"5002704";"Campo Grande (MS)";"42269768"
"5002803";"Caracol (MS)";"251148"
"5002902";"Cassilândia (MS)";"1059973"
"5002951";"Chapadão do Sul (MS)";"3329527"
"5003108";"Corguinho (MS)";"172551"
"5003157";"Coronel Sapucaia (MS)";"388241"
"5003207";"Corumbá (MS)";"4187429"
"5003256";"Costa Rica (MS)";"3341491"
"5003306";"Coxim (MS)";"1400833"
"5003454";"Deodápolis (MS)";"712633"
"5003488";"Dois Irmãos do Buriti (MS)";"456777"
"5003504";"Douradina (MS)";"259999"
"5003702";"Dourados (MS)";"20257953"
"5003751";"Eldorado (MS)";"704592"
"5003801";"Fátima do Sul (MS)";"769333"
"5003900";"Figueirão (MS)";"186835"
"5004007";"Glória de Dourados (MS)";"449930"
"5004106";"Guia Lopes da Laguna (MS)";"477600"
"5004304";"Iguatemi (MS)";"962593"
"5004403";"Inocência (MS)";"946307"
"5004502";"Itaporã (MS)";"1525654"
"5004601";"Itaquiraí (MS)";"1546553"
"5004700";"Ivinhema (MS)";"2005469"
"5004809";"Japorã (MS)";"242175"
"5004908";"Jaraguari (MS)";"717701"
"5005004";"Jardim (MS)";"1130237"
"5005103";"Jateí (MS)";"729978"
"5005152";"Juti (MS)";"517930"
"5005202";"Ladário (MS)";"420685"
"5005251";"Laguna Carapã (MS)";"1257650"
"5005400";"Maracaju (MS)";"5921262"
"5005608";"Miranda (MS)";"782435"
"5005681";"Mundo Novo (MS)";"1018195"
"5005707";"Naviraí (MS)";"3670207"
"5005806";"Nioaque (MS)";"618784"
"5006002";"Nova Alvorada do Sul (MS)";"2592615"
"5006200";"Nova Andradina (MS)";"3568745"
"5006259";"Novo Horizonte do Sul (MS)";"450886"
"5006275";"Paraíso das Águas (MS)";"1389706"
"5006309";"Paranaíba (MS)";"2012106"
"5006358";"Paranhos (MS)";"371183"
"5006408";"Pedro Gomes (MS)";"460934"
"5006606";"Ponta Porã (MS)";"6069790"
"5006903";"Porto Murtinho (MS)";"571511"
"5007109";"Ribas do Rio Pardo (MS)";"3353286"
"5007208";"Rio Brilhante (MS)";"3833911"
"5007307";"Rio Negro (MS)";"170386"
"5007406";"Rio Verde de Mato Grosso (MS)";"926597"
"5007505";"Rochedo (MS)";"352337"
"5007554";"Santa Rita do Pardo (MS)";"642967"
"5007695";"São Gabriel do Oeste (MS)";"2883850"
"5007703";"Sete Quedas (MS)";"493949"
"5007802";"Selvíria (MS)";"2691218"
"5007901";"Sidrolândia (MS)";"4102346"
"5007935";"Sonora (MS)";"1489093"
"5007950";"Tacuru (MS)";"378151"
"5007976";"Taquarussu (MS)";"215369"
"5008008";"Terenos (MS)";"1348544"
"5008305";"Três Lagoas (MS)";"14761816"
"5008404";"Vicentina (MS)";"384734"
"5100102";"Acorizal (MT)";"169373"
"5100201";"Água Boa (MT)";"2479715"
"5100250";"Alta Floresta (MT)";"3034593"
"5100300";"Alto Araguaia (MT)";"2036609"
"5100359";"Alto Boa Vista (MT)";"307732"
"5100409";"Alto Garças (MT)";"1233308"
"5100508";"Alto Paraguai (MT)";"171251"
"5100607";"Alto Taquari (MT)";"1194826"
"5100805";"Apiacás (MT)";"291453"
"5101001";"Araguaiana (MT)";"169005"
"5101209";"Araguainha (MT)";"31097"
"5101258";"Araputanga (MT)";"864362"
"5101308";"Arenápolis (MT)";"325467"
"5101407";"Aripuanã (MT)";"1451936"
"5101605";"Barão de Melgaço (MT)";"143657"
"5101704";"Barra do Bugres (MT)";"1774198"
"5101803";"Barra do Garças (MT)";"3537696"
"5101852";"Bom Jesus do Araguaia (MT)";"1001994"
"5101902";"Brasnorte (MT)";"2668091"
"5102504";"Cáceres (MT)";"2795729"
"5102603";"Campinápolis (MT)";"614856"
"5102637";"Campo Novo do Parecis (MT)";"7917233"
"5102678";"Campo Verde (MT)";"5099105"
"5102686";"Campos de Júlio (MT)";"2905079"
"5102694";"Canabrava do Norte (MT)";"299035"
"5102702";"Canarana (MT)";"3000654"
"5102793";"Carlinda (MT)";"423098"
"5102850";"Castanheira (MT)";"261557"
"5103007";"Chapada dos Guimarães (MT)";"1817596"
"5103056";"Cláudia (MT)";"1192573"
"5103106";"Cocalinho (MT)";"363690"
"5103205";"Colíder (MT)";"1958222"
"5103254";"Colniza (MT)";"852175"
"5103304";"Comodoro (MT)";"1088026"
"5103353";"Confresa (MT)";"1967776"
"5103361";"Conquista D'Oeste (MT)";"179152"
"5103379";"Cotriguaçu (MT)";"327751"
"5103403";"Cuiabá (MT)";"39050753"
"5103437";"Curvelândia (MT)";"135779"
"5103452";"Denise (MT)";"777254"
"5103502";"Diamantino (MT)";"5741878"
"5103601";"Dom Aquino (MT)";"724834"
"5103700";"Feliz Natal (MT)";"1151311"
"5103809";"Figueirópolis D'Oeste (MT)";"112557"
"5103858";"Gaúcha do Norte (MT)";"1385921"
"5103908";"General Carneiro (MT)";"506493"
"5103957";"Glória D'Oeste (MT)";"115168"
"5104104";"Guarantã do Norte (MT)";"1286329"
"5104203";"Guiratinga (MT)";"706016"
"5104500";"Indiavaí (MT)";"109660"
"5104526";"Ipiranga do Norte (MT)";"2175037"
"5104542";"Itanhangá (MT)";"856166"
"5104559";"Itaúba (MT)";"666707"
"5104609";"Itiquira (MT)";"2049319"
"5104807";"Jaciara (MT)";"1711568"
"5104906";"Jangada (MT)";"210301"
"5105002";"Jauru (MT)";"371424"
"5105101";"Juara (MT)";"1859025"
"5105150";"Juína (MT)";"1845536"
"5105176";"Juruena (MT)";"386051"
"5105200";"Juscimeira (MT)";"555049"
"5105234";"Lambari D'Oeste (MT)";"284219"
"5105259";"Lucas do Rio Verde (MT)";"8238966"
"5105309";"Luciara (MT)";"95374"
"5105507";"Vila Bela da Santíssima Trindade (MT)";"946663"
"5105580";"Marcelândia (MT)";"1029292"
"5105606";"Matupá (MT)";"1790694"
"5105622";"Mirassol d'Oeste (MT)";"1163379"
"5105903";"Nobres (MT)";"1492553"
"5106000";"Nortelândia (MT)";"399399"
"5106109";"Nossa Senhora do Livramento (MT)";"433626"
"5106158";"Nova Bandeirantes (MT)";"506046"
"5106174";"Nova Nazaré (MT)";"183702"
"5106182";"Nova Lacerda (MT)";"486837"
"5106190";"Nova Santa Helena (MT)";"483791"
"5106208";"Nova Brasilândia (MT)";"216720"
"5106216";"Nova Canaã do Norte (MT)";"1057942"
"5106224";"Nova Mutum (MT)";"7647129"
"5106232";"Nova Olímpia (MT)";"771964"
"5106240";"Nova Ubiratã (MT)";"3184847"
"5106257";"Nova Xavantina (MT)";"1185192"
"5106265";"Novo Mundo (MT)";"626984"
"5106273";"Novo Horizonte do Norte (MT)";"132646"
"5106281";"Novo São Joaquim (MT)";"930872"
"5106299";"Paranaíta (MT)";"833109"
"5106307";"Paranatinga (MT)";"2920746"
"5106315";"Novo Santo Antônio (MT)";"71503"
"5106372";"Pedra Preta (MT)";"1490775"
"5106422";"Peixoto de Azevedo (MT)";"1146389"
"5106455";"Planalto da Serra (MT)";"296060"
"5106505";"Poconé (MT)";"861874"
"5106653";"Pontal do Araguaia (MT)";"244682"
"5106703";"Ponte Branca (MT)";"49856"
"5106752";"Pontes e Lacerda (MT)";"2856805"
"5106778";"Porto Alegre do Norte (MT)";"558330"
"5106802";"Porto dos Gaúchos (MT)";"1444695"
"5106828";"Porto Esperidião (MT)";"323734"
"5106851";"Porto Estrela (MT)";"99847"
"5107008";"Poxoréu (MT)";"1242007"
"5107040";"Primavera do Leste (MT)";"8571209"
"5107065";"Querência (MT)";"3771292"
"5107107";"São José dos Quatro Marcos (MT)";"550358"
"5107156";"Reserva do Cabaçal (MT)";"54024"
"5107180";"Ribeirão Cascalheira (MT)";"814506"
"5107198";"Ribeirãozinho (MT)";"192864"
"5107206";"Rio Branco (MT)";"129895"
"5107248";"Santa Carmem (MT)";"1133113"
"5107263";"Santo Afonso (MT)";"193731"
"5107297";"São José do Povo (MT)";"70176"
"5107305";"São José do Rio Claro (MT)";"1683036"
"5107354";"São José do Xingu (MT)";"843182"
"5107404";"São Pedro da Cipa (MT)";"81085"
"5107578";"Rondolândia (MT)";"135694"
"5107602";"Rondonópolis (MT)";"16568250"
"5107701";"Rosário Oeste (MT)";"650377"
"5107743";"Santa Cruz do Xingu (MT)";"601239"
"5107750";"Salto do Céu (MT)";"120131"
"5107768";"Santa Rita do Trivelato (MT)";"1341337"
"5107776";"Santa Terezinha (MT)";"306137"
"5107792";"Santo Antônio do Leste (MT)";"1313632"
"5107800";"Santo Antônio de Leverger (MT)";"743717"
"5107859";"São Félix do Araguaia (MT)";"2351792"
"5107875";"Sapezal (MT)";"6410247"
"5107883";"Serra Nova Dourada (MT)";"160052"
"5107909";"Sinop (MT)";"11736047"
"5107925";"Sorriso (MT)";"13748757"
"5107941";"Tabaporã (MT)";"1540339"
"5107958";"Tangará da Serra (MT)";"5602200"
"5108006";"Tapurah (MT)";"2467467"
"5108055";"Terra Nova do Norte (MT)";"571448"
"5108105";"Tesouro (MT)";"326968"
"5108204";"Torixoréu (MT)";"241589"
"5108303";"União do Sul (MT)";"601637"
"5108352";"Vale de São Domingos (MT)";"81318"
"5108402";"Várzea Grande (MT)";"13984218"
"5108501";"Vera (MT)";"1504304"
"5108600";"Vila Rica (MT)";"920621"
"5108808";"Nova Guarita (MT)";"236922"
"5108857";"Nova Marilândia (MT)";"551799"
"5108907";"Nova Maringá (MT)";"1490869"
"5108956";"Nova Monte Verde (MT)";"441951"
"5200050";"Abadia de Goiás (GO)";"477983"
"5200100";"Abadiânia (GO)";"633025"
"5200134";"Acreúna (GO)";"1188179"
"5200159";"Adelândia (GO)";"59486"
"5200175";"Água Fria de Goiás (GO)";"476288"
"5200209";"Água Limpa (GO)";"74935"
"5200258";"Águas Lindas de Goiás (GO)";"3062185"
"5200308";"Alexânia (GO)";"1832281"
"5200506";"Aloândia (GO)";"66408"
"5200555";"Alto Horizonte (GO)";"623006"
"5200605";"Alto Paraíso de Goiás (GO)";"408322"
"5200803";"Alvorada do Norte (GO)";"223109"
"5200829";"Amaralina (GO)";"124601"
"5200852";"Americano do Brasil (GO)";"106099"
"5200902";"Amorinópolis (GO)";"130845"
"5201108";"Anápolis (GO)";"20432109"
"5201207";"Anhanguera (GO)";"26738"
"5201306";"Anicuns (GO)";"730524"
"5201405";"Aparecida de Goiânia (GO)";"20888937"
"5201454";"Aparecida do Rio Doce (GO)";"151337"
"5201504";"Aporé (GO)";"518582"
"5201603";"Araçu (GO)";"87232"
"5201702";"Aragarças (GO)";"360573"
"5201801";"Aragoiânia (GO)";"237889"
"5202155";"Araguapaz (GO)";"252818"
"5202353";"Arenópolis (GO)";"268947"
"5202502";"Aruanã (GO)";"379921"
"5202601";"Aurilândia (GO)";"111363"
"5202809";"Avelinópolis (GO)";"83608"
"5203104";"Baliza (GO)";"175462"
"5203203";"Barro Alto (GO)";"1686187"
"5203302";"Bela Vista de Goiás (GO)";"1983166"
"5203401";"Bom Jardim de Goiás (GO)";"418166"
"5203500";"Bom Jesus de Goiás (GO)";"1512295"
"5203559";"Bonfinópolis (GO)";"158520"
"5203575";"Bonópolis (GO)";"282294"
"5203609";"Brazabrantes (GO)";"106412"
"5203807";"Britânia (GO)";"305497"
"5203906";"Buriti Alegre (GO)";"561621"
"5203939";"Buriti de Goiás (GO)";"78971"
"5203962";"Buritinópolis (GO)";"68010"
"5204003";"Cabeceiras (GO)";"484328"
"5204102";"Cachoeira Alta (GO)";"365150"
"5204201";"Cachoeira de Goiás (GO)";"45522"
"5204250";"Cachoeira Dourada (GO)";"890576"
"5204300";"Caçu (GO)";"1219984"
"5204409";"Caiapônia (GO)";"1456338"
"5204508";"Caldas Novas (GO)";"3782024"
"5204557";"Caldazinha (GO)";"103502"
"5204607";"Campestre de Goiás (GO)";"78260"
"5204656";"Campinaçu (GO)";"135965"
"5204706";"Campinorte (GO)";"422671"
"5204805";"Campo Alegre de Goiás (GO)";"964885"
"5204854";"Campo Limpo de Goiás (GO)";"237751"
"5204904";"Campos Belos (GO)";"404844"
"5204953";"Campos Verdes (GO)";"80964"
"5205000";"Carmo do Rio Verde (GO)";"543627"
"5205059";"Castelândia (GO)";"140321"
"5205109";"Catalão (GO)";"10345993"
"5205208";"Caturaí (GO)";"126676"
"5205307";"Cavalcante (GO)";"373219"
"5205406";"Ceres (GO)";"986057"
"5205455";"Cezarina (GO)";"533170"
"5205471";"Chapadão do Céu (GO)";"2486006"
"5205497";"Cidade Ocidental (GO)";"1351013"
"5205513";"Cocalzinho de Goiás (GO)";"530183"
"5205521";"Colinas do Sul (GO)";"87397"
"5205703";"Córrego do Ouro (GO)";"87370"
"5205802";"Corumbá de Goiás (GO)";"340461"
"5205901";"Corumbaíba (GO)";"1081678"
"5206206";"Cristalina (GO)";"5707718"
"5206305";"Cristianópolis (GO)";"134732"
"5206404";"Crixás (GO)";"611859"
"5206503";"Cromínia (GO)";"140959"
"5206602";"Cumari (GO)";"115381"
"5206701";"Damianópolis (GO)";"59529"
"5206800";"Damolândia (GO)";"60604"
"5206909";"Davinópolis (GO)";"496504"
"5207105";"Diorama (GO)";"121731"
"5207253";"Doverlândia (GO)";"682108"
"5207352";"Edealina (GO)";"516263"
"5207402";"Edéia (GO)";"1196283"
"5207501";"Estrela do Norte (GO)";"113691"
"5207535";"Faina (GO)";"211347"
"5207600";"Fazenda Nova (GO)";"248809"
"5207808";"Firminópolis (GO)";"351013"
"5207907";"Flores de Goiás (GO)";"287569"
"5208004";"Formosa (GO)";"3918239"
"5208103";"Formoso (GO)";"133520"
"5208152";"Gameleira de Goiás (GO)";"244382"
"5208301";"Divinópolis de Goiás (GO)";"113665"
"5208400";"Goianápolis (GO)";"396359"
"5208509";"Goiandira (GO)";"210732"
"5208608";"Goianésia (GO)";"2691742"
"5208707";"Goiânia (GO)";"75780846"
"5208806";"Goianira (GO)";"1604687"
"5208905";"Goiás (GO)";"793947"
"5209101";"Goiatuba (GO)";"2725200"
"5209150";"Gouvelândia (GO)";"338160"
"5209200";"Guapó (GO)";"497334"
"5209291";"Guaraíta (GO)";"60565"
"5209408";"Guarani de Goiás (GO)";"100115"
"5209457";"Guarinos (GO)";"73547"
"5209606";"Heitoraí (GO)";"96557"
"5209705";"Hidrolândia (GO)";"1528149"
"5209804";"Hidrolina (GO)";"110997"
"5209903";"Iaciara (GO)";"265592"
"5209937";"Inaciolândia (GO)";"373361"
"5209952";"Indiara (GO)";"754047"
"5210000";"Inhumas (GO)";"1880643"
"5210109";"Ipameri (GO)";"2797965"
"5210158";"Ipiranga de Goiás (GO)";"95822"
"5210208";"Iporá (GO)";"1227631"
"5210307";"Israelândia (GO)";"90980"
"5210406";"Itaberaí (GO)";"2305609"
"5210562";"Itaguari (GO)";"126630"
"5210604";"Itaguaru (GO)";"119889"
"5210802";"Itajá (GO)";"188306"
"5210901";"Itapaci (GO)";"599908"
"5211008";"Itapirapuã (GO)";"300251"
"5211206";"Itapuranga (GO)";"734913"
"5211305";"Itarumã (GO)";"412359"
"5211404";"Itauçu (GO)";"359651"
"5211503";"Itumbiara (GO)";"6555376"
"5211602";"Ivolândia (GO)";"145722"
"5211701";"Jandaia (GO)";"446723"
"5211800";"Jaraguá (GO)";"1205296"
"5211909";"Jataí (GO)";"10026117"
"5212006";"Jaupaci (GO)";"112607"
"5212055";"Jesúpolis (GO)";"51232"
"5212105";"Joviânia (GO)";"423165"
"5212204";"Jussara (GO)";"884366"
"5212253";"Lagoa Santa (GO)";"67251"
"5212303";"Leopoldo de Bulhões (GO)";"452342"
"5212501";"Luziânia (GO)";"6264671"
"5212600";"Mairipotaba (GO)";"101348"
"5212709";"Mambaí (GO)";"139650"
"5212808";"Mara Rosa (GO)";"411528"
"5212907";"Marzagão (GO)";"76281"
"5212956";"Matrinchã (GO)";"225035"
"5213004";"Maurilândia (GO)";"327508"
"5213053";"Mimoso de Goiás (GO)";"179168"
"5213087";"Minaçu (GO)";"1286497"
"5213103";"Mineiros (GO)";"4536325"
"5213400";"Moiporá (GO)";"73136"
"5213509";"Monte Alegre de Goiás (GO)";"141790"
"5213707";"Montes Claros de Goiás (GO)";"818049"
"5213756";"Montividiu (GO)";"1619839"
"5213772";"Montividiu do Norte (GO)";"124015"
"5213806";"Morrinhos (GO)";"2524023"
"5213855";"Morro Agudo de Goiás (GO)";"68988"
"5213905";"Mossâmedes (GO)";"170963"
"5214002";"Mozarlândia (GO)";"1366986"
"5214051";"Mundo Novo (GO)";"319880"
"5214101";"Mutunópolis (GO)";"105711"
"5214408";"Nazário (GO)";"313258"
"5214507";"Nerópolis (GO)";"1548492"
"5214606";"Niquelândia (GO)";"1516123"
"5214705";"Nova América (GO)";"60721"
"5214804";"Nova Aurora (GO)";"71369"
"5214838";"Nova Crixás (GO)";"932185"
"5214861";"Nova Glória (GO)";"196168"
"5214879";"Nova Iguaçu de Goiás (GO)";"72975"
"5214903";"Nova Roma (GO)";"80910"
"5215009";"Nova Veneza (GO)";"261701"
"5215207";"Novo Brasil (GO)";"105687"
"5215231";"Novo Gama (GO)";"1349983"
"5215256";"Novo Planalto (GO)";"190862"
"5215306";"Orizona (GO)";"1147584"
"5215405";"Ouro Verde de Goiás (GO)";"217326"
"5215504";"Ouvidor (GO)";"486717"
"5215603";"Padre Bernardo (GO)";"1036141"
"5215652";"Palestina de Goiás (GO)";"259528"
"5215702";"Palmeiras de Goiás (GO)";"2083486"
"5215801";"Palmelo (GO)";"58941"
"5215900";"Palminópolis (GO)";"233772"
"5216007";"Panamá (GO)";"207977"
"5216304";"Paranaiguara (GO)";"317830"
"5216403";"Paraúna (GO)";"1824836"
"5216452";"Perolândia (GO)";"790811"
"5216809";"Petrolina de Goiás (GO)";"244843"
"5216908";"Pilar de Goiás (GO)";"121147"
"5217104";"Piracanjuba (GO)";"1311747"
"5217203";"Piranhas (GO)";"953112"
"5217302";"Pirenópolis (GO)";"830089"
"5217401";"Pires do Rio (GO)";"1928362"
"5217609";"Planaltina (GO)";"1939904"
"5217708";"Pontalina (GO)";"840052"
"5218003";"Porangatu (GO)";"2072827"
"5218052";"Porteirão (GO)";"388339"
"5218102";"Portelândia (GO)";"305584"
"5218300";"Posse (GO)";"938125"
"5218391";"Professor Jamil (GO)";"86823"
"5218508";"Quirinópolis (GO)";"3123504"
"5218607";"Rialma (GO)";"410814"
"5218706";"Rianápolis (GO)";"125402"
"5218789";"Rio Quente (GO)";"579154"
"5218805";"Rio Verde (GO)";"22310032"
"5218904";"Rubiataba (GO)";"767419"
"5219001";"Sanclerlândia (GO)";"279278"
"5219100";"Santa Bárbara de Goiás (GO)";"183431"
"5219209";"Santa Cruz de Goiás (GO)";"293229"
"5219258";"Santa Fé de Goiás (GO)";"350881"
"5219308";"Santa Helena de Goiás (GO)";"1995752"
"5219357";"Santa Isabel (GO)";"147694"
"5219407";"Santa Rita do Araguaia (GO)";"216189"
"5219456";"Santa Rita do Novo Destino (GO)";"179620"
"5219506";"Santa Rosa de Goiás (GO)";"100777"
"5219605";"Santa Tereza de Goiás (GO)";"105474"
"5219704";"Santa Terezinha de Goiás (GO)";"259907"
"5219712";"Santo Antônio da Barra (GO)";"329277"
"5219738";"Santo Antônio de Goiás (GO)";"200106"
"5219753";"Santo Antônio do Descoberto (GO)";"972899"
"5219803";"São Domingos (GO)";"276813"
"5219902";"São Francisco de Goiás (GO)";"173869"
"5220009";"São João d'Aliança (GO)";"597270"
"5220058";"São João da Paraúna (GO)";"148707"
"5220108";"São Luís de Montes Belos (GO)";"2008425"
"5220157";"São Luiz do Norte (GO)";"221723"
"5220207";"São Miguel do Araguaia (GO)";"880802"
"5220264";"São Miguel do Passa Quatro (GO)";"337469"
"5220280";"São Patrício (GO)";"66124"
"5220405";"São Simão (GO)";"2537275"
"5220454";"Senador Canedo (GO)";"5495055"
"5220504";"Serranópolis (GO)";"819680"
"5220603";"Silvânia (GO)";"1594191"
"5220686";"Simolândia (GO)";"233339"
"5220702";"Sítio d'Abadia (GO)";"104248"
"5221007";"Taquaral de Goiás (GO)";"97090"
"5221080";"Teresina de Goiás (GO)";"47499"
"5221197";"Terezópolis de Goiás (GO)";"258448"
"5221304";"Três Ranchos (GO)";"96756"
"5221403";"Trindade (GO)";"3631624"
"5221452";"Trombas (GO)";"82138"
"5221502";"Turvânia (GO)";"359274"
"5221551";"Turvelândia (GO)";"757326"
"5221577";"Uirapuru (GO)";"86672"
"5221601";"Uruaçu (GO)";"1637352"
"5221700";"Uruana (GO)";"405664"
"5221809";"Urutaí (GO)";"152304"
"5221858";"Valparaíso de Goiás (GO)";"3621840"
"5221908";"Varjão (GO)";"122376"
"5222005";"Vianópolis (GO)";"914943"
"5222054";"Vicentinópolis (GO)";"677600"
"5222203";"Vila Boa (GO)";"201846"
"5222302";"Vila Propício (GO)";"444209"
"5300108";"Brasília (DF)";"365669108"
"Fonte: IBGE, em parceria com os Órgãos Estaduais de Estatística, Secretarias Estaduais de Governo e Superintendência da Zona Franca de Manaus - SUFRAMA"

"Notas"
"1 - Os dados de 2022 e 2023 estarão sujeitos a revisão na próxima publicação."
"2 - Para os anos de 2022 e 2023 foram divulgados apenas o Produto Interno Bruto e o Produto Interno Bruto per capita, conforme a nota técnica 02/2024 do Sistema de Contas Nacionais, que pode ser acessada em https://biblioteca.ibge.gov.br/visualizacao/livros/liv102094.pdf."
"3 - Os dados da série retropolada (de 2002 a 2009) também têm como referência o ano de 2010, seguindo a nova referência das Contas Nacionais."
""
"Legenda"
"Símbolo";"Significado"
"-";"Zero absoluto, não resultante de um cálculo ou arredondamento.
Ex: Em determinado município não existem pessoas de 14 anos de idade sem instrução."
"0";"Zero resultante de um cálculo ou arredondamento.
Ex: A inflação do feijão em determinada Região Metropolitana foi 0.
Determinado município produziu 400 kg de sementes de girassol e os dados da tabela são expressos em toneladas."
"X";"Valor inibido para não identificar o informante.
Ex: Determinado município só possui uma empresa produtora de cimento, logo o valor de sua produção deve ser inibido."
"..";"Valor não se aplica.
Ex: Não se pode obter o total da produção agrícola em determinado município quando os produtos agrícolas são contabilizados com unidades de medida distintas."
"...";"Valor não disponível.
Ex: A produção de feijão em determinado município não foi pesquisada ou determinado município não existia no ano da pesquisa."
"A a Z
(exceto X)";"Significa uma faixa de valores. Varia em função da tabela (se for o caso).
Ex: O nível de precisão da produção estimada de combustíveis está na faixa A (95 a 100%)"
